Player Name,Score,Character,Vehicle,Glider,Tires
Mattew,114981,Heavy Mii,Blue Falcon,Super Glider,Slim
Del,98522,Male Villager,Standard Kart,Super Glider,Off-Road
Alexal,49092,King Boo,W 25 Silver Arrow,Super Glider,Button
Danny,110439,Morton,Splat Buggy,Super Glider,Slim
Mattew,93528,King Boo,Blue Falcon,Super Glider,Slim
Toopa,81759,Dark Blue Inkling Boy,Streetle,Parafoil,Roller
ゆゆゆ,116636,Bowser,Sport Bike,Wario Wing,Slick
Xander,107500,Wario,Splat Buggy,Super Glider,Slim
Xander,127516,Morton,Splat Buggy,Super Glider,Slim
Xander,110940,Wario,Splat Buggy,Super Glider,Off-Road
Xander,126256,Morton,Splat Buggy,Super Glider,Slim
Danny,114754,Morton,Splat Buggy,Super Glider,Slim
Xander,123003,Morton,Tanooki Kart,Parachute,Roller
Danny,110212,Morton,Splat Buggy,Super Glider,Slim
Danny,123290,Wario,Steel Driver,Super Glider,Roller
Xander,122369,Morton,Streetle,Parachute,Roller
Shadman,97383,Mario,Standard Kart,Super Glider,Standard
Wariuzzo,83975,Pink Gold Peach,City Tripper,Super Glider,Slick
Mio,104115,Heavy Mii,P-Wing,Plane Glider,Crimson Slim
Wariuzzo,80180,Pink Gold Peach,City Tripper,Peach Parasol,Slick
TylerR,85152,Roy,Biddybuggy,Cloud Glider,Leaf Tires
PreyingShark,89942,Dry Bowser,Sneeker,Super Glider,Crimson Slim
Danny,113199,Morton,Splat Buggy,Super Glider,Slim
Issem,87027,King Boo,Pipe Frame,Parachute,Slim
Issem,66877,King Boo,Pipe Frame,Parachute,Slim
SeLe,109907,Morton,Streetle,Super Glider,Slim
Issem,90925,King Boo,Pipe Frame,Parachute,Slim
Issem,87138,King Boo,Pipe Frame,Parachute,Slim
ひす,125009,Wario,Pipe Frame,Super Glider,Slim
Peze,110800,Morton,Circuit Special,Super Glider,Off-Road
Del,64802,Bowser Jr.,Standard Kart,Super Glider,Button
Del,97606,Male Villager,Standard Kart,Super Glider,Off-Road
Del,85806,Morton,Standard Kart,Super Glider,Off-Road
パステル,105171,Bowser,Comet,Super Glider,Slim
Shadman,96046,Mario,Standard Kart,Super Glider,Standard
ゆゆゆ,118616,Bowser,Sport Bike,Wario Wing,Slim
パステル,75664,Bowser,Comet,Super Glider,Slim
Del,66603,King Boo,Circuit Special,Super Glider,Standard
Issem,81756,King Boo,Pipe Frame,Parachute,Slim
DwayneP,92205,Link,Master Cycle,Plane Glider,Leaf Tires
Mattew,123103,Heavy Mii,Blue Falcon,Super Glider,Button
DestinyCst,96688,Rosalina,Blue Falcon,Super Glider,Cyber Slick
Del,90612,Morton,Standard Kart,Super Glider,Off-Road
KevinCst,97465,Heavy Mii,Circuit Special,Super Glider,Standard
Xander,128533,Morton,Splat Buggy,Super Glider,Slim
Danny,108123,Morton,Splat Buggy,Super Glider,Slim
Del,91942,Male Villager,Standard Kart,Super Glider,Off-Road
Doodle,103526,Dry Bowser,Comet,Cloud Glider,Roller
Del,82438,Orange Inkling Girl,Circuit Special,Super Glider,Off-Road
Del,91451,Male Villager,Standard Kart,Super Glider,Off-Road
Mattew,120595,Heavy Mii,Mach 8,Super Glider,Cyber Slick
Issem,90606,Dry Bowser,Circuit Special,Bowser Kite,Slim
DwayneP,78496,Morton,Sport Bike,Bowser Kite,Leaf Tires
Del,85800,Male Villager,Standard Kart,Super Glider,Off-Road
Mattew,110980,Morton,Blue Falcon,Super Glider,Slim
Mattew,89782,Morton,Blue Falcon,Paper Glider,Leaf Tires
Danny,77676,Morton,Splat Buggy,Super Glider,Slim
Toopa,75058,Orange Inkling Girl,Streetle,Parafoil,Roller
ドルフィンみさき,123973,Morton,Steel Driver,Super Glider,Off-Road
B!KZO,126898,Morton,Master Cycle,Super Glider,Slim
Mattew,116414,Heavy Mii,Blue Falcon,Super Glider,Blue Standard
パステル,91994,Bowser,Sport Bike,Super Glider,Standard
Danny,113630,Morton,Splat Buggy,Super Glider,Slim
Xander,115937,Wario,Streetle,Super Glider,Slim
Mattew,87419,Morton,Gold Standard,Super Glider,Cyber Slick
Mon,113517,Bowser,Streetle,Plane Glider,Slim
Mattew,125964,Morton,Blue Falcon,Super Glider,Crimson Slim
SeLe,68713,Morton,Splat Buggy,Super Glider,Slim
Del,98287,Morton,Streetle,Super Glider,Standard
Davi,110548,Morton,Circuit Special,Parachute,Slim
Dragnir,107692,Dry Bowser,Streetle,Super Glider,Roller
Danny,91044,Morton,Splat Buggy,Super Glider,Slim
Danny,59793,Morton,Splat Buggy,Super Glider,Slim
Army,79156,Waluigi,Biddybuggy,Paper Glider,Azure Roller
Xander,126196,Morton,Splat Buggy,Super Glider,Slim
Danny,112791,Morton,Splat Buggy,Super Glider,Slim
Crazykonga,102184,Dry Bowser,Wild Wiggler,Super Glider,Slim
Darky,46851,Luigi,Standard Bike,Cloud Glider,Leaf Tires
Play,92236,Dark Blue Yoshi,Splat Buggy,Plane Glider,Slim
Dash,87580,Daisy,Streetle,Super Glider,Roller
Danny,96977,Morton,Splat Buggy,Super Glider,Slim
Danny,94411,Morton,Splat Buggy,Super Glider,Slim
Danny,89002,Morton,Splat Buggy,Super Glider,Slim
Wariuzzo,79644,Pink Gold Peach,City Tripper,Super Glider,Slick
Jimmy,59114,Dry Bowser,Splat Buggy,Super Glider,Slim
Nick,96881,Tanooki Mario,Splat Buggy,Super Glider,Roller
Cole,109977,Morton,Splat Buggy,Super Glider,Slim
Joel,108707,Wario,Streetle,Super Glider,Azure Roller
Elpis,110118,Dry Bowser,Streetle,Super Glider,Roller
Angryfast,109033,Dry Bowser,Streetle,Super Glider,Roller
Danny,75480,Morton,Splat Buggy,Super Glider,Slim
Danny,93839,Morton,Splat Buggy,Super Glider,Slim
PreyingShark,89255,Bowser Jr.,Standard Kart,Super Glider,Crimson Slim
アツサム,114857,Morton,Mach 8,Super Glider,Slick
Xander,113376,Morton,Streetle,Super Glider,Slim
Del,91996,Male Villager,Circuit Special,Super Glider,Retro Off-Road
Danny,95317,Morton,Splat Buggy,Super Glider,Slim
Mary,82606,Male Villager,Streetle,Plane Glider,Roller
Shaun,122020,Wario,Splat Buggy,Super Glider,Slim
Danny,84116,Morton,Splat Buggy,Super Glider,Slim
Danny,97612,Morton,Splat Buggy,Super Glider,Slim
Del,91043,King Boo,Splat Buggy,Super Glider,Retro Off-Road
Danny,94831,Morton,Splat Buggy,Super Glider,Slim
Danny,65856,Morton,Splat Buggy,Super Glider,Slim
Danny,67930,Morton,Splat Buggy,Super Glider,Slim
Danny,64461,Morton,Splat Buggy,Super Glider,Slim
Danny,91364,Morton,Splat Buggy,Super Glider,Slim
Danny,99626,Morton,Splat Buggy,Super Glider,Slim
Mary,83600,Metal Mario,Streetle,Plane Glider,Roller
Danny,92055,Morton,Splat Buggy,Super Glider,Slim
Danny,89258,Morton,Splat Buggy,Super Glider,Slim
Ronan,91754,Yoshi,Streetle,Hylian Kite,Roller
Danny,89366,Morton,Splat Buggy,Super Glider,Slim
purin,87318,Dry Bowser,Yoshi Bike,Parafoil,Slim
K4I,101980,Dry Bowser,W 25 Silver Arrow,Super Glider,Slim
Chris,88930,Toadette,Circuit Special,Super Glider,Triforce Tires
パステル,105023,Bowser,Sport Bike,Super Glider,Slim
B!KZO,109619,Morton,Cat Cruiser,Plane Glider,Slim
Stacy1199,77469,Heavy Mii,Splat Buggy,Parafoil,Slim
purin,122717,Dry Bowser,Comet,Parafoil,Slim
B!KZO,79276,Morton,Streetle,Plane Glider,Slim
B!KZO,120410,Morton,W 25 Silver Arrow,Plane Glider,Slim
Mattew,121560,Morton,Blue Falcon,Super Glider,Azure Roller
Danny,90772,Morton,Splat Buggy,Super Glider,Slim
B!KZO,114934,Morton,Streetle,Plane Glider,Slim
Issem,94100,King Boo,Splat Buggy,Super Glider,Slim
B!KZO,111199,Morton,W 25 Silver Arrow,Plane Glider,Slim
Danny,66772,Morton,Splat Buggy,Super Glider,Slim
Chris,90024,Toadette,Circuit Special,Super Glider,Triforce Tires
Wariuzzo,76180,Pink Gold Peach,City Tripper,Super Glider,Crimson Slim
Mary,87559,Metal Mario,Streetle,Plane Glider,Slim
Naoto,87988,Villager,Streetle,Parafoil,Slim
chun,65400,Bowser,Splat Buggy,MKTV Parafoil,Slim
Naoto,122145,Wario,Streetle,Parafoil,Roller
やまだ,110625,Heavy Mii,Wild Wiggler,Parachute,Crimson Slim
ス,125307,Morton,Streetle,Super Glider,Slim
B!KZO,125798,Morton,W 25 Silver Arrow,Plane Glider,Slim
Cynda,90117,Heavy Mii Varia,Streetle,Super Glider,Roller
Cynda,90089,Heavy Mii Varia,Streetle,Super Glider,Roller
Luigi_Fan2,85336,Luigi,Standard Kart,Super Glider,Standard
Luigi_Fan2,85234,Luigi,Standard Kart,Super Glider,Standard
Cynda,89605,Heavy Mii Varia,Streetle,Super Glider,Roller
chun,59721,Bowser,Circuit Special,MKTV Parafoil,Slim
Cynda,67746,Heavy Mii Varia,Streetle,Super Glider,Roller
Luigi_Fan2,65133,Wario,Splat Buggy,Super Glider,Slim
Luigi_Fan2,64850,Wario,Splat Buggy,Super Glider,Slim
Snowdog,73610,Morton,Circuit Special,Super Glider,Leaf Tires
Snowdog,87899,Morton,Circuit Special,Super Glider,Leaf Tires
Snowdog,67667,Morton,Circuit Special,Super Glider,Leaf Tires
Cynda,92972,Heavy Mii Varia,Streetle,Super Glider,Roller
Cynda,92908,Heavy Mii Varia,Streetle,Super Glider,Roller
Luigi_Fan2,67201,Donkey Kong,Splat Buggy,Super Glider,Slim
Snowdog,86995,Morton,Circuit Special,Super Glider,Leaf Tires
Cynda,92849,Heavy Mii Varia,Streetle,Super Glider,Roller
Luigi_Fan2,87046,Luigi,Standard Kart,Super Glider,Standard
Cynda,92546,Heavy Mii Varia,Streetle,Super Glider,Roller
Luigi_Fan2,96646,Luigi,Standard Kart,Super Glider,Standard
Danny,94135,Morton,Splat Buggy,Super Glider,Slim
Cynda,92271,Heavy Mii Varia,Streetle,Super Glider,Roller
Cynda,65155,Heavy Mii Varia,Streetle,Super Glider,Roller
Luigi_Fan2,91944,Luigi,Standard Kart,Super Glider,Standard
Cynda,63688,Heavy Mii Varia,Streetle,Super Glider,Roller
Danny,112539,Dry Bowser,Streetle,Plane Glider,Off-Road
Cynda,63537,Heavy Mii Varia,Streetle,Super Glider,Roller
Joel,109883,Dry Bowser,Streetle,Super Glider,Standard
Cynda,81612,Heavy Mii Varia,Streetle,Super Glider,Roller
Snowdog,84193,Morton,Circuit Special,Super Glider,Leaf Tires
Luigi_Fan2,96796,Wario,Sneeker,Super Glider,Slim
Shaun,82417,Morton,Streetle,MKTV Parafoil,Slim
Joel,109747,Dry Bowser,Streetle,Super Glider,Standard
Shaun,83485,Morton,Streetle,Super Glider,Slim
Cole,89467,Morton,Splat Buggy,Parachute,Slim
Cole,89360,Morton,Splat Buggy,Parachute,Slim
ゆゆゆ,116207,Bowser,Sport Bike,Wario Wing,Slick
Cynda,78786,Heavy Mii Varia,Streetle,Super Glider,Roller
Cynda,78017,Heavy Mii Varia,Streetle,Super Glider,Roller
にこら,113604,Morton,Splat Buggy,Super Glider,Slim
Joel,113436,Morton,Splat Buggy,Plane Glider,Slim
Cynda,77537,Heavy Mii Varia,Streetle,Super Glider,Roller
Leo,121803,Wario,Streetle,Super Glider,Roller
Shaun,86986,Heavy Mii,Streetle,Super Glider,Roller
Mattew,105781,Morton,Blue Falcon,Cloud Glider,Azure Roller
Joel,109717,Dry Bowser,Streetle,Super Glider,Standard
Joel,109647,Dry Bowser,Streetle,Plane Glider,Standard
Shaun,81856,Heavy Mii,Splat Buggy,Super Glider,Slim
ちん,124988,Morton,Streetle,Plane Glider,Slim
K4I,124834,Morton,W 25 Silver Arrow,MKTV Parafoil,Slim
K4I,112060,Morton,W 25 Silver Arrow,Super Glider,Slim
K4I,123730,Morton,W 25 Silver Arrow,MKTV Parafoil,Slim
K4I,127493,Wario,Splat Buggy,Plane Glider,Slim
K4I,109582,Wario,Splat Buggy,Plane Glider,Slim
K4I,109220,Bowser,Splat Buggy,Cloud Glider,Slim
K4I,122769,Wario,Splat Buggy,Plane Glider,Slim
Issem,81306,Dry Bowser,Streetle,Super Glider,Leaf Tires
Shaun,86298,Heavy Mii,Streetle,Super Glider,Slim
Ethan,113117,Wario,Splat Buggy,Parachute,Metal
K4I,101673,Bowser,Splat Buggy,Super Glider,Slim
パステル,104993,Heavy Mii,Jet Bike,Super Glider,Slim
Mick,72536,Dry Bowser,Splat Buggy,Super Glider,Slim
Cole,110337,Morton,Splat Buggy,Super Glider,Slim
Cole,109055,Morton,Splat Buggy,Super Glider,Slim
さくやん,125110,Bowser,Circuit Special,Plane Glider,Slim
ブラク,72659,Morton,Circuit Special,Super Glider,Crimson Slim
Shaun,125014,Morton,Circuit Special,Super Glider,Slim
K4I,102701,Wario,Splat Buggy,Flower Glider,Slim
Shaun,124998,Morton,Circuit Special,Super Glider,Slim
Shaun,124399,Morton,Splat Buggy,Super Glider,Slim
Shaun,124441,Morton,Splat Buggy,Super Glider,Slim
Mick,72024,Dry Bowser,Splat Buggy,Super Glider,Slim
Shaun,124361,Morton,Splat Buggy,Super Glider,Slim
Shaun,124284,Morton,Splat Buggy,Super Glider,Slim
Mick,72019,Dry Bowser,Splat Buggy,Super Glider,Slim
Mick,71908,Dry Bowser,Splat Buggy,Super Glider,Slim
Danny,76074,Wario,Splat Buggy,Super Glider,Slim
Danny,87160,Wario,Splat Buggy,Super Glider,Slim
Issem,90291,Dry Bowser,Splat Buggy,Cloud Glider,Slim
Xander,112210,Wario,Landship,Super Glider,Slim
K4I,120278,Dry Bowser,Splat Buggy,Super Glider,Slim
Shaun,124214,Morton,Splat Buggy,Super Glider,Slim
Mon,125580,Bowser,Circuit Special,Plane Glider,Slim
Shaun,124114,Morton,Splat Buggy,Super Glider,Slim
Hobbie,89420,Roy,Splat Buggy,Super Glider,Off-Road
Mikkums,80649,Dry Bowser,Comet,Flower Glider,Off-Road
vxlocity,113467,Bowser,Streetle,Super Glider,Slim
K4I,122496,Dry Bowser,Splat Buggy,Super Glider,Slim
Shaun,124036,Morton,Splat Buggy,Super Glider,Slim
Hobbie,90672,Dry Bowser,Splat Buggy,Super Glider,Off-Road
Davi,77220,King Boo,Splat Buggy,Super Glider,Slim
Davi,92122,Morton,Streetle,Super Glider,Slim
Shaun,123966,Morton,Splat Buggy,Super Glider,Slim
Leo,106646,Wario,Streetle,Super Glider,Slim
Domenico,104765,Morton,Splat Buggy,Super Glider,Slim
Danny,101644,Dry Bowser,Splat Buggy,Plane Glider,Slim
SeLe,112061,Morton,Streetle,Super Glider,Slim
Mon,101540,Bowser,Splat Buggy,Plane Glider,Slim
Mattew,112980,Morton,Blue Falcon,Super Glider,Slim
Shaun,122486,Morton,Splat Buggy,Super Glider,Slim
Shaun,122423,Morton,Splat Buggy,Super Glider,Slim
K4I,82726,Dry Bowser,Splat Buggy,Super Glider,Slim
Domenico,104988,Morton,Splat Buggy,Super Glider,Slim
Domenico,104832,Morton,Splat Buggy,Super Glider,Slim
Domenico,104371,Morton,Splat Buggy,Super Glider,Slim
Domenico,104311,Morton,Splat Buggy,Super Glider,Slim
Domenico,104267,Morton,Splat Buggy,Super Glider,Slim
うた,121942,Morton,Streetle,Hylian Kite,Slim
パステル,74559,Heavy Mii,Jet Bike,Super Glider,Slim
Davi,91241,Morton,Splat Buggy,Plane Glider,Crimson Slim
Peze,110698,Wario,Streetle,Paper Glider,Slim
Shaun,122665,Morton,Splat Buggy,Super Glider,Slim
Elpis,110616,Dry Bowser,Streetle,Super Glider,Roller
Elpis,109925,Dry Bowser,Streetle,Super Glider,Roller
Shaun,125348,Morton,Splat Buggy,Super Glider,Slim
Shaun,122584,Morton,Splat Buggy,Super Glider,Slim
Mattew,106098,Morton,Blue Falcon,Cloud Glider,Azure Roller
Mattew,105649,Morton,Blue Falcon,Super Glider,Azure Roller
Domenico,104202,Morton,Splat Buggy,Plane Glider,Slim
Shaun,122556,Morton,Splat Buggy,Super Glider,Slim
Kevin,109337,Heavy Mii Sonic,Streetle,Plane Glider,Roller
Play,95996,Morton,Streetle,Hylian Kite,Blue Standard
よっしー,122393,Heavy Mii Toad,Blue Falcon,Super Glider,Slim
Cynda,115452,Heavy Mii Varia,Streetle,Super Glider,Standard
Takemi,114986,Heavy Mii,Streetle,Super Glider,Off-Road
Cynda,114847,Heavy Mii Varia,Streetle,Super Glider,Triforce Tires
Cynda,114569,Heavy Mii Varia,Streetle,Super Glider,Triforce Tires
K4I,124851,Morton,W 25 Silver Arrow,Parachute,Slim
Katta,67618,Morton,Streetle,Parachute,Roller
Hobbie,89881,Dry Bowser,Splat Buggy,Super Glider,Off-Road
Tyler,106616,Morton,Streetle,Super Glider,Slim
Ronan,90140,Yoshi,Streetle,MKTV Parafoil,Button
Alex,121607,Heavy Mii Varia,Streetle,Parachute,Slim
Davi,118709,Dry Bowser,Streetle,Hylian Kite,Azure Roller
X treme,75915,King Boo,Streetle,Flower Glider,Roller
パステル,88585,Heavy Mii,Jet Bike,Super Glider,Slim
Crazykonga,122485,Dry Bowser,Wild Wiggler,Super Glider,Wood
Shaun,122375,Morton,Splat Buggy,Super Glider,Slim
Mon,111914,Bowser,Splat Buggy,Plane Glider,Slim
ガオー,120507,Dry Bowser,Streetle,Super Glider,Azure Roller
Naoto,86476,Link,Splat Buggy,MKTV Parafoil,Slim
カニ,113163,Wario,Sport Bike,Plane Glider,Crimson Slim
Crazykonga,114074,Dry Bowser,Wild Wiggler,Super Glider,Wood
K4I,122041,Wario,Splat Buggy,Super Glider,Slim
Crazykonga,122766,Dry Bowser,Wild Wiggler,Super Glider,Wood
chun,93777,Dry Bowser,Splat Buggy,MKTV Parafoil,Slim
Peze,109595,Morton,W 25 Silver Arrow,Super Glider,Slim
Mick,93547,Dry Bowser,Splat Buggy,Super Glider,Slim
Shaun,122172,Wario,Splat Buggy,Super Glider,Slim
K4I,118037,Wario,Streetle,Flower Glider,Roller
K4I,114354,Dry Bowser,Splat Buggy,Super Glider,Slim
Finn,81111,Dry Bowser,Circuit Special,Parachute,Slim
Leo,106529,Wario,Streetle,Super Glider,Slim
Danny,123639,Dry Bowser,W 25 Silver Arrow,Plane Glider,Slim
Maze,120225,Wario,Mach 8,Waddle Wing,Slim
Alex,122430,Heavy Mii Varia,Streetle,Parafoil,Slim
Dused,122455,Morton,Wild Wiggler,Super Glider,Off-Road
Alex,121396,Heavy Mii Varia,Streetle,Parafoil,Slim
Mattew,107549,Morton,Blue Falcon,Cloud Glider,Azure Roller
ちくわ,113216,Morton,Splat Buggy,Plane Glider,Slim
まさしん,109041,Dry Bowser,Streetle,Plane Glider,Standard
Mattew,106565,Morton,Blue Falcon,Super Glider,Leaf Tires
Power,87597,Roy,Streetle,Super Glider,Roller
Mattew,86833,Morton,Blue Falcon,Super Glider,Slim
Mattew,86716,Morton,Blue Falcon,Super Glider,Slim
Mattew,86700,Morton,Blue Falcon,Super Glider,Slim
Thomas,110990,Morton,Mach 8,Super Glider,Leaf Tires
Mattew,107506,Morton,Blue Falcon,Cloud Glider,Azure Roller
Mick,93101,Dry Bowser,Streetle,Super Glider,Slim
Gumer,112813,Morton,Streetle,Super Glider,Slim
Gumer,112697,Morton,Streetle,Super Glider,Slim
Gumer,112590,Morton,Streetle,Super Glider,Slim
X treme,76740,King Boo,Streetle,Flower Glider,Roller
X treme,105552,Morton,Streetle,Flower Glider,Roller
Joel,109029,Dry Bowser,Streetle,Super Glider,Roller
Joel,108978,Dry Bowser,Streetle,Super Glider,Roller
Kevin,80747,Heavy Mii Sonic,Streetle,Parachute,Slim
X treme,76695,King Boo,Streetle,Flower Glider,Roller
Crazykonga,82642,Dry Bowser,Wild Wiggler,Super Glider,Wood
Tyler,82596,Morton,Comet,Super Glider,Slim
Joel,113109,Morton,Blue Falcon,Super Glider,Slim
Joel,112980,Morton,Blue Falcon,Super Glider,Slim
Mary,84718,Male Villager,Streetle,Cloud Glider,Roller
Crazykonga,102224,Dry Bowser,Wild Wiggler,Super Glider,Wood
K4I,87115,Dry Bowser,Splat Buggy,Super Glider,Slim
K4I,102560,Bowser,Blue Falcon,Super Glider,Slim
K4I,123370,Morton,W 25 Silver Arrow,Cloud Glider,Slim
Shaun,125565,Morton,Splat Buggy,Super Glider,Slim
Joel,108852,Dry Bowser,Streetle,Super Glider,Roller
Mattew,105296,Morton,Streetle,Cloud Glider,Azure Roller
Ren,65892,Bowser,Pipe Frame,Plane Glider,Slim
Shaun,125481,Morton,Splat Buggy,Super Glider,Slim
Fant's,63325,King Boo,Streetle,Peach Parasol,Roller
Joel,108433,Dry Bowser,Streetle,Super Glider,Azure Roller
Leroy,59502,Wario,Splat Buggy,Super Glider,Slim
Nim,87884,Bowser,Streetle,Super Glider,Slim
X treme,76000,King Boo,Streetle,Flower Glider,Roller
X treme,105211,Morton,Streetle,Flower Glider,Roller
Gumer,112544,Wario,Streetle,Super Glider,Standard
Tossy,102669,Wario,Splat Buggy,Super Glider,Slim
ゆゆゆ,116046,Wario,Sport Bike,Wario Wing,Slick
ゆうじ,119937,Donkey Kong,Sneeker,Wario Wing,Roller
Anthony,86519,Wario,Jet Bike,Hylian Kite,Slim
Limit,124467,Morton,W 25 Silver Arrow,Super Glider,Slim
John,91815,Wario,Streetle,Super Glider,Roller
Gumer,112452,Wario,Streetle,Super Glider,Standard
どqw,115823,Wario,Blue Falcon,Peach Parasol,Slim
Hobbie,87991,Orange Inkling Girl,W 25 Silver Arrow,Super Glider,Off-Road
John,85349,Wario,Streetle,Super Glider,Blue Standard
X treme,104905,Wario,Streetle,Flower Glider,Roller
John,88456,Wario,Streetle,Super Glider,Blue Standard
ぎぞく,121211,Dry Bowser,Streetle,Plane Glider,Slim
Alex,121211,Heavy Mii Varia,Streetle,Parachute,Slim
Ethan,112297,Wario,Streetle,Super Glider,Standard
Elpis,86465,Pink Yoshi,Streetle,Super Glider,Azure Roller
Elpis,109221,Wario,Streetle,Super Glider,Azure Roller
Crazykonga,122254,Dry Bowser,Wild Wiggler,Super Glider,Wood
Power,62876,Male Villager,Streetle,Super Glider,Slim
Power,85867,Roy,Streetle,Super Glider,Slim
Power,88242,Wario,Streetle,Super Glider,Standard
Ethan,112201,Wario,Streetle,Super Glider,Standard
Shaun,122182,Wario,Splat Buggy,Super Glider,Slim
Hobbie,87694,Orange Inkling Girl,Streetle,Super Glider,Roller
Ethan,112079,Wario,Streetle,Super Glider,Standard
Play,87648,Heavy Mii,Splat Buggy,Plane Glider,Slim
Ethan,111883,Wario,Streetle,Super Glider,Standard
Dragnir,83782,Bowser Jr.,Streetle,Super Glider,Roller
Dragnir,107824,Dry Bowser,Streetle,Super Glider,Roller
エル,111709,Wario,Splat Buggy,Super Glider,Slim
Elpis,85854,Pink Yoshi,Streetle,Super Glider,Azure Roller
John,87447,Dry Bowser,Streetle,Super Glider,Button
Jacob,59524,Dry Bowser,Splat Buggy,Parafoil,Slim
エル,111771,Morton,Splat Buggy,Super Glider,Slim
エル,111760,Morton,Splat Buggy,Super Glider,Slim
Mick,84758,Orange Yoshi,Streetle,Super Glider,Roller
John,87601,Dry Bowser,Streetle,Super Glider,Blue Standard
Treat,107739,Bowser,Master Cycle,Wario Wing,Metal
Kevin,84423,Heavy Mii Sonic,Streetle,Super Glider,Roller
Liar,106183,Dry Bowser,Streetle,Super Glider,Roller
Danny,101415,Bowser,Splat Buggy,Plane Glider,Slim
Ace Tman,85763,White Shy Guy,Streetle,Plane Glider,Slim
Kevin,81141,Heavy Mii Sonic,Streetle,Plane Glider,Slim
John,79872,Dry Bowser,Streetle,Super Glider,Button
Mick,84167,Orange Yoshi,Streetle,Super Glider,Roller
John,85987,Dry Bowser,Streetle,Super Glider,Roller
Stacy1199,85326,Heavy Mii,Streetle,Bowser Kite,Standard
John,81066,Dry Bowser,Streetle,Super Glider,Off-Road
Snowdog,85587,Orange Yoshi,Streetle,Plane Glider,Slim
Dusse,126899,Morton,Sport Bike,Super Glider,Metal
K4I,122991,Dry Bowser,W 25 Silver Arrow,Flower Glider,Slim
Noko,112960,Bowser,Comet,Super Glider,Slim
Danny,110376,Donkey Kong,Sneeker,Plane Glider,Azure Roller
Cole,74404,Dry Bowser,Sport Bike,Super Glider,Cyber Slick
WEC Leroy,119886,Donkey Kong,Sneeker,Super Glider,Roller
44,78923,Bowser,Streetle,MKTV Parafoil,Slim
Nato,71657,Dry Bowser,Streetle,Super Glider,Standard
うた,119123,Dry Bowser,Streetle,Hylian Kite,Roller
John,87929,Dry Bowser,Streetle,Super Glider,Metal
K4I,100273,Donkey Kong,Biddybuggy,Super Glider,Azure Roller
Jimmy,92895,Dry Bowser,Standard Kart,Super Glider,Standard
ケーべルト,117495,Morton,Streetle,Super Glider,Roller
Nick,97413,Tanooki Mario,Splat Buggy,Super Glider,Roller
Thomas,110818,Heavy Mii,Mach 8,Plane Glider,Leaf Tires
Domenico,104139,Morton,Splat Buggy,Plane Glider,Slim
Domenico,112195,Morton,Splat Buggy,Parafoil,Slim
Kay,121594,Heavy Mii Crossing,Splat Buggy,Super Glider,Slim
Mick,62730,Orange Yoshi,Streetle,Super Glider,Roller
Leo,120865,Wario,Streetle,MKTV Parafoil,Roller
Domenico,104103,Morton,Splat Buggy,Super Glider,Slim
エル,111638,Wario,Splat Buggy,Super Glider,Slim
Mick,84012,Orange Yoshi,Streetle,Super Glider,Roller
うひ,123870,Bowser,Splat Buggy,Super Glider,Crimson Slim
Ren,115720,Morton,Mach 8,Plane Glider,Roller
Finn,64431,Orange Inkling Girl,Splat Buggy,Parachute,Slim
Crazykonga,122112,Dry Bowser,Wild Wiggler,Super Glider,Wood
John,82565,King Boo,Streetle,Super Glider,Roller
Alex,120998,Heavy Mii Varia,Streetle,Parachute,Slim
Ethan,111756,Wario,Streetle,Super Glider,Standard
Danny,113384,Bowser,Streetle,Plane Glider,Off-Road
Jelledot,108815,Morton,Comet,Super Glider,Slim
Jelledot,107799,Morton,Master Cycle,Wario Wing,Slick
ゆうじ,89243,Donkey Kong,Sneeker,Wario Wing,Roller
Cole,107505,Dry Bowser,Sport Bike,Super Glider,Cyber Slick
Kay,121909,Heavy Mii Crossing,Splat Buggy,Flower Glider,Slim
Cynda,119812,Heavy Mii Varia,Sneeker,Super Glider,Roller
John,64224,Morton,Splat Buggy,Plane Glider,Crimson Slim
Mick,83966,Orange Yoshi,Streetle,Super Glider,Roller
John,88403,Roy,Streetle,Super Glider,Off-Road
John,84817,Dry Bowser,Streetle,Super Glider,Off-Road
Nato,71595,Dry Bowser,Streetle,Super Glider,Standard
Nato,71860,Dry Bowser,Streetle,Super Glider,Standard
Larvitar,109091,Wario,W 25 Silver Arrow,Parafoil,Slim
Jelledot,107548,Dry Bowser,Master Cycle,Wario Wing,Cyber Slick
purin,107503,Dry Bowser,Master Cycle,Super Glider,Cyber Slick
Cole,107452,Dry Bowser,Sport Bike,Super Glider,Cyber Slick
Jelledot,74947,Dry Bowser,Master Cycle,Wario Wing,Cyber Slick
Cole,74223,Dry Bowser,Sport Bike,Super Glider,Cyber Slick
Nick,96834,Tanooki Mario,Splat Buggy,Super Glider,Roller
Jimmy,63933,Dry Bowser,Splat Buggy,Super Glider,Slim
Yui Funami,123336,Morton,W 25 Silver Arrow,Flower Glider,Slim
Mon,121422,Bowser,Splat Buggy,Plane Glider,Slim
X treme,125514,Wario,W 25 Silver Arrow,Plane Glider,Roller
Crazykonga,121946,Dry Bowser,Wild Wiggler,Super Glider,Wood
Björn,102085,Morton,Splat Buggy,Super Glider,Slim
Jimmy,64433,Dry Bowser,Splat Buggy,Super Glider,Slim
Zinc,91236,Dry Bowser,Splat Buggy,Plane Glider,Slim
John,115679,Wario,Mach 8,Plane Glider,Slim
Anthony,86648,Wario,Jet Bike,Waddle Wing,Slim
Joel,107816,Dry Bowser,Streetle,Super Glider,Azure Roller
Mick,60412,Orange Yoshi,Streetle,Super Glider,Roller
Domenico,104004,Morton,Splat Buggy,Super Glider,Slim
Domenico,103908,Morton,Splat Buggy,Super Glider,Slim
Toto,120902,Heavy Mii,Streetle,Cloud Glider,Roller
starxlx,93854,Morton,Streetle,Super Glider,Roller
さくやん,123895,Morton,Splat Buggy,Plane Glider,Slim
Peze,125196,Morton,Splat Buggy,Plane Glider,Slim
Nick,96231,Tanooki Mario,Splat Buggy,Super Glider,Roller
Shaun,123806,Morton,Splat Buggy,Super Glider,Slim
Leroy,59128,Wario,Splat Buggy,Super Glider,Slim
X treme,104161,Wario,Biddybuggy,Paper Glider,Azure Roller
Play,92736,Heavy Mii,Streetle,Cloud Glider,Blue Standard
Nick,96829,Tanooki Mario,Splat Buggy,Super Glider,Roller
Jimmy,62667,Dry Bowser,Streetle,Parachute,Roller
あやつじ,109170,Dry Bowser,Streetle,Super Glider,Roller
Play,66111,Heavy Mii,Splat Buggy,Super Glider,Slim
Jimmy,64650,Dry Bowser,Splat Buggy,Super Glider,Slim
Play,96495,Heavy Mii,Streetle,Cloud Glider,Blue Standard
Davi,76759,King Boo,Splat Buggy,Parachute,Crimson Slim
Mick,83505,Orange Yoshi,Streetle,Super Glider,Roller
Jimmy,63800,Dry Bowser,Splat Buggy,Super Glider,Slim
Pyrax,101351,Bowser,Splat Buggy,Plane Glider,Slim
Jimmy,62928,Dry Bowser,Streetle,Parachute,Roller
Jimmy,62840,Dry Bowser,Streetle,Parachute,Roller
Jimmy,61967,Dry Bowser,Streetle,Parachute,Slim
Jimmy,61822,Dry Bowser,Streetle,Parachute,Slim
Hobbie,87135,Metal Mario,Streetle,Super Glider,Roller
Jimmy,95297,Dry Bowser,Standard Kart,Super Glider,Standard
Cynda,87918,King Boo,Streetle,Super Glider,Roller
Hobbie,86791,Metal Mario,Streetle,Super Glider,Roller
Jimmy,94054,Dry Bowser,Standard Kart,Super Glider,Standard
Jimmy,92962,Dry Bowser,Standard Kart,Super Glider,Standard
Nato,71276,Dry Bowser,Streetle,Super Glider,Standard
John,86451,Dry Bowser,Streetle,Plane Glider,Slim
Toad King,84336,Dark Blue Inkling Boy,Streetle,Parafoil,Slim
Nick,97264,Tanooki Mario,Splat Buggy,Super Glider,Roller
Kins0,79271,King Boo,Sneeker,Parachute,Roller
Quento,66162,King Boo,Streetle,Parafoil,Slim
Nick,96763,Tanooki Mario,Splat Buggy,Super Glider,Roller
Nick,96466,Tanooki Mario,Splat Buggy,Super Glider,Roller
Issem,86784,King Boo,Streetle,Super Glider,Slim
Nim,87765,Bowser,Streetle,Super Glider,Slim
Jimmy,92731,Dry Bowser,Standard Kart,Super Glider,Standard
Davi,90966,Morton,Splat Buggy,Plane Glider,Crimson Slim
Jimmy,59069,Dry Bowser,Splat Buggy,Super Glider,Slim
K4I,101923,Morton,Splat Buggy,Super Glider,Slim
Jimmy,58966,Dry Bowser,Splat Buggy,Super Glider,Slim
K4I,82506,Dry Bowser,Splat Buggy,Super Glider,Slim
K4I,82414,Bowser,Splat Buggy,Super Glider,Slim
K4I,123303,Morton,W 25 Silver Arrow,Parachute,Slim
Peze,112662,Morton,Splat Buggy,Plane Glider,Slim
ちゃまお,62342,Wario,Streetle,Parafoil,Slim
Anthony,86636,Wario,Jet Bike,Hylian Kite,Slim
Finn,80369,Dry Bowser,Circuit Special,Parachute,Slim
Jujudut,106979,Heavy Mii Varia,Streetle,Parafoil,Roller
starxlx,92113,Morton,Streetle,Cloud Glider,Azure Roller
Luna,75810,Wario,Comet,Hylian Kite,Slim
Finn,80207,Dry Bowser,Circuit Special,Parachute,Slim
Linkos,123818,Heavy Mii,Wild Wiggler,Flower Glider,Azure Roller
Dusse,107389,Morton,Sport Bike,Super Glider,Slim
Finn,80007,Dry Bowser,Circuit Special,Parachute,Slim
K4I,112474,Morton,Splat Buggy,Cloud Glider,Slim
Finn,79716,Dry Bowser,Circuit Special,Parachute,Slim
Shaun,123740,Morton,Splat Buggy,Super Glider,Slim
X treme,104740,Wario,Streetle,Flower Glider,Roller
Domenico,112399,Morton,Splat Buggy,Parafoil,Slim
Domenico,112330,Morton,Splat Buggy,Parafoil,Slim
Peze,110135,Morton,Streetle,Plane Glider,Slim
vxlocity,113111,Dry Bowser,Streetle,Wario Wing,Slim
X treme,75860,King Boo,Streetle,Parachute,Roller
Davi,90924,Morton,Circuit Special,Plane Glider,Slim
Davi,119887,Dry Bowser,Streetle,Plane Glider,Crimson Slim
Davi,120122,Dry Bowser,Streetle,Plane Glider,Crimson Slim
Brent,110249,Waluigi,Sneeker,Plane Glider,Roller
Brent,110580,Donkey Kong,Sneeker,Paper Glider,Roller
Pyrax,101287,Bowser,Splat Buggy,Plane Glider,Slim
Leroy,58132,Wario,Mach 8,Wario Wing,Crimson Slim
Cynda,87813,King Boo,Streetle,Super Glider,Roller
Play,65306,Heavy Mii,Splat Buggy,Super Glider,Slim
Play,79987,Heavy Mii,Splat Buggy,Super Glider,Slim
さくやん,123712,Morton,Splat Buggy,Plane Glider,Slim
Shaun,123692,Bowser,Splat Buggy,Super Glider,Slim
Domenico,112324,Morton,Splat Buggy,Parafoil,Slim
Mattew,86533,Morton,Blue Falcon,Super Glider,Slim
Mon,82345,Bowser,Splat Buggy,Plane Glider,Slim
Dragnir,107434,Dry Bowser,Streetle,Super Glider,Roller
Leo,120439,Wario,Streetle,Super Glider,Roller
Power,101616,Wario,Streetle,Super Glider,Roller
K4I,101504,Morton,Splat Buggy,Paper Glider,Roller
Xander,109300,Morton,Streetle,Super Glider,Slim
Swift,110640,Wario,Yoshi Bike,Cloud Glider,Roller
B!KZO,125031,Morton,Splat Buggy,Plane Glider,Slim
44,78165,Dry Bowser,Streetle,Waddle Wing,Azure Roller
Shaun,124947,Morton,Splat Buggy,Super Glider,Slim
あお,101833,Morton,Pipe Frame,Super Glider,Slim
Jujudut,106365,Heavy Mii Toad,Wild Wiggler,Parafoil,Azure Roller
Cole,118176,Donkey Kong,Yoshi Bike,Cloud Glider,Leaf Tires
X treme,125858,Heavy Mii,W 25 Silver Arrow,Super Glider,Roller
Peze,125295,Dry Bowser,Mach 8,Super Glider,Slim
Naoto,74317,Wario,Comet,Super Glider,Slim
Peze,124953,Wario,Splat Buggy,Plane Glider,Slim
John,89617,Wario,Blue Falcon,Wario Wing,Roller
K4I,111675,Heavy Mii,W 25 Silver Arrow,Paper Glider,Slim
Domenico,111930,Morton,Splat Buggy,Parafoil,Roller
Justice,74482,Dry Bowser,Jet Bike,Plane Glider,Slim
Nim,87473,Bowser,Streetle,Super Glider,Crimson Slim
Shaun,124940,Morton,Splat Buggy,Super Glider,Slim
Shaun,124922,Morton,Splat Buggy,Super Glider,Slim
Shaun,124821,Morton,Splat Buggy,Super Glider,Slim
Mon,124707,Bowser,Splat Buggy,Plane Glider,Slim
あやつじ,108848,Dry Bowser,Streetle,Super Glider,Roller
Anthony,48403,Daisy,Wild Wiggler,Waddle Wing,Button
みそハーカー,76708,Morton,Sport Bike,Hylian Kite,Slim
Play,94889,Morton,Streetle,Hylian Kite,Roller
Play,94428,Morton,Streetle,Hylian Kite,Roller
Dragnir,65632,Dry Bowser,Streetle,Super Glider,Slim
Mick,61218,Orange Yoshi,Streetle,Super Glider,Roller
Davi,119373,Dry Bowser,Streetle,Plane Glider,Roller
まさしん,107741,Wario,Streetle,Super Glider,Roller
もぺち,123374,Wario,W 25 Silver Arrow,Paper Glider,Roller
Stacy1199,84734,Heavy Mii Yoshi,Streetle,Hylian Kite,Off-Road
flc,96308,Orange Inkling Girl,Wild Wiggler,Super Glider,Roller
しーる,111863,Morton,Wild Wiggler,Cloud Glider,Roller
Peka,125428,Wario,W 25 Silver Arrow,Plane Glider,Azure Roller
うた,119459,Dry Bowser,Streetle,Hylian Kite,Roller
Issem,89821,King Boo,W 25 Silver Arrow,Super Glider,Slim
starxlx,64644,Morton,Splat Buggy,Super Glider,Slim
Issem,89313,King Boo,W 25 Silver Arrow,Super Glider,Slim
ぴるくる,119580,Morton,Mach 8,Paper Glider,Leaf Tires
TylerR,87523,Morton,Standard Kart,Hylian Kite,Slim
Snowdog,85102,Orange Yoshi,Streetle,Plane Glider,Slim
Liar,105850,Dry Bowser,Streetle,Super Glider,Roller
からくり,111676,Morton,Streetle,Super Glider,Standard
starxlx,93539,Morton,Streetle,Super Glider,Roller
ハゼル,85687,Black Yoshi,Streetle,Parachute,Roller
さくやん,92495,Blue Yoshi,Splat Buggy,Plane Glider,Slim
Yui Funami,122917,Wario,W 25 Silver Arrow,Flower Glider,Wood
みるめーくくん,108694,King Boo,Biddybuggy,Cloud Glider,Roller
エル,111303,Wario,Splat Buggy,Super Glider,Slim
vxlocity,118592,Dry Bowser,Yoshi Bike,Wario Wing,Slim
Treat,73945,Wario,Sport Bike,Wario Wing,Slick
Snowdog,84987,Orange Yoshi,Streetle,Plane Glider,Slim
ゆうじ,89024,Donkey Kong,Sneeker,Wario Wing,Roller
みるめーくくん,108519,King Boo,Biddybuggy,Cloud Glider,Roller
Hobbie,86444,Metal Mario,Streetle,Super Glider,Roller
エル,85217,Link,Splat Buggy,Hylian Kite,Slim
Play,64546,Morton,Splat Buggy,Plane Glider,Slim
Shaun,113155,Heavy Mii,Wild Wiggler,Plane Glider,Slim
TylerR,79118,Morton,Streetle,Hylian Kite,Azure Roller
Alex,110704,Heavy Mii,Mach 8,Plane Glider,Crimson Slim
ぷれいやー,111846,Heavy Mii,Mach 8,Super Glider,Standard
Peze,109231,Morton,Streetle,Wario Wing,Azure Roller
Brent,109797,Donkey Kong,Sneeker,Plane Glider,Roller
Cole,88889,Dry Bowser,Sneeker,Peach Parasol,Roller
Mick,59659,Orange Yoshi,Streetle,Super Glider,Roller
あやつじ,109371,Dry Bowser,Streetle,Super Glider,Roller
cipher,90863,Morton,Circuit Special,Plane Glider,Crimson Slim
Davi,120537,Dry Bowser,Streetle,Parachute,Crimson Slim
cheLmi,115568,Wario,Splat Buggy,Cloud Glider,Azure Roller
Mattew,121490,Morton,Blue Falcon,Super Glider,Azure Roller
Cole,88758,Dry Bowser,Sneeker,Peach Parasol,Roller
Jimmy,81203,King Boo,Streetle,Super Glider,Roller
Crazykonga,120525,Dry Bowser,Standard Bike,Super Glider,Wood
Peze,109199,Morton,Streetle,Super Glider,Azure Roller
Peze,109175,Morton,Streetle,Super Glider,Azure Roller
Nim,88018,Bowser,Streetle,Super Glider,Slim
エセしんぷ,86616,Morton,Blue Falcon,Super Glider,Slim
Peze,109099,Morton,Streetle,Super Glider,Azure Roller
Alex,114041,Heavy Mii,Blue Falcon,Wario Wing,Crimson Slim
Alex,114023,Heavy Mii,Blue Falcon,Wario Wing,Crimson Slim
Peze,108969,Morton,W 25 Silver Arrow,Super Glider,Azure Roller
Hobbie,86206,Metal Mario,Streetle,Plane Glider,Roller
Brent,111035,Morton,Streetle,Plane Glider,Slim
Issem,89256,King Boo,Streetle,Super Glider,Roller
Sparks,90201,Morton,Blue Falcon,Super Glider,Slim
Origin,112479,Morton,Streetle,Plane Glider,Roller
Cole,88447,Donkey Kong,Sneeker,Peach Parasol,Roller
Danny,113097,Bowser,Streetle,Plane Glider,Off-Road
あお,87323,Dry Bowser,W 25 Silver Arrow,Cloud Glider,Leaf Tires
Swift,118261,Wario,Yoshi Bike,Wario Wing,Slim
Mattew,91328,Donkey Kong,Blue Falcon,Super Glider,Azure Roller
Pyrax,101246,Bowser,Splat Buggy,Plane Glider,Slim
Cole,88206,Donkey Kong,Sneeker,Super Glider,Roller
Xander,108862,Wario,Streetle,Hylian Kite,Roller
Mattew,121470,Morton,Blue Falcon,Super Glider,Azure Roller
Mattew,121381,Morton,Blue Falcon,Super Glider,Azure Roller
X treme,104411,Wario,Streetle,Cloud Glider,Roller
Jimmy,80776,King Boo,Streetle,Super Glider,Roller
Shaun,124817,Morton,Splat Buggy,Super Glider,Slim
John,79633,Wario,Splat Buggy,Plane Glider,Roller
Danny,81467,Dry Bowser,Streetle,Plane Glider,Off-Road
TylerR,83685,Light-blue Yoshi,Streetle,Hylian Kite,Azure Roller
vxlocity,112603,Wario,Streetle,Super Glider,Roller
starxlx,92805,Morton,Streetle,MKTV Parafoil,Roller
X treme,111520,Wario,W 25 Silver Arrow,Cloud Glider,Roller
Domenico,111514,Morton,Wild Wiggler,Parafoil,Azure Roller
Power,86644,Roy,Streetle,Paper Glider,Azure Roller
John,82968,Roy,Streetle,Wario Wing,Roller
kywi,91820,Donkey Kong,Pipe Frame,Super Glider,Slim
Nick,84213,Dry Bowser,Streetle,Super Glider,Roller
Shaun,123559,Bowser,Splat Buggy,Super Glider,Roller
Pyrax,101255,Bowser,Splat Buggy,Plane Glider,Slim
Tyler,110689,Morton,Mach 8,Plane Glider,Roller
Mattew,90896,Donkey Kong,Blue Falcon,Super Glider,Azure Roller
starxlx,92759,Morton,Streetle,Cloud Glider,Azure Roller
Kevin,107826,Heavy Mii,Biddybuggy,Parachute,Roller
みっと,84880,Metal Mario,Blue Falcon,MKTV Parafoil,Slim
Jimmy,64154,Dry Bowser,Splat Buggy,Plane Glider,Slim
Kevin,80345,Heavy Mii Wario,W 25 Silver Arrow,Plane Glider,Slim
Dread,83341,Lakitu,Standard Kart,Hylian Kite,Slim
Alexal,48749,Black Yoshi,300 SL Roadster,Parafoil,Button
うひ,123605,Bowser,Splat Buggy,Super Glider,Crimson Slim
Shaun,123564,Bowser,Splat Buggy,Super Glider,Slim
Cole,88017,Donkey Kong,Sneeker,Super Glider,Roller
Kay,121387,Heavy Mii Crossing,Splat Buggy,Super Glider,Azure Roller
Leo,120269,Wario,Streetle,Super Glider,Roller
Gumer,111641,Morton,Streetle,Super Glider,Standard
Larvitar,119373,Wario,Mach 8,Plane Glider,Leaf Tires
Cole,87925,Donkey Kong,Sneeker,Super Glider,Roller
Danny,112245,Dry Bowser,Streetle,Super Glider,Azure Roller
Danny,111986,Dry Bowser,Streetle,Super Glider,Azure Roller
X treme,125354,Wario,W 25 Silver Arrow,Plane Glider,Roller
Shaun,123501,Bowser,Splat Buggy,Super Glider,Roller
Shaun,123489,Bowser,Splat Buggy,Super Glider,Roller
Alex,110528,Heavy Mii,Mach 8,Plane Glider,Roller
Cole,107267,Dry Bowser,Sport Bike,Super Glider,Slim
Danny,112928,Dry Bowser,Streetle,Plane Glider,Azure Roller
Shaun,123432,Bowser,Splat Buggy,Super Glider,Roller
X treme,111372,Wario,W 25 Silver Arrow,Cloud Glider,Roller
Crazykonga,120485,Dry Bowser,Standard Bike,Super Glider,Wood
Naoto,74188,Wario,Comet,Super Glider,GLA Tires
Gumer,111567,Morton,Streetle,Super Glider,Roller
Mikkums,81490,Dry Bowser,Comet,Flower Glider,Retro Off-Road
Hobbie,91957,Dry Bowser,Streetle,Super Glider,Roller
あお,101365,Bowser,Splat Buggy,Plane Glider,Slim
Leroy,58771,Wario,Mach 8,Super Glider,Slim
Mick,90904,Dry Bowser,Streetle,Super Glider,Slim
TylerR,78978,Morton,Streetle,Super Glider,Leaf Tires
X treme,75572,King Boo,Streetle,Cloud Glider,Roller
Davi,90853,Dry Bowser,Circuit Special,Hylian Kite,Crimson Slim
Doodle,77681,Waluigi,Streetle,MKTV Parafoil,Roller
Peze,108626,Morton,Streetle,Cloud Glider,Roller
Peka,125364,Wario,Mach 8,Plane Glider,Azure Roller
Snowdog,84725,Donkey Kong,Streetle,Super Glider,Roller
ケーべルト,117288,Morton,Streetle,Super Glider,Roller
Cole,107092,Dry Bowser,Sport Bike,Super Glider,Slim
ガオー,120391,Wario,Streetle,Super Glider,Azure Roller
Snowdog,84421,Donkey Kong,Wild Wiggler,Cloud Glider,Roller
ステルス,119695,Dry Bowser,Mach 8,Super Glider,Slim
Davi,118998,Dry Bowser,Streetle,Hylian Kite,Roller
Larvitar,119256,Wario,Mach 8,Plane Glider,Leaf Tires
Harmonia,58959,Wario,Splat Buggy,Super Glider,Slim
flc,96417,Orange Inkling Girl,Wild Wiggler,Super Glider,Roller
Kevin,113596,Heavy Mii Cpt Falcon,W 25 Silver Arrow,Plane Glider,Slim
ゆゆゆ,103835,Wario,Yoshi Bike,Wario Wing,Roller
Horse,61799,Dry Bowser,Streetle,Wario Wing,Roller
purin,108382,Dry Bowser,Yoshi Bike,Parachute,Button
Dusse,126825,Morton,Sport Bike,Super Glider,Slim
Jazzy,84560,Morton,Streetle,Super Glider,Standard
Kamek,120390,Dry Bowser,Splat Buggy,Super Glider,Slim
Liar,105616,Dry Bowser,Streetle,Super Glider,Azure Roller
Issem,85430,Yellow Yoshi,Streetle,Parachute,Roller
Kevin,106405,Heavy Mii Fox,Biddybuggy,Parachute,Azure Roller
ドルフィンみさき,65484,Dry Bowser,W 25 Silver Arrow,Super Glider,Crimson Slim
Larvitar,108263,Wario,W 25 Silver Arrow,Bowser Kite,Leaf Tires
Alex,110436,Heavy Mii,Mach 8,Plane Glider,Azure Roller
Yui Funami,122360,Dry Bowser,W 25 Silver Arrow,Cloud Glider,Roller
Kevin,113203,Heavy Mii Fox,W 25 Silver Arrow,Plane Glider,Slim
TylerR,81410,Male Villager,Streetle,Cloud Glider,Azure Roller
からくり,111381,Morton,Streetle,Super Glider,Roller
どらさ,108107,Wario,Biddybuggy,Peach Parasol,Azure Roller
Jimmy,81658,King Boo,Streetle,Super Glider,Roller
Jimmy,64196,Dry Bowser,Splat Buggy,Plane Glider,Slim
Jimmy,86688,Dry Bowser,Streetle,Super Glider,Roller
Mick,86698,Dry Bowser,Streetle,Super Glider,Roller
John,84390,Dry Bowser,Streetle,Plane Glider,Off-Road
K4I,82265,Dry Bowser,W 25 Silver Arrow,Super Glider,Slim
Kamek,120289,Dry Bowser,Splat Buggy,Super Glider,Slim
SuperFX,107802,Heavy Mii,Biddybuggy,Waddle Wing,Roller
Kamek,120302,Dry Bowser,Splat Buggy,Super Glider,Slim
Nick,95942,Tanooki Mario,Splat Buggy,Cloud Glider,Roller
flc,95947,Orange Inkling Girl,Wild Wiggler,Cloud Glider,Roller
flc,96040,Orange Inkling Girl,Wild Wiggler,Cloud Glider,Roller
Davi,90715,Dry Bowser,Blue Falcon,Hylian Kite,Crimson Slim
うた,118741,Dry Bowser,Streetle,Hylian Kite,Roller
Danny,118812,Dry Bowser,Streetle,Super Glider,Azure Roller
starxlx,108959,Morton,Streetle,Parachute,Roller
Thurmos,108852,Wario,Streetle,Parachute,Roller
starxlx,108669,Morton,Streetle,Parafoil,Roller
starxlx,93396,Morton,Streetle,Peach Parasol,Roller
starxlx,93222,Morton,Streetle,Super Glider,Roller
starxlx,93029,Morton,Streetle,Peach Parasol,Roller
starxlx,92935,Morton,Streetle,Peach Parasol,Roller
starxlx,93491,Morton,Streetle,Peach Parasol,Roller
flc,95793,Orange Inkling Girl,Biddybuggy,Cloud Glider,Roller
Peze,108771,Morton,Streetle,Cloud Glider,Roller
Kevin,78765,Heavy Mii Fox,Pipe Frame,Parachute,Azure Roller
Kevin,113228,Heavy Mii Fox,W 25 Silver Arrow,Plane Glider,Slim
Kevin,113341,Heavy Mii Fox,W 25 Silver Arrow,Plane Glider,Slim
Kevin,113405,Heavy Mii Fox,W 25 Silver Arrow,Plane Glider,Slim
Kevin,113558,Heavy Mii Fox,W 25 Silver Arrow,Super Glider,Slim
Shaun,113389,Morton,Wild Wiggler,Super Glider,Crimson Slim
Shaun,113526,Morton,Wild Wiggler,Super Glider,Crimson Slim
Jimmy,63904,Dry Bowser,Splat Buggy,Super Glider,Slim
Jimmy,86629,Dry Bowser,Streetle,Super Glider,Roller
Jimmy,86595,Dry Bowser,Streetle,Super Glider,Roller
Jimmy,86554,Dry Bowser,Streetle,Super Glider,Roller
Jimmy,81108,King Boo,Streetle,Super Glider,Roller
Leroy,58855,Wario,Splat Buggy,Super Glider,Slim
Jimmy,58850,Dry Bowser,Splat Buggy,Super Glider,Slim
Leroy,58800,Wario,Mach 8,Super Glider,Slim
Dash,87417,Daisy,Streetle,Super Glider,Slim
Ethan,111301,Morton,Streetle,Hylian Kite,Azure Roller
Xander,111217,Wario,Streetle,Super Glider,Roller
Ethan,111162,Wario,Streetle,Hylian Kite,Azure Roller
SuperFX,107378,Heavy Mii,Biddybuggy,Waddle Wing,Roller
Peze,108524,Dry Bowser,W 25 Silver Arrow,Peach Parasol,Roller
Peze,108360,Morton,Streetle,Cloud Glider,Roller
しーる,111770,Morton,Wild Wiggler,Cloud Glider,Roller
X treme,104638,Wario,Streetle,Parafoil,Roller
Dragnir,122305,Dry Bowser,W 25 Silver Arrow,Cloud Glider,Roller
Swift,118208,Wario,Yoshi Bike,Wario Wing,Slim
Shaun,113444,Morton,Wild Wiggler,Super Glider,Crimson Slim
X treme,104614,Wario,Streetle,Cloud Glider,Roller
X treme,104503,Wario,Streetle,Cloud Glider,Roller
Pyrax,101127,Bowser,Splat Buggy,Plane Glider,Slim
Kamek,120287,Dry Bowser,Splat Buggy,Super Glider,Slim
Shaun,113218,Heavy Mii,Wild Wiggler,Plane Glider,Slim
Pyrus,110526,Morton,Splat Buggy,Plane Glider,Crimson Slim
Linkos,123979,Heavy Mii,Wild Wiggler,Flower Glider,Azure Roller
Linkos,123846,Heavy Mii,Wild Wiggler,Flower Glider,Azure Roller
Swift,118192,Wario,Yoshi Bike,Wario Wing,Slim
K4I,101454,Morton,Splat Buggy,Paper Glider,Roller
K4I,101392,Dry Bowser,Splat Buggy,Paper Glider,Roller
K4I,101067,Wario,Splat Buggy,Super Glider,Roller
Gumer,111463,Morton,Streetle,Super Glider,Roller
ぺんぎんさむらい,122700,Dry Bowser,Comet,Cloud Glider,Azure Roller
Shaun,123350,Bowser,Wild Wiggler,Super Glider,Roller
kywi,91729,Donkey Kong,Pipe Frame,Super Glider,Crimson Slim
X treme,75615,King Boo,Streetle,Parafoil,Roller
Larvitar,107977,Wario,Biddybuggy,Bowser Kite,Leaf Tires
Larvitar,107892,Wario,Biddybuggy,Bowser Kite,Leaf Tires
Larvitar,107839,Wario,Biddybuggy,Bowser Kite,Leaf Tires
Larvitar,107778,Wario,Biddybuggy,Bowser Kite,Leaf Tires
Larvitar,107692,Wario,Biddybuggy,MKTV Parafoil,Leaf Tires
Larvitar,107617,Wario,Biddybuggy,MKTV Parafoil,Leaf Tires
Larvitar,119310,Dry Bowser,Mach 8,Super Glider,Leaf Tires
Dread,84248,Donkey Kong,Wild Wiggler,Flower Glider,Roller
Mary,80316,Gold Mario,Pipe Frame,Super Glider,Roller
Origin,112509,Morton,Streetle,Paper Glider,Roller
Mattew,91013,Donkey Kong,Blue Falcon,Super Glider,Azure Roller
Nato,71223,Dry Bowser,Streetle,Super Glider,Standard
Snowdog,84190,Donkey Kong,Wild Wiggler,Flower Glider,Roller
ハゼル,85738,Black Yoshi,Streetle,Parachute,Roller
Play,84093,Blue Yoshi,Streetle,Cloud Glider,Roller
Larvitar,107492,Wario,Biddybuggy,MKTV Parafoil,Leaf Tires
Mick,87353,Dry Bowser,Streetle,Super Glider,Slim
TylerR,81911,Light-blue Yoshi,Streetle,Cloud Glider,Leaf Tires
Mick,87178,Dry Bowser,Streetle,Super Glider,Slim
Mick,86868,Dry Bowser,Streetle,Super Glider,Slim
Mary,79450,Heavy Mii,Splat Buggy,Cloud Glider,Roller
Play,80423,Morton,W 25 Silver Arrow,Plane Glider,Slim
Mattew,90517,Donkey Kong,Blue Falcon,Super Glider,Azure Roller
Luna,76680,Morton,Comet,Hylian Kite,Slim
Play,92560,Heavy Mii,Splat Buggy,Parafoil,Slim
Mick,91731,Dry Bowser,Streetle,Super Glider,Roller
Anthony,48159,Daisy,Wild Wiggler,Waddle Wing,Button
Mikkums,74275,Bowser,Sport Bike,Super Glider,Retro Off-Road
あお,90355,Morton,Pipe Frame,Super Glider,Slim
Kins0,88394,King Boo,W 25 Silver Arrow,Super Glider,Slim
flc,96154,Orange Inkling Girl,Wild Wiggler,Cloud Glider,Roller
ぴるくる,119276,Dry Bowser,Mach 8,Plane Glider,Leaf Tires
Finn,79469,Dry Bowser,Splat Buggy,Cloud Glider,Slim
Power,87027,Roy,Streetle,Super Glider,Azure Roller
Nim,86977,Roy,Streetle,Super Glider,Roller
Linkos,123825,Heavy Mii,Wild Wiggler,Flower Glider,Azure Roller
Luigi_Fan2,82268,Link,Streetle,Super Glider,Roller
Darren,87384,Roy,Standard Kart,Super Glider,Slim
Xander,110647,Dry Bowser,Streetle,Hylian Kite,Azure Roller
SuperFX,100121,Dry Bowser,Blue Falcon,Paper Glider,Azure Roller
Cole,108036,Dry Bowser,Yoshi Bike,Cloud Glider,Button
Origin,112407,Morton,Streetle,Plane Glider,Roller
cheLmi,115151,Dry Bowser,Splat Buggy,Cloud Glider,Roller
Dash,86994,Daisy,Streetle,Super Glider,Roller
Swift,108148,Morton,Yoshi Bike,Cloud Glider,Button
Mick,91692,Dry Bowser,Streetle,Super Glider,Roller
Shaun,113181,Heavy Mii,Wild Wiggler,Plane Glider,Slim
ぎぞく,118710,Dry Bowser,Streetle,Super Glider,Roller
Finn,79568,Dry Bowser,Splat Buggy,Cloud Glider,Slim
Power,86787,Roy,Streetle,Super Glider,Azure Roller
Power,86959,Roy,Streetle,Super Glider,Azure Roller
Finn,79345,Dry Bowser,Splat Buggy,Cloud Glider,Slim
Power,86662,Roy,Streetle,Super Glider,Azure Roller
Power,86731,Roy,Streetle,Super Glider,Azure Roller
Luigi_Fan2,84447,Wario,Splat Buggy,Super Glider,Slim
Jimmy,61773,Dry Bowser,Streetle,Super Glider,Roller
Nick,95755,Dark Blue Inkling Boy,Biddybuggy,Super Glider,Roller
Darren,87325,Waluigi,Standard Kart,Super Glider,Slim
Darren,86788,Waluigi,Standard Kart,Super Glider,Slim
Snowdog,83937,Donkey Kong,Biddybuggy,Cloud Glider,Roller
Dread,83940,Donkey Kong,Wild Wiggler,Flower Glider,Roller
Nick,95661,Orange Inkling Girl,Biddybuggy,Super Glider,Roller
Issem,85672,Yellow Yoshi,Streetle,Parachute,Roller
Toad King,81226,Dark Blue Inkling Boy,Streetle,Parachute,Roller
Linkos,123813,Heavy Mii,Wild Wiggler,Flower Glider,Azure Roller
Play,78922,Morton,Splat Buggy,Cloud Glider,Crimson Slim
Hemi,114586,Wario,Sports Coupe,Cloud Glider,Azure Roller
Mick,81118,Dry Bowser,Streetle,Super Glider,Roller
Mikkums,80267,Bowser,Sport Bike,Super Glider,Slim
Play,87687,Morton,Streetle,Super Glider,Roller
Naoto,80438,Wario,Comet,MKTV Parafoil,GLA Tires
Dragnir,95702,Male Villager,Biddybuggy,Cloud Glider,Roller
Luna,76521,Morton,Comet,Hylian Kite,Slim
Nick,84159,Dry Bowser,Streetle,Super Glider,Roller
flc,95643,Orange Inkling Girl,Biddybuggy,Cloud Glider,Roller
Kins0,87637,Dry Bowser,W 25 Silver Arrow,Super Glider,Slim
Darren,86760,Donkey Kong,Splat Buggy,Super Glider,Crimson Slim
Luigi_Fan2,84739,Wario,Splat Buggy,Super Glider,Slim
Peze,108329,Wario,W 25 Silver Arrow,Cloud Glider,Roller
Darren,86648,Donkey Kong,Splat Buggy,Super Glider,Crimson Slim
Leroy,58586,Wario,Mach 8,Super Glider,Slim
Cole,108172,Dry Bowser,Yoshi Bike,Parachute,Button
John,78702,Wario,Streetle,Super Glider,Roller
Nick,83887,Heavy Mii,Streetle,Super Glider,Roller
Horse,61763,Wario,Streetle,Wario Wing,Roller
Nick,84039,Heavy Mii,Streetle,Super Glider,Roller
Nick,95509,Pink Inkling Girl,Biddybuggy,Cloud Glider,Roller
とれいん。,125132,Wario,Sports Coupe,Plane Glider,Roller
Luna,76346,Morton,Comet,Hylian Kite,Slim
X treme,73149,Morton,Streetle,Plane Glider,Roller
Poker,72844,Heavy Mii Splatoon,Streetle,Plane Glider,Leaf Tires
Hobbie,93101,Dry Bowser,Streetle,Super Glider,Roller
Hobbie,92962,Dry Bowser,Streetle,Super Glider,Roller
Hobbie,85907,Donkey Kong,Streetle,Plane Glider,Roller
Nick,95428,Pink Inkling Girl,Biddybuggy,Cloud Glider,Roller
X treme,125339,Wario,W 25 Silver Arrow,Plane Glider,Roller
Kevin,113017,Heavy Mii,W 25 Silver Arrow,Plane Glider,Slim
Nick,95297,Pink Inkling Girl,Biddybuggy,Cloud Glider,Roller
Jimmy,61697,Dry Bowser,Streetle,Super Glider,Roller
Jimmy,61622,Dry Bowser,Streetle,Super Glider,Roller
Jimmy,61501,Dry Bowser,Streetle,Super Glider,Roller
Jimmy,61474,Dry Bowser,Streetle,Super Glider,Roller
Nick,95277,Pink Inkling Girl,Biddybuggy,Cloud Glider,Roller
Kins0,88965,Dry Bowser,W 25 Silver Arrow,Cloud Glider,Slim
Dragnir,95770,Male Villager,Biddybuggy,Cloud Glider,Roller
Nick,95063,Green Inkling Girl,Biddybuggy,Parachute,Roller
えぢから,47935,Gold Mario,Wild Wiggler,Paper Glider,Roller
Ren,65366,Dry Bowser,W 25 Silver Arrow,Cloud Glider,Slim
FleeT,119390,Dry Bowser,Sneeker,Parafoil,Roller
cipher,90679,Morton,Circuit Special,Plane Glider,Crimson Slim
SuperFX,111860,Dry Bowser,Biddybuggy,Parachute,Azure Roller
Dusse,126351,Morton,Sport Bike,Super Glider,Crimson Slim
Liar,105416,Dry Bowser,Streetle,Super Glider,Roller
さくやん,123331,Dry Bowser,W 25 Silver Arrow,Cloud Glider,Roller
Doodle,85293,Donkey Kong,Comet,Parachute,Roller
X treme,103763,Donkey Kong,Biddybuggy,Waddle Wing,Azure Roller
Mikkums,80172,Bowser,Yoshi Bike,Super Glider,Crimson Slim
Horse,61359,Wario,Streetle,Super Glider,Roller
ぺんぎんさむらい,122160,Roy,Comet,Cloud Glider,Roller
K4I,81966,Morton,W 25 Silver Arrow,Parachute,Slim
ちゃあああ,115167,Morton,Mach 8,Plane Glider,Slim
B!KZO,124647,Morton,Splat Buggy,Plane Glider,Crimson Slim
ぷれいやー,111560,Heavy Mii,Wild Wiggler,Cloud Glider,Leaf Tires
Hayashi,85833,Morton,Blue Falcon,Paper Glider,Slim
マーマレード,111190,Heavy Mii Mega Man,Comet,Paper Glider,Leaf Tires
Naoto,73804,Wario,Comet,Plane Glider,Roller
TylerR,86457,Donkey Kong,Splat Buggy,Super Glider,Crimson Slim
エル,83937,Link,Splat Buggy,Hylian Kite,Slim
Kevin,83980,Heavy Mii Mario,Pipe Frame,Cloud Glider,Roller
Domenico,111518,Morton,W 25 Silver Arrow,Parafoil,Azure Roller
Domenico,111502,Morton,W 25 Silver Arrow,Parafoil,Azure Roller
Thurmos,108446,Wario,Streetle,Parachute,Roller
Leo,120072,Wario,Streetle,Super Glider,Roller
Leo,119881,Wario,Streetle,Super Glider,Roller
Justice,73784,Donkey Kong,Comet,Hylian Kite,Roller
Nato,71079,Dry Bowser,Streetle,Super Glider,Standard
Anthony,71048,Wario,Biddybuggy,Parachute,Blue Standard
Nato,70958,Dry Bowser,Streetle,Paper Glider,Standard
Luigi_Fan2,63633,Wario,Splat Buggy,Wario Wing,Slim
Origin,112346,Dry Bowser,Streetle,Super Glider,Roller
Anthony,70867,Wario,Biddybuggy,Parachute,Blue Standard
Nato,70766,Dry Bowser,Biddybuggy,Paper Glider,Standard
Nato,70615,Dry Bowser,Biddybuggy,Paper Glider,Standard
Nato,70375,Dry Bowser,Biddybuggy,Paper Glider,Standard
Play,79121,Morton,Splat Buggy,Plane Glider,Slim
Play,85701,Blue Yoshi,Streetle,Flower Glider,Roller
Play,78790,Morton,Splat Buggy,Cloud Glider,Crimson Slim
starxlx,91240,Donkey Kong,Blue Falcon,MKTV Parafoil,Roller
X treme,72755,Wario,Pipe Frame,Plane Glider,Roller
Luna,76517,Morton,Comet,Hylian Kite,Slim
Kamek,112337,Dry Bowser,Streetle,Super Glider,Roller
Origin,112236,Morton,Streetle,Super Glider,Roller
Xander,108136,Morton,Streetle,Hylian Kite,Azure Roller
Jeff,111136,Bowser,Streetle,Super Glider,Azure Roller
Luna,76305,Morton,Comet,Hylian Kite,Slim
FleeT,119187,Dry Bowser,Sneeker,Cloud Glider,Roller
Finn,78664,Dry Bowser,Splat Buggy,Cloud Glider,Slim
Finn,79103,Dry Bowser,Splat Buggy,Cloud Glider,Slim
Finn,79025,Dry Bowser,Splat Buggy,Cloud Glider,Slim
Finn,78933,Dry Bowser,Splat Buggy,Cloud Glider,Slim
Finn,78847,Dry Bowser,Splat Buggy,Cloud Glider,Slim
Luna,76236,Morton,Comet,Hylian Kite,Slim
X treme,75570,King Boo,Pipe Frame,MKTV Parafoil,Azure Roller
Ren,86367,Waluigi,Streetle,Paper Glider,Roller
Ren,65327,Dry Bowser,W 25 Silver Arrow,Cloud Glider,Slim
Leroy,83967,Wario,Blue Falcon,Super Glider,Slim
Kevin,113090,Heavy Mii Luigi,W 25 Silver Arrow,Plane Glider,Slim
starxlx,92045,Morton,Streetle,Cloud Glider,Azure Roller
Larvitar,107588,Wario,Biddybuggy,MKTV Parafoil,Leaf Tires
Yui Funami,122281,Dry Bowser,W 25 Silver Arrow,Cloud Glider,Roller
Davi,90485,Dry Bowser,Circuit Special,Super Glider,Crimson Slim
Kevin,79482,Heavy Mii Cpt Falcon,Biddybuggy,Parachute,Azure Roller
Jimmy,58455,Dry Bowser,Mach 8,Super Glider,Slim
Xander,111002,Dry Bowser,Streetle,Plane Glider,Azure Roller
K4I,125239,Bowser,Sports Coupe,Plane Glider,Azure Roller
X treme,75468,King Boo,Pipe Frame,MKTV Parafoil,Azure Roller
Ren,86673,Waluigi,Streetle,Paper Glider,Roller
みっと,84435,Wario,Blue Falcon,Plane Glider,Slim
Larvitar,119139,Wario,Mach 8,Plane Glider,Leaf Tires
Xander,110863,Dry Bowser,Streetle,Super Glider,Azure Roller
Peze,108036,Wario,Streetle,Cloud Glider,Azure Roller
X treme,104092,Wario,Biddybuggy,Paper Glider,Azure Roller
K4I,125178,Bowser,Sports Coupe,Plane Glider,Azure Roller
Katta,66012,Green Inkling Girl,Pipe Frame,Cloud Glider,Azure Roller
vxlocity,123645,Heavy Mii,Sports Coupe,Plane Glider,Roller
vxlocity,123879,Morton,Sports Coupe,Wario Wing,Roller
Shaun,113136,Heavy Mii,Wild Wiggler,Plane Glider,Slim
Jimmy,58550,Dry Bowser,Splat Buggy,Super Glider,Slim
Play,86400,Donkey Kong,Streetle,Paper Glider,Roller
vxlocity,123632,Heavy Mii,Sports Coupe,Plane Glider,Roller
Kevin,113138,Heavy Mii Luigi,W 25 Silver Arrow,Plane Glider,Slim
Kevin,87425,Heavy Mii Mario,Pipe Frame,Plane Glider,Roller
Kevin,113147,Heavy Mii Luigi,W 25 Silver Arrow,Plane Glider,Slim
K4I,111395,Wario,W 25 Silver Arrow,Parafoil,Roller
Power,78021,Wario,Streetle,Super Glider,Azure Roller
Kevin,113108,Heavy Mii Luigi,W 25 Silver Arrow,Plane Glider,Slim
X treme,103967,Wario,Biddybuggy,Paper Glider,Azure Roller
Yui Funami,122004,Dry Bowser,W 25 Silver Arrow,Cloud Glider,Roller
Origin,112197,Dry Bowser,Streetle,Super Glider,Roller
Shaun,113058,Heavy Mii,Wild Wiggler,Plane Glider,Slim
Jimmy,63450,Dry Bowser,Splat Buggy,Super Glider,Slim
Dread,83876,Donkey Kong,Wild Wiggler,Flower Glider,Roller
みっと,84059,Wario,Blue Falcon,Plane Glider,Slim
むし,106227,King Boo,Streetle,Peach Parasol,Roller
Leroy,58522,Wario,Mach 8,Super Glider,Slim
Kamek,77896,Dry Bowser,Streetle,Super Glider,Roller
Shaun,112853,Heavy Mii,Sports Coupe,Plane Glider,Slim
K4I,114841,Bowser,Mach 8,Cloud Glider,Slim
Thurmos,108223,Wario,Streetle,Cloud Glider,Roller
Shaun,124100,Heavy Mii,Splat Buggy,Plane Glider,Slim
Ethan,110789,Heavy Mii,Streetle,Super Glider,Azure Roller
ステルス,119115,Wario,Mach 8,Super Glider,Leaf Tires
みっと,83427,Wario,Blue Falcon,Plane Glider,Slim
Danny,111463,Wario,Landship,Super Glider,Azure Roller
John,85286,Gold Mario,Streetle,Super Glider,Roller
Hobbie,91841,Dry Bowser,Streetle,Super Glider,Azure Roller
44,79193,Dry Bowser,Streetle,Flower Glider,Slim
Davi,118452,Dry Bowser,Streetle,Super Glider,Roller
cipher,90471,Morton,Circuit Special,Plane Glider,Slim
Davi,90420,Morton,Circuit Special,Super Glider,Slim
ステルス,119102,Dry Bowser,Mach 8,Super Glider,Leaf Tires
SuperFX,100517,Dry Bowser,Blue Falcon,Flower Glider,Azure Roller
Cole,107998,Dry Bowser,Yoshi Bike,Cloud Glider,Button
Thurmos,108302,Wario,Streetle,Parachute,Roller
Shaun,112917,Heavy Mii,Sports Coupe,Plane Glider,Slim
Luna,76083,Morton,Comet,Hylian Kite,Slim
Hobbie,90947,Roy,Streetle,Plane Glider,Azure Roller
Kins0,86512,Dry Bowser,Streetle,Super Glider,Roller
Larvitar,107129,Donkey Kong,Biddybuggy,Bowser Kite,Leaf Tires
FleeT,119024,Dry Bowser,Cat Cruiser,Super Glider,Roller
kitto,101052,Wario,Pipe Frame,Cloud Glider,Leaf Tires
Paco,100852,Bowser,Wild Wiggler,Plane Glider,Leaf Tires
Danny,111742,Wario,Landship,Super Glider,Azure Roller
Danny,111679,Wario,Landship,Super Glider,Azure Roller
Danny,111617,Wario,Landship,Super Glider,Azure Roller
Kamek,112037,Dry Bowser,Streetle,Super Glider,Roller
Soldier,109460,Wario,Landship,Parachute,Roller
Peze,107806,Heavy Mii Pikmin,Streetle,Cloud Glider,Azure Roller
K4I,110754,Dry Bowser,Streetle,Super Glider,Roller
ちゃあああ,114989,Dry Bowser,Mach 8,Cloud Glider,Slim
マーマレード,110895,Heavy Mii Rosalina,Comet,Paper Glider,Leaf Tires
Peze,107674,Dry Bowser,Streetle,Cloud Glider,Azure Roller
K4I,122182,Dry Bowser,W 25 Silver Arrow,Cloud Glider,Roller
Xander,110636,Dry Bowser,Streetle,Hylian Kite,Azure Roller
Liar,105283,Dry Bowser,Streetle,Super Glider,Roller
Danny,105266,Wario,Streetle,Wario Wing,Azure Roller
Jujudut,106185,Heavy Mii,Wild Wiggler,Parafoil,Azure Roller
Tyler,108171,Wario,Streetle,Paper Glider,Azure Roller
Larvitar,107033,Donkey Kong,Biddybuggy,Bowser Kite,Leaf Tires
Doodle,77896,Roy,Streetle,Parachute,Roller
Hobbie,91511,Roy,Streetle,Plane Glider,Azure Roller
Power,86209,Roy,Streetle,Paper Glider,Azure Roller
Play,86164,Donkey Kong,Streetle,Paper Glider,Roller
ゆゆゆ,73335,Bowser,Yoshi Bike,Wario Wing,Azure Roller
Play,86086,Donkey Kong,Streetle,Paper Glider,Roller
Hobbie,91221,Waluigi,Streetle,Plane Glider,Azure Roller
Ren,115170,Morton,W 25 Silver Arrow,Super Glider,Roller
John,87109,Wario,Sneeker,Super Glider,Roller
Play,86032,Donkey Kong,Streetle,Paper Glider,Roller
Power,85949,Roy,Streetle,Paper Glider,Azure Roller
Cynda,87634,Heavy Mii,Streetle,Super Glider,Azure Roller
X treme,103853,Wario,Biddybuggy,MKTV Parafoil,Azure Roller
John,83715,Wario,Streetle,Super Glider,Roller
Luna,76214,Morton,Comet,Hylian Kite,Slim
Hobbie,91039,Roy,Streetle,Plane Glider,Azure Roller
Kay,121073,Heavy Mii Crossing,Splat Buggy,Super Glider,Azure Roller
Power,105432,Roy,Streetle,Paper Glider,Azure Roller
Doodle,85094,Roy,Comet,Peach Parasol,Roller
Anthony,47864,Daisy,Wild Wiggler,Parachute,Button
Mikkums,80212,Bowser,Yoshi Bike,Super Glider,Crimson Slim
Nick,95140,Orange Inkling Girl,Biddybuggy,Cloud Glider,Roller
Mikkums,80103,Bowser,Yoshi Bike,Super Glider,Crimson Slim
Mikkums,80058,Bowser,Yoshi Bike,Super Glider,Crimson Slim
Dash,91584,Daisy,Streetle,Super Glider,Slim
Mikkums,79916,Bowser,Yoshi Bike,Super Glider,Crimson Slim
Horse,61463,Wario,Streetle,Wario Wing,Roller
Kins0,87208,Dry Bowser,Streetle,Super Glider,Roller
starxlx,92645,Morton,Streetle,Cloud Glider,Azure Roller
starxlx,92639,Morton,Streetle,Cloud Glider,Azure Roller
starxlx,92287,Morton,Streetle,Cloud Glider,Azure Roller
Issem,84861,Orange Inkling Girl,Streetle,Cloud Glider,Roller
Luna,76167,Morton,Comet,Hylian Kite,Slim
starxlx,87210,Morton,Sneeker,Cloud Glider,Azure Roller
Doodle,76062,Dry Bowser,Comet,Parachute,Slim
Doodle,75973,Dry Bowser,Comet,Parachute,Slim
Doodle,85576,Donkey Kong,Comet,Parachute,Roller
Mick,81263,Dry Bowser,Streetle,Super Glider,Roller
Mick,80921,Dry Bowser,Streetle,Super Glider,Roller
Mick,80809,Dry Bowser,Streetle,Super Glider,Roller
Mick,80638,Dry Bowser,Streetle,Super Glider,Roller
Mick,82869,Orange Yoshi,Streetle,Flower Glider,Roller
X treme,103702,Donkey Kong,Biddybuggy,Wario Wing,Azure Roller
starxlx,92082,Morton,Streetle,Cloud Glider,Azure Roller
Cole,87826,Dry Bowser,Mr. Scooty,Wario Wing,Slim
Kay,119809,Heavy Mii Crossing,Streetle,Super Glider,Azure Roller
John,86923,Wario,Sneeker,Super Glider,Roller
John,86843,Wario,Sneeker,Super Glider,Roller
John,86838,Wario,Sneeker,Super Glider,Roller
John,86800,Wario,Sneeker,Super Glider,Roller
あお,89420,Bowser,Pipe Frame,Cloud Glider,Roller
Sgt. Guy,90616,Ludwig,Streetle,Super Glider,Roller
Sgt. Guy,91567,Ludwig,Streetle,Super Glider,Roller
John,86752,Wario,Sneeker,Super Glider,Roller
John,79250,Wario,Streetle,Super Glider,Roller
Mattew,121292,Wario,Blue Falcon,Super Glider,Azure Roller
Power,111295,Wario,Splat Buggy,Super Glider,Azure Roller
Alex,110420,Heavy Mii,Mach 8,Plane Glider,Azure Roller
Cynda,86668,Heavy Mii,Sneeker,Plane Glider,Azure Roller
Hemi,114675,Wario,Splat Buggy,Hylian Kite,Azure Roller
ケーべルト,117093,Roy,Streetle,Plane Glider,Azure Roller
むし,105891,Gold Mario,Streetle,Paper Glider,Roller
Danny,121264,Dry Bowser,Blue Falcon,Plane Glider,Azure Roller
Power,85884,Roy,Streetle,Super Glider,Azure Roller
SuperFX,100201,Dry Bowser,Blue Falcon,Paper Glider,Azure Roller
FleeT,118959,Dry Bowser,Cat Cruiser,Super Glider,Roller
Axel,106078,Heavy Mii,Biddybuggy,Parachute,Azure Roller
ケーべルト,117205,Roy,Streetle,Super Glider,Roller
Doodle,85235,Roy,Comet,Peach Parasol,Roller
ぺんぎんさむらい,122071,Morton,Comet,Cloud Glider,Roller
エル,110906,Wario,Splat Buggy,Wario Wing,Roller
Only,85583,Dry Bowser,Splat Buggy,Paper Glider,Slim
Chim,65251,Baby Daisy,Biddybuggy,Cloud Glider,Leaf Tires
Darren,80595,King Boo,Biddybuggy,Parachute,Roller
Yui Funami,121935,Dry Bowser,W 25 Silver Arrow,Cloud Glider,Roller
むし,106176,Gold Mario,Streetle,Paper Glider,Roller
Xander,110515,Dry Bowser,Streetle,Super Glider,Azure Roller
Doodle,103701,Dry Bowser,Comet,Peach Parasol,Roller
Anthony,86336,Wario,Sport Bike,Waddle Wing,Slim
たくや,123543,Heavy Mii,Sports Coupe,Wario Wing,Azure Roller
Naoto,90829,Waluigi,Streetle,Super Glider,Roller
SuperFX,100433,Dry Bowser,Blue Falcon,Paper Glider,Azure Roller
Tyler,115521,Morton,W 25 Silver Arrow,Plane Glider,Azure Roller
John,83693,Bowser Jr.,Streetle,Super Glider,Roller
Horse,61430,Wario,Streetle,Super Glider,Roller
Yui Funami,121874,Dry Bowser,W 25 Silver Arrow,Cloud Glider,Roller
Joel,107323,Dry Bowser,Streetle,Plane Glider,Azure Roller
Ice Egg,88771,Wario,W 25 Silver Arrow,Waddle Wing,Slim
Sgt. Guy,90244,Roy,Streetle,Super Glider,Roller
Sgt. Guy,90190,Roy,Streetle,Super Glider,Roller
Sgt. Guy,89659,Roy,Streetle,Super Glider,Roller
Snowdog,83818,Roy,Biddybuggy,Flower Glider,Roller
Shaun,113013,Heavy Mii,Sports Coupe,Plane Glider,Slim
Shaun,112975,Heavy Mii,Sports Coupe,Plane Glider,Slim
ゆゆゆ,86200,Wario,Sport Bike,Wario Wing,Slim
うた,118104,Dry Bowser,Streetle,Hylian Kite,Roller
Larvitar,106987,Donkey Kong,Biddybuggy,Bowser Kite,Leaf Tires
Shaun,118888,Roy,Sneeker,Plane Glider,Roller
Ren,115206,Wario,Mach 8,Cloud Glider,Roller
うひ,122767,Dry Bowser,Wild Wiggler,Cloud Glider,Roller
Liar,105133,Dry Bowser,Landship,Super Glider,Roller
Jujudut,105890,Heavy Mii Crossing,Streetle,Paper Glider,Azure Roller
Davi,118084,Dry Bowser,Streetle,Super Glider,Azure Roller
ぺんぎんさむらい,122119,Roy,Yoshi Bike,Paper Glider,Roller
Mon,81867,Dry Bowser,W 25 Silver Arrow,Cloud Glider,Slim
さーもん,114709,Wario,Mach 8,Cloud Glider,Slim
purin,90409,Dry Bowser,Yoshi Bike,Cloud Glider,Azure Roller
ぷれいやー,111172,Heavy Mii,Wild Wiggler,Waddle Wing,Leaf Tires
Play,79457,Dry Bowser,W 25 Silver Arrow,Plane Glider,Slim
Thomus,90419,Dry Bowser,Streetle,Super Glider,Slim
Jujudut,105808,Roy,Streetle,Paper Glider,Azure Roller
FleeT,81868,Dry Bowser,W 25 Silver Arrow,Cloud Glider,Slim
Mon,81860,Bowser,W 25 Silver Arrow,Paper Glider,Slim
Mon,81928,Dry Bowser,W 25 Silver Arrow,Parachute,Slim
Dragnir,83330,Bowser Jr.,Streetle,Super Glider,Roller
Shaun,112797,Heavy Mii,Sports Coupe,Plane Glider,Slim
むし,105783,Wario,Biddybuggy,Cloud Glider,Azure Roller
Power,105687,Roy,Streetle,Paper Glider,Azure Roller
K4I,77741,Roy,Streetle,Parachute,Roller
starxlx,114592,Wario,Mach 8,MKTV Parafoil,Crimson Slim
Alex,110374,Heavy Mii,Mach 8,Plane Glider,Azure Roller
Thurmos,108076,Wario,Streetle,Cloud Glider,Azure Roller
TylerR,78590,Morton,Streetle,Super Glider,Azure Roller
Peka,124975,Wario,Sports Coupe,Plane Glider,Azure Roller
Alex,110349,Heavy Mii,Mach 8,Plane Glider,Azure Roller
Power,105608,Roy,Streetle,Paper Glider,Azure Roller
Horse,61417,Wario,Streetle,Super Glider,Roller
7,75726,Dry Bowser,Comet,Parachute,Slim
Cynda,86605,Heavy Mii,Sneeker,Plane Glider,Azure Roller
Hobbie,90790,Roy,Pipe Frame,Super Glider,Azure Roller
Hobbie,90588,Roy,Wild Wiggler,Super Glider,Azure Roller
Hobbie,90555,Roy,Wild Wiggler,Super Glider,Azure Roller
Jimmy,58506,Dry Bowser,Mach 8,Super Glider,Slim
Jimmy,58405,Dry Bowser,Mach 8,Super Glider,Slim
Jimmy,63400,Dry Bowser,Splat Buggy,Super Glider,Slim
Leroy,58384,Wario,Mach 8,Wario Wing,Crimson Slim
Jimmy,63366,Dry Bowser,Splat Buggy,Super Glider,Slim
Jimmy,63200,Dry Bowser,Splat Buggy,Super Glider,Slim
Jimmy,80431,King Boo,Streetle,Super Glider,Roller
Hobbie,90482,Roy,Wild Wiggler,Super Glider,Azure Roller
Leroy,61378,Wario,Streetle,Super Glider,Leaf Tires
Jimmy,63316,Dry Bowser,Splat Buggy,Super Glider,Slim
Jimmy,63150,Dry Bowser,Splat Buggy,Super Glider,Slim
Jimmy,63083,Dry Bowser,Splat Buggy,Super Glider,Slim
エセしんぷ,85583,Dry Bowser,Blue Falcon,Paper Glider,Slim
Alex,110343,Heavy Mii,Mach 8,Plane Glider,Azure Roller
X treme,110277,Wario,Mach 8,Plane Glider,Azure Roller
うた,117910,Dry Bowser,Streetle,Super Glider,Azure Roller
Doodle,77367,Waluigi,Streetle,Cloud Glider,Roller
Hobbie,90348,Donkey Kong,W 25 Silver Arrow,Super Glider,Roller
Hobbie,90297,Donkey Kong,W 25 Silver Arrow,Super Glider,Roller
Hobbie,90210,Donkey Kong,W 25 Silver Arrow,Super Glider,Roller
John,92589,Wario,Pipe Frame,Hylian Kite,Roller
Hobbie,89973,Donkey Kong,W 25 Silver Arrow,Super Glider,Roller
vxlocity,84884,Roy,Yoshi Bike,Bowser Kite,Roller
ステルス,119096,Wario,Mach 8,Super Glider,Leaf Tires
Snowdog,83791,Roy,Biddybuggy,Flower Glider,Azure Roller
Leroy,83310,Wario,Blue Falcon,Wario Wing,Slim
Kins0,86804,Dry Bowser,Streetle,Super Glider,Azure Roller
Thomus,89814,Dry Bowser,Streetle,Super Glider,Slim
frog,124183,Dry Bowser,Splat Buggy,Plane Glider,Slim
Play,78542,Dry Bowser,Splat Buggy,Super Glider,Slim
Mattew,121246,Wario,Blue Falcon,Plane Glider,Azure Roller
Shaun,122326,Heavy Mii,Sports Coupe,Plane Glider,Roller
Kins0,87139,Dry Bowser,Streetle,Super Glider,Roller
frog,124454,Morton,Splat Buggy,Wario Wing,Slim
Cole,90310,Dry Bowser,Yoshi Bike,Cloud Glider,Azure Roller
Nim,87482,Bowser,Streetle,Super Glider,Slim
けい,63316,Dry Bowser,Splat Buggy,Super Glider,Slim
Davi,117905,Dry Bowser,Streetle,Super Glider,Azure Roller
Joe,91945,Dry Bowser,Streetle,Super Glider,Roller
Danny,119032,Heavy Mii,Mach 8,Plane Glider,Leaf Tires
Jimmy,86437,Dry Bowser,Streetle,Super Glider,Azure Roller
Anthony,89753,Wario,Streetle,Hylian Kite,Slim
Danny,118991,Heavy Mii,Mach 8,Plane Glider,Leaf Tires
SuperFX,106782,Heavy Mii,Biddybuggy,Parachute,Roller
Danny,118963,Heavy Mii,Mach 8,Plane Glider,Leaf Tires
Thomus,90730,Dry Bowser,Streetle,Super Glider,Slim
Horse,61224,Wario,Streetle,Super Glider,Button
Anthony,90054,Wario,Streetle,Hylian Kite,Slim
Danny,123514,Bowser,Sports Coupe,Plane Glider,Azure Roller
おまえモナー,79725,Green Inkling Girl,Biddybuggy,Paper Glider,Leaf Tires
とれいん。,124969,Wario,Sports Coupe,Plane Glider,Azure Roller
Cole,90409,Dry Bowser,Yoshi Bike,Cloud Glider,Azure Roller
Hemi,114646,Wario,Splat Buggy,Cloud Glider,Azure Roller
K4I,101041,Morton,Biddybuggy,Plane Glider,Azure Roller
K4I,100820,Morton,Biddybuggy,Plane Glider,Azure Roller
K4I,100798,Morton,Biddybuggy,Plane Glider,Azure Roller
K4I,100670,Morton,Biddybuggy,Plane Glider,Azure Roller
Anthony,86164,Wario,Sport Bike,Hylian Kite,Crimson Slim
Luna,75581,Dry Bowser,Comet,Hylian Kite,Crimson Slim
starxlx,114329,Wario,Mach 8,Cloud Glider,Crimson Slim
starxlx,114091,Wario,Mach 8,Cloud Glider,Crimson Slim
Anthony,90202,Wario,Streetle,Hylian Kite,Slim
Ren,114903,Morton,W 25 Silver Arrow,Super Glider,Roller
Hayashi,84966,Wario,Mach 8,Paper Glider,Button
Kevin,112886,Heavy Mii,Sports Coupe,Plane Glider,Slim
エル,110945,Wario,Splat Buggy,Wario Wing,Roller
Liar,105116,Dry Bowser,Landship,Super Glider,Roller
Dusse,126220,Wario,Sport Bike,Wario Wing,Slim
くさあん,87765,Dry Bowser,Mach 8,Wario Wing,Azure Roller
Yui Funami,121915,Dry Bowser,W 25 Silver Arrow,Cloud Glider,Roller
ぺんぎんさむらい,121945,Morton,Comet,Cloud Glider,Roller
Anthony,89910,Wario,Streetle,Hylian Kite,Slim
TylerR,85843,Donkey Kong,Splat Buggy,Super Glider,Crimson Slim
Mon,81796,Bowser,W 25 Silver Arrow,Paper Glider,Slim
B!KZO,124388,Dry Bowser,Splat Buggy,Wario Wing,Slim
Mon,120145,Bowser,Inkstriker,Paper Glider,Roller
Ren,86142,Waluigi,Streetle,Super Glider,Roller
X treme,110234,Dry Bowser,Mach 8,Plane Glider,Azure Roller
Shaun,124379,Morton,Splat Buggy,Plane Glider,Slim
K4I,87716,Wario,Mach 8,Wario Wing,Azure Roller
Dusse,110747,Wario,Yoshi Bike,Cloud Glider,Roller
K4I,87487,Wario,Mach 8,Wario Wing,Azure Roller
Luna,75700,Dry Bowser,Comet,Hylian Kite,Slim
X treme,100661,Wario,Biddybuggy,Plane Glider,Azure Roller
Dragnir,83106,Bowser Jr.,Streetle,Super Glider,Roller
K4I,87185,Dry Bowser,Mach 8,Super Glider,Roller
Dragnir,107292,Dry Bowser,Streetle,Super Glider,Roller
Swift,110646,Wario,Yoshi Bike,Cloud Glider,Roller
Ren,114825,Morton,W 25 Silver Arrow,Super Glider,Roller
Dragnir,107230,Dry Bowser,Streetle,Super Glider,Roller
Kamek,77579,Roy,Streetle,Cloud Glider,Roller
Doodle,77558,Waluigi,Streetle,Parachute,Roller
Xander,110479,Dry Bowser,Streetle,Super Glider,Azure Roller
Doodle,108025,Wario,Wild Wiggler,Parachute,Roller
Doodle,107957,Wario,Wild Wiggler,Parachute,Roller
K4I,86879,Dry Bowser,Mach 8,Super Glider,Azure Roller
Mattew,121209,Wario,Blue Falcon,Plane Glider,Azure Roller
Sgt. Guy,86141,Roy,Streetle,Super Glider,Roller
X treme,75369,King Boo,Pipe Frame,Peach Parasol,Azure Roller
Joel,107230,Dry Bowser,Streetle,Waddle Wing,Azure Roller
Danny,123421,Bowser,Sports Coupe,Plane Glider,Azure Roller
Jimmy,80462,Dry Bowser,Streetle,Super Glider,Roller
Jimmy,92415,Dry Bowser,Pipe Frame,Super Glider,Roller
Jimmy,80351,Dry Bowser,Streetle,Super Glider,Roller
Jimmy,92185,Dry Bowser,Pipe Frame,Super Glider,Roller
Jimmy,78800,Dry Bowser,Streetle,Waddle Wing,Roller
Jacob,58350,Dry Bowser,Mach 8,Wario Wing,Slim
Danny,123393,Bowser,Sports Coupe,Plane Glider,Azure Roller
Jacob,58339,Dry Bowser,Mach 8,Wario Wing,Slim
FleeT,118780,Roy,Sneeker,Super Glider,Roller
Anthony,89729,Wario,Blue Falcon,Hylian Kite,Slim
Leroy,61182,Wario,Blue Falcon,Super Glider,Slim
Mick,58247,Dry Bowser,Mach 8,Plane Glider,Slim
Liar,104900,Dry Bowser,Landship,Super Glider,Roller
Finn,78423,Dry Bowser,Streetle,Super Glider,Roller
とれいん。,124842,Wario,Sports Coupe,Plane Glider,Roller
エル,110851,Wario,Splat Buggy,Wario Wing,Azure Roller
Ryan's,107884,Wario,Wild Wiggler,Parachute,Roller
Ren,85765,Waluigi,Streetle,Super Glider,Roller
Tyler,107779,Wario,W 25 Silver Arrow,Paper Glider,Azure Roller
Nick,73918,Wario,Yoshi Bike,Super Glider,Cyber Slick
Leroy,61144,Wario,Blue Falcon,Super Glider,Slim
Leroy,60970,Wario,Blue Falcon,Super Glider,Slim
Leroy,61066,Wario,Blue Falcon,Super Glider,Slim
Nick,73824,Morton,Yoshi Bike,Super Glider,Cyber Slick
Leroy,60886,Wario,Blue Falcon,Super Glider,Slim
Davi,117789,Dry Bowser,Streetle,Super Glider,Roller
Doodle,60858,Wario,Blue Falcon,Super Glider,Slim
Leroy,60742,Wario,Blue Falcon,Super Glider,Slim
Horse,60582,Wario,Blue Falcon,Waddle Wing,Slim
Snowdog,83781,Roy,Biddybuggy,Flower Glider,Azure Roller
purin,90389,Dry Bowser,Yoshi Bike,MKTV Parafoil,Azure Roller
Cole,90040,Dry Bowser,Yoshi Bike,Cloud Glider,Azure Roller
Cole,89779,Dry Bowser,Yoshi Bike,Cloud Glider,Azure Roller
Cole,89972,Dry Bowser,Yoshi Bike,Cloud Glider,Azure Roller
Anthony,89205,Wario,Blue Falcon,Hylian Kite,Slim
Ryan's,107913,Wario,Wild Wiggler,Parachute,Roller
Ryan's,107806,Wario,Wild Wiggler,Parachute,Roller
Joel,107124,Dry Bowser,Streetle,Hylian Kite,Azure Roller
Liar,104966,Dry Bowser,Landship,Super Glider,Roller
Sgt. Guy,87044,Roy,Streetle,Super Glider,Roller
Darren,80067,Rosalina,Biddybuggy,Paper Glider,Roller
Mon,81779,Bowser,W 25 Silver Arrow,Paper Glider,Leaf Tires
Hemi,114522,Wario,Sports Coupe,Cloud Glider,Azure Roller
Liar,105066,Dry Bowser,Landship,Super Glider,Roller
Treat,73682,Wario,Yoshi Bike,Wario Wing,Slick
Ren,86084,Waluigi,Streetle,Super Glider,Roller
Mikkums,79802,Bowser,Comet,Wario Wing,Crimson Slim
Jimmy,57856,Dry Bowser,Mach 8,Super Glider,Crimson Slim
K4I,121857,Dry Bowser,W 25 Silver Arrow,Cloud Glider,Azure Roller
Anthony,89165,Wario,Blue Falcon,Hylian Kite,Slim
Leroy,58160,Wario,Mach 8,Wario Wing,Crimson Slim
Alex,110226,Heavy Mii,Mach 8,Plane Glider,Azure Roller
vxlocity,84692,Roy,Yoshi Bike,MKTV Parafoil,Leaf Tires
FleeT,118835,Roy,Sneeker,Super Glider,Roller
とれいん。,91593,Wario,Pipe Frame,Plane Glider,Roller
Jimmy,86335,Dry Bowser,Streetle,Super Glider,Azure Roller
Mattew,121103,Wario,Blue Falcon,Plane Glider,Roller
ケーべルト,117059,Wario,Streetle,Super Glider,Roller
Kevin,86872,Heavy Mii Cpt Falcon,Pipe Frame,Plane Glider,Azure Roller
Larvitar,106986,Roy,Biddybuggy,Bowser Kite,Leaf Tires
TylerR,80629,Male Villager,Streetle,Cloud Glider,Azure Roller
Kins0,78596,Dry Bowser,Streetle,Super Glider,Roller
さーもん,82917,Morton,Mach 8,Parachute,Slim
Chim,64898,Baby Daisy,Biddybuggy,Cloud Glider,Leaf Tires
K4I,100552,Wario,Biddybuggy,Super Glider,Azure Roller
K4I,89678,Bowser,Wild Wiggler,Parachute,Azure Roller
Kins0,87917,Dry Bowser,W 25 Silver Arrow,Super Glider,Slim
Xander,123296,Dry Bowser,Sports Coupe,Plane Glider,Azure Roller
Larvitar,106975,Roy,Biddybuggy,Bowser Kite,Leaf Tires
Larvitar,106940,Roy,Biddybuggy,Bowser Kite,Leaf Tires
Thurmos,107766,Wario,Wild Wiggler,Cloud Glider,Roller
Thurmos,107764,Wario,Wild Wiggler,Cloud Glider,Roller
Thurmos,107758,Wario,Wild Wiggler,Cloud Glider,Roller
Kamek,77443,Roy,Streetle,Cloud Glider,Roller
Thomus,63844,Dry Bowser,Splat Buggy,Super Glider,Crimson Slim
Mick,58203,Dry Bowser,Mach 8,Plane Glider,Slim
Nim,86324,Donkey Kong,Streetle,Cloud Glider,Roller
Ren,86082,Waluigi,Streetle,Super Glider,Roller
Shaun,124319,Morton,Splat Buggy,Plane Glider,Slim
X treme,110160,Dry Bowser,Mach 8,Super Glider,Roller
Ren,86044,Waluigi,Streetle,Super Glider,Roller
Danny,123262,Dry Bowser,Sports Coupe,Wario Wing,Azure Roller
Shaun,124252,Morton,Splat Buggy,Super Glider,Slim
Shaun,124243,Morton,Splat Buggy,Super Glider,Slim
Shaun,124234,Morton,Splat Buggy,Super Glider,Slim
Danny,123203,Dry Bowser,Sports Coupe,Wario Wing,Azure Roller
Shaun,124199,Morton,Splat Buggy,Super Glider,Slim
Jujudut,105407,Roy,Streetle,Parachute,Azure Roller
Ren,86123,Waluigi,Streetle,Super Glider,Roller
Mick,58286,Dry Bowser,Mach 8,Plane Glider,Slim
Ren,86015,Waluigi,Streetle,Super Glider,Roller
Ren,65287,Wario,W 25 Silver Arrow,Cloud Glider,Slim
Nim,86884,King Boo,Streetle,Super Glider,Roller
Nim,87101,Roy,Streetle,Super Glider,Roller
Nim,87166,Roy,Streetle,Super Glider,Roller
Nim,87337,Dry Bowser,Streetle,Super Glider,Roller
Ren,85788,Waluigi,Streetle,Super Glider,Roller
Shaun,122749,Heavy Mii,Wild Wiggler,Plane Glider,Roller
Shaun,122741,Heavy Mii,Wild Wiggler,Plane Glider,Roller
Shaun,122700,Heavy Mii,Wild Wiggler,Plane Glider,Roller
Play,83864,Red Yoshi,Streetle,Plane Glider,Azure Roller
Issem,83995,King Boo,Pipe Frame,Cloud Glider,Roller
Shaun,122665,Heavy Mii,Wild Wiggler,Plane Glider,Roller
X treme,103487,Donkey Kong,Biddybuggy,Paper Glider,Azure Roller
Leroy,58180,Wario,Mach 8,Wario Wing,Crimson Slim
Jimmy,58028,Dry Bowser,Mach 8,Super Glider,Slim
Shaun,122625,Heavy Mii,Wild Wiggler,Plane Glider,Roller
Power,105257,Roy,Wild Wiggler,Paper Glider,Azure Roller
X treme,103391,Donkey Kong,Biddybuggy,Paper Glider,Azure Roller
Leroy,58001,Wario,Mach 8,Gold Glider,Crimson Slim
Leroy,57936,Wario,Mach 8,Gold Glider,Crimson Slim
Crazykonga,120117,Dry Bowser,Inkstriker,Plane Glider,Roller
Shaun,122614,Heavy Mii,Wild Wiggler,Plane Glider,Roller
Mattew,121162,Wario,Blue Falcon,Plane Glider,Azure Roller
Shaun,122582,Heavy Mii,Wild Wiggler,Plane Glider,Roller
Leroy,57922,Wario,Mach 8,Gold Glider,Crimson Slim
Leroy,57894,Wario,Mach 8,Gold Glider,Crimson Slim
Crazykonga,119968,Dry Bowser,Inkstriker,Plane Glider,Roller
SuperFX,99997,Dry Bowser,Blue Falcon,Paper Glider,Azure Roller
Ren,65223,Wario,W 25 Silver Arrow,Cloud Glider,Slim
Danny,119763,Morton,Streetle,Paper Glider,Azure Roller
Tyler,119609,Heavy Mii,Streetle,Paper Glider,Azure Roller
Davi,117691,Dry Bowser,Streetle,Super Glider,Roller
Kay,119226,Heavy Mii Crossing,Streetle,Paper Glider,Azure Roller
Issem,73757,King Boo,Mach 8,Parachute,Slim
Danny,118945,Morton,Mach 8,Plane Glider,Leaf Tires
Chim,63413,Purple Inkling Boy,Biddybuggy,Cloud Glider,Leaf Tires
Finn,78494,Dry Bowser,Splat Buggy,Cloud Glider,Slim
Sgt. Guy,86418,Roy,Streetle,Super Glider,Roller
Mick,82151,Orange Yoshi,Streetle,Flower Glider,Roller
Yui Funami,121840,Wario,W 25 Silver Arrow,Cloud Glider,Azure Roller
ステルス,118887,Dry Bowser,Mach 8,Plane Glider,Leaf Tires
Mon,81655,Bowser,W 25 Silver Arrow,Paper Glider,Leaf Tires
ラカフル,123376,Wario,Steel Driver,Parachute,Roller
Joe,91836,Wario,Streetle,Cloud Glider,Roller
Darren,80430,Rosalina,Biddybuggy,Paper Glider,Roller
Shaun,122397,Heavy Mii,Sports Coupe,Plane Glider,Roller
Sgt. Guy,86442,Roy,Streetle,Super Glider,Roller
Danny,118891,Morton,Mach 8,Plane Glider,Leaf Tires
Sgt. Guy,86281,Roy,Streetle,Super Glider,Roller
Horse,60520,Wario,Blue Falcon,Waddle Wing,Slim
Horse,60421,Wario,Blue Falcon,Waddle Wing,Slim
Shaun,122490,Heavy Mii,Sports Coupe,Plane Glider,Roller
Shaun,122449,Heavy Mii,Sports Coupe,Plane Glider,Roller
Danny,111319,Wario,Landship,Super Glider,Azure Roller
Darren,80497,Rosalina,Biddybuggy,Paper Glider,Roller
Kevin,65212,Heavy Mii Cpt Falcon,W 25 Silver Arrow,Parachute,Crimson Slim
Doodle,77426,Waluigi,Streetle,Cloud Glider,Roller
Tyler,118097,Roy,Wild Wiggler,Paper Glider,Leaf Tires
Matt Beach,63617,Dry Bowser,Splat Buggy,Super Glider,Slim
とれいん。,90788,Wario,Pipe Frame,Plane Glider,Roller
Larvitar,106922,Roy,Biddybuggy,Bowser Kite,Leaf Tires
Jimmy,90686,Dry Bowser,Pipe Frame,Super Glider,Azure Roller
Jimmy,57872,Dry Bowser,Mach 8,Super Glider,Crimson Slim
Jimmy,57818,Dry Bowser,Mach 8,Super Glider,Crimson Slim
Jimmy,57790,Dry Bowser,Mach 8,Super Glider,Crimson Slim
Shaun,124068,Heavy Mii,Splat Buggy,Plane Glider,Slim
Ren,65080,Wario,W 25 Silver Arrow,Cloud Glider,Slim
K4I,89605,Bowser,Wild Wiggler,Parachute,Azure Roller
K4I,89564,Dry Bowser,Wild Wiggler,Flower Glider,Azure Roller
Ren,65076,Wario,W 25 Silver Arrow,Cloud Glider,Slim
SuperFX,99843,Dry Bowser,Blue Falcon,Paper Glider,Azure Roller
Kevin,86221,Heavy Mii Wario,Biddybuggy,Plane Glider,Azure Roller
Davi,117591,Dry Bowser,Streetle,Super Glider,Roller
エル,110760,Wario,Splat Buggy,Super Glider,Azure Roller
7,75691,Dry Bowser,Comet,Parachute,Slim
Hayashi,84833,Wario,Mach 8,Paper Glider,Button
Luna,75675,Dry Bowser,Comet,Hylian Kite,Crimson Slim
X treme,72646,Wario,Pipe Frame,Plane Glider,Azure Roller
Joe,91863,Wario,Streetle,Cloud Glider,Roller
Jujudut,105214,Roy,Streetle,Parafoil,Roller
Thomus,63725,Dry Bowser,Splat Buggy,Hylian Kite,Slim
Luna,75606,Dry Bowser,Comet,Hylian Kite,Crimson Slim
さーもん,82720,Dry Bowser,Mach 8,Cloud Glider,Slim
Mattew,121093,Wario,Blue Falcon,Plane Glider,Roller
Kevin,83293,Heavy Mii Cpt Falcon,Biddybuggy,Parachute,Azure Roller
Doodle,103593,Dry Bowser,Comet,Cloud Glider,Roller
がおる,103604,Dry Bowser,Comet,Cloud Glider,Roller
Pyrus,110106,Wario,Mach 8,Plane Glider,Roller
Shaun,111154,Heavy Mii,Wild Wiggler,Super Glider,Button
Darren,80379,Rosalina,Biddybuggy,Paper Glider,Roller
Darren,80190,Rosalina,Biddybuggy,Paper Glider,Roller
SuperFX,99982,Dry Bowser,Blue Falcon,Paper Glider,Azure Roller
Naoto,89611,Roy,W 25 Silver Arrow,Plane Glider,Roller
Dread,83575,Donkey Kong,Wild Wiggler,Cloud Glider,Roller
X treme,112001,Wario,Pipe Frame,Paper Glider,Azure Roller
Play,78432,Dry Bowser,Splat Buggy,Cloud Glider,Slim
Doodle,59448,Orange Inkling Girl,Streetle,Cloud Glider,Roller
Anthony,88799,Morton,Blue Falcon,Waddle Wing,Slim
X treme,110014,Dry Bowser,Mach 8,Plane Glider,Roller
SuperFX,99596,Dry Bowser,Blue Falcon,Paper Glider,Azure Roller
ワリオさま,89584,Roy,W 25 Silver Arrow,Hylian Kite,Roller
Play,83414,Roy,Wild Wiggler,Cloud Glider,Roller
Horse,60253,Wario,Blue Falcon,Waddle Wing,Slim
X treme,111947,Wario,Pipe Frame,Paper Glider,Azure Roller
Blaze,107671,Morton,Streetle,Cloud Glider,Azure Roller
Mattew,121015,Wario,Blue Falcon,Plane Glider,Azure Roller
Bry,111367,Morton,W 25 Silver Arrow,Peach Parasol,Roller
X treme,75267,King Boo,Biddybuggy,Cloud Glider,Azure Roller
X treme,75257,King Boo,Biddybuggy,Cloud Glider,Azure Roller
Danny,111385,Wario,Landship,Super Glider,Azure Roller
X treme,75069,King Boo,Biddybuggy,Cloud Glider,Azure Roller
Bry,79211,Wario,Biddybuggy,Peach Parasol,Azure Roller
Kevin,79411,Heavy Mii Wario,W 25 Silver Arrow,Plane Glider,Azure Roller
Thomus,89120,Morton,Blue Falcon,Super Glider,Slim
Hayashi,84650,Wario,Mach 8,Paper Glider,Button
Bry,111260,Heavy Mii Varia,W 25 Silver Arrow,Paper Glider,Roller
こまつな,103588,Dry Bowser,Yoshi Bike,Parachute,Roller
Sgt. Guy,86180,Roy,Streetle,Super Glider,Roller
Cole,107794,Dry Bowser,Yoshi Bike,Cloud Glider,Button
Jimmy,83391,Donkey Kong,Wild Wiggler,Parachute,Azure Roller
Mattew,111128,Wario,Wild Wiggler,Super Glider,Button
Blaze,107485,Morton,Biddybuggy,Cloud Glider,Roller
Doodle,73335,Dry Bowser,Comet,Plane Glider,Roller
Cole,107737,Dry Bowser,Yoshi Bike,Cloud Glider,Button
ねれ,105865,Heavy Mii,Biddybuggy,Parafoil,Azure Roller
Doodle,73156,Dry Bowser,Comet,Plane Glider,Roller
Cole,107706,Dry Bowser,Yoshi Bike,Cloud Glider,Button
Bry,111342,Heavy Mii Crossing,W 25 Silver Arrow,Paper Glider,Roller
Justice,74301,Dry Bowser,Comet,Waddle Wing,Roller
Naoto,73722,Heavy Mii Hylian,Comet,MKTV Parafoil,Roller
Davi,117570,Dry Bowser,Streetle,Super Glider,Roller
Jimmy,60148,Dry Bowser,Blue Falcon,Super Glider,Crimson Slim
Doodle,84591,Roy,Comet,MKTV Parafoil,Roller
Cole,107694,Dry Bowser,Yoshi Bike,Cloud Glider,Button
Cole,107693,Dry Bowser,Yoshi Bike,Cloud Glider,Button
Cole,107682,Dry Bowser,Yoshi Bike,Cloud Glider,Button
Cole,107646,Dry Bowser,Yoshi Bike,Cloud Glider,Button
Davi,117495,Dry Bowser,Streetle,Super Glider,Roller
Ren,65012,Wario,W 25 Silver Arrow,Cloud Glider,Slim
おまえモナー,118857,Dry Bowser,Mach 8,Plane Glider,Leaf Tires
TylerR,78189,Morton,Streetle,Super Glider,Azure Roller
Hemi,114443,Wario,Sports Coupe,Cloud Glider,Azure Roller
Blaze,107563,Morton,Biddybuggy,Cloud Glider,Roller
Blaze,107480,Morton,Biddybuggy,Cloud Glider,Roller
Blaze,107451,Morton,Biddybuggy,Cloud Glider,Roller
Blaze,107410,Morton,Biddybuggy,Cloud Glider,Roller
SuperFX,99929,Dry Bowser,Blue Falcon,Paper Glider,Azure Roller
7step,107294,Morton,Biddybuggy,Paper Glider,Roller
Finn,78236,Dry Bowser,Splat Buggy,Cloud Glider,Slim
Mon,81575,Bowser,Mach 8,Paper Glider,Leaf Tires
Larvitar,106868,Roy,Biddybuggy,Bowser Kite,Leaf Tires
Ren,64997,Wario,W 25 Silver Arrow,Cloud Glider,Slim
Luigi_Fan2,80077,Wario,Streetle,Cloud Glider,Roller
Shaun,125983,Morton,Splat Buggy,Hylian Kite,Slim
Matt Beach,63758,Dry Bowser,Splat Buggy,Super Glider,Slim
Finn,77225,Roy,Splat Buggy,Cloud Glider,Slim
Play,77878,Morton,Splat Buggy,Cloud Glider,Crimson Slim
Anthony,86141,Wario,Sport Bike,Waddle Wing,Slim
X treme,109963,Dry Bowser,Mach 8,Plane Glider,Roller
Matt Beach,63600,Dry Bowser,Blue Falcon,Wario Wing,Slim
Play,79339,Dry Bowser,W 25 Silver Arrow,Plane Glider,Azure Roller
Shaun,122005,Heavy Mii,Sports Coupe,Plane Glider,Roller
Ren,64993,Wario,W 25 Silver Arrow,Cloud Glider,Slim
Mattew,110864,Wario,Wild Wiggler,Cloud Glider,Button
Swift,110614,Wario,Yoshi Bike,Cloud Glider,Roller
Dread,85267,Donkey Kong,Streetle,Super Glider,Roller
Shaun,110010,Heavy Mii,Wild Wiggler,Parachute,Roller
Mattew,110747,Wario,Wild Wiggler,Cloud Glider,Button
flc,95061,Orange Inkling Girl,Biddybuggy,Cloud Glider,Roller
Play,83386,Roy,Wild Wiggler,Cloud Glider,Azure Roller
Ren,64950,Wario,W 25 Silver Arrow,Cloud Glider,Slim
Ren,64974,Wario,W 25 Silver Arrow,Cloud Glider,Slim
Mattew,110228,Wario,Wild Wiggler,Cloud Glider,Button
X treme,78548,Dry Bowser,Pipe Frame,Bowser Kite,Roller
John,85213,Roy,Streetle,Hylian Kite,Roller
John,85089,Roy,Streetle,Hylian Kite,Roller
Danny,118767,Wario,Mach 8,Plane Glider,Leaf Tires
John,84945,Roy,Streetle,Hylian Kite,Roller
Ren,64934,Wario,W 25 Silver Arrow,Cloud Glider,Slim
Ren,64846,Wario,W 25 Silver Arrow,Cloud Glider,Slim
Danny,118701,Wario,Mach 8,Plane Glider,Leaf Tires
Danny,118685,Wario,Mach 8,Plane Glider,Leaf Tires
ゆゆゆ,103580,Wario,Yoshi Bike,Peach Parasol,Azure Roller
Bry,111252,Heavy Mii Kirby,W 25 Silver Arrow,Flower Glider,Roller
Bry,111228,Heavy Mii Kirby,W 25 Silver Arrow,Flower Glider,Roller
Bry,111171,Heavy Mii Fox,W 25 Silver Arrow,Flower Glider,Roller
Danny,118664,Wario,Mach 8,Wario Wing,Leaf Tires
Danny,118656,Wario,Mach 8,Wario Wing,Leaf Tires
Danny,118592,Wario,Mach 8,Wario Wing,Leaf Tires
Danny,118576,Wario,Mach 8,Wario Wing,Leaf Tires
Kay,119149,Heavy Mii Crossing,Streetle,Paper Glider,Azure Roller
Finn,77595,Dry Bowser,Splat Buggy,Cloud Glider,Slim
Peze,106606,Wario,Biddybuggy,Paper Glider,Azure Roller
X treme,78531,Dry Bowser,Pipe Frame,Bowser Kite,Roller
スイミー,119947,Wario,Inkstriker,Cloud Glider,Azure Roller
Kamek,119770,Dry Bowser,Inkstriker,Super Glider,Roller
Kamek,119483,Dry Bowser,Inkstriker,Super Glider,Roller
Kevin,79139,Heavy Mii Mario,W 25 Silver Arrow,Plane Glider,Azure Roller
Mick,87852,Dry Bowser,Splat Buggy,Parafoil,Slim
Jimmy,83332,Roy,Wild Wiggler,Cloud Glider,Azure Roller
Jimmy,83275,Roy,Wild Wiggler,Cloud Glider,Azure Roller
Jimmy,77679,Dry Bowser,Splat Buggy,Cloud Glider,Crimson Slim
Danny,123163,Bowser,Mach 8,Plane Glider,Roller
Doodle,103486,Dry Bowser,Comet,Cloud Glider,Roller
Cole,89301,Roy,Yoshi Bike,Cloud Glider,Azure Roller
zono,103519,Dry Bowser,Comet,Parachute,Roller
Hande,117012,Dry Bowser,Streetle,Super Glider,Roller
Dragnir,107050,Dry Bowser,Streetle,Hylian Kite,Roller
Doodle,82134,Orange Inkling Girl,Streetle,Cloud Glider,Roller
Davi,117336,Dry Bowser,Streetle,Super Glider,Roller
Cole,118092,Donkey Kong,Yoshi Bike,Cloud Glider,Leaf Tires
Cole,118079,Donkey Kong,Yoshi Bike,Cloud Glider,Leaf Tires
Cole,117983,Donkey Kong,Yoshi Bike,Cloud Glider,Leaf Tires
X treme,109869,Dry Bowser,Mach 8,Plane Glider,Roller
TylerR,79985,Male Villager,Biddybuggy,Cloud Glider,Azure Roller
X treme,78446,Dry Bowser,Pipe Frame,Bowser Kite,Roller
K4I,110749,Wario,Blue Falcon,Hylian Kite,Azure Roller
SuperFX,111136,Dry Bowser,W 25 Silver Arrow,Flower Glider,Roller
Cole,102851,Dry Bowser,Comet,Parachute,Roller
flc,94988,Orange Inkling Girl,Biddybuggy,Cloud Glider,Roller
Dragnir,106990,Dry Bowser,Streetle,Hylian Kite,Roller
Dragnir,106965,Dry Bowser,Streetle,Hylian Kite,Roller
Dread,87396,Wario,Standard Kart,Cloud Glider,Slim
Kevin,85942,Heavy Mii Fox,Biddybuggy,Plane Glider,Azure Roller
X treme,72459,Heavy Mii DK,Pipe Frame,Parachute,Azure Roller
flc,94831,Orange Inkling Girl,Biddybuggy,Cloud Glider,Roller
Ren,64845,Wario,W 25 Silver Arrow,Cloud Glider,Slim
Dread,75197,Wario,W 25 Silver Arrow,Cloud Glider,Slim
ぷれいやー,110150,Heavy Mii,Wild Wiggler,Waddle Wing,Roller
zono,103172,Dry Bowser,Comet,Parachute,Roller
ケケ,104950,Dry Bowser,Landship,Super Glider,Azure Roller
Thomus,89068,Morton,Blue Falcon,Hylian Kite,Slim
7step,106931,Morton,Biddybuggy,Paper Glider,Roller
Thurmos,107592,Wario,Wild Wiggler,Cloud Glider,Azure Roller
Chim,63749,Baby Daisy,Biddybuggy,Cloud Glider,Leaf Tires
Dragnir,106903,Dry Bowser,Streetle,Hylian Kite,Roller
TylerR,77999,Morton,Streetle,Super Glider,Azure Roller
TylerR,79785,Morton,Streetle,Cloud Glider,Azure Roller
Ren,64362,Wario,W 25 Silver Arrow,Cloud Glider,Slim
Ren,64524,Wario,W 25 Silver Arrow,Cloud Glider,Slim
Ren,64469,Wario,W 25 Silver Arrow,Cloud Glider,Slim
Peze,106886,Heavy Mii Crossing,Biddybuggy,Paper Glider,Azure Roller
FleeT,124036,Bowser,Splat Buggy,Super Glider,Slim
Shaun,123965,Heavy Mii,Splat Buggy,Super Glider,Slim
ぺんぎんさむらい,86071,Morton,Sport Bike,Super Glider,Slim
Peka,126259,Morton,Streetle,Plane Glider,Crimson Slim
X treme,78281,Dry Bowser,Pipe Frame,Cloud Glider,Roller
Thomus,89071,Morton,Blue Falcon,Hylian Kite,Slim
Shaun,122374,Heavy Mii,Sports Coupe,Plane Glider,Roller
Ti_C,47859,Daisy,Wild Wiggler,Parachute,Button
Kevin,79474,Heavy Mii,Biddybuggy,Plane Glider,Azure Roller
Bry,79364,Wario,Biddybuggy,Paper Glider,Azure Roller
Shaun,122245,Heavy Mii,Sports Coupe,Plane Glider,Roller
Alex94,103144,Wario,Comet,Parachute,Button
Shaun,122178,Heavy Mii,Sports Coupe,Plane Glider,Roller
Cynda,75389,Heavy Mii Varia,W 25 Silver Arrow,Cloud Glider,Slim
Thomus,88914,Morton,Blue Falcon,Hylian Kite,Slim
Mick,83929,Yoshi,Wild Wiggler,Parafoil,Slim
Mick,83579,Yoshi,Wild Wiggler,Parafoil,Slim
Mick,83159,Yoshi,Wild Wiggler,Parafoil,Slim
Mon,81435,Bowser,Mach 8,Paper Glider,Leaf Tires
Cole,89463,Roy,Yoshi Bike,Cloud Glider,Azure Roller
とれいん。,124615,Wario,Sports Coupe,Plane Glider,Leaf Tires
Jimmy,86597,Dry Bowser,Prancer,Super Glider,Azure Roller
Jimmy,86414,Dry Bowser,Pipe Frame,Super Glider,Azure Roller
Jimmy,86366,Dry Bowser,Pipe Frame,Super Glider,Azure Roller
Jimmy,86350,Dry Bowser,Pipe Frame,Super Glider,Azure Roller
Jimmy,86324,Dry Bowser,Pipe Frame,Super Glider,Azure Roller
Jimmy,86292,Dry Bowser,Pipe Frame,Super Glider,Azure Roller
Naoto,121206,Heavy Mii Hylian,Streetle,Parafoil,Roller
Shaun,122167,Heavy Mii,Sports Coupe,Plane Glider,Roller
Snowdog,83265,Roy,Wild Wiggler,Parachute,Azure Roller
Thurmos,107664,Wario,Wild Wiggler,Cloud Glider,Azure Roller
Ren,64313,Wario,W 25 Silver Arrow,Cloud Glider,Crimson Slim
FleeT,123863,Bowser,Splat Buggy,Super Glider,Slim
flc,94890,Orange Inkling Girl,Biddybuggy,Cloud Glider,Roller
flc,94825,Orange Inkling Girl,Biddybuggy,Cloud Glider,Roller
FleeT,118643,Roy,Sneeker,Super Glider,Roller
Ren,81967,Wario,Biddybuggy,Flower Glider,Azure Roller
とれいん。,124812,Wario,Sports Coupe,Plane Glider,Roller
Shaun,122046,Heavy Mii,Sports Coupe,Plane Glider,Roller
おまえモナー,79640,Green Inkling Girl,Biddybuggy,Paper Glider,Leaf Tires
Jimmy,83136,Roy,Wild Wiggler,Cloud Glider,Azure Roller
zono,103083,Dry Bowser,Comet,Parachute,Roller
FleeT,123906,Bowser,Splat Buggy,Super Glider,Slim
Shaun,122095,Heavy Mii,Sports Coupe,Plane Glider,Roller
Peze,106844,Dry Bowser,Biddybuggy,Paper Glider,Azure Roller
Peze,106806,Dry Bowser,Biddybuggy,Paper Glider,Azure Roller
Shaun,122072,Heavy Mii,Sports Coupe,Plane Glider,Roller
Joe,91582,Wario,Streetle,Cloud Glider,Roller
Jimmy,62916,Dry Bowser,Splat Buggy,Super Glider,Crimson Slim
Luigi_Fan2,86231,Waluigi,Pipe Frame,Super Glider,Roller
Kay,118853,Heavy Mii Crossing,Streetle,Paper Glider,Azure Roller
エル,110719,Wario,Splat Buggy,Wario Wing,Azure Roller
TylerR,85717,Morton,Biddybuggy,Cloud Glider,Azure Roller
エル,110711,Wario,Splat Buggy,Wario Wing,Azure Roller
Pyrax,103927,Roy,Biddybuggy,Cloud Glider,Leaf Tires
X treme,105833,Wario,Biddybuggy,Paper Glider,Azure Roller
Cole,89130,Roy,Yoshi Bike,Cloud Glider,Azure Roller
X treme,105737,Heavy Mii PAC-MAN,Biddybuggy,Paper Glider,Azure Roller
エル,110646,Wario,Splat Buggy,Wario Wing,Azure Roller
Ren,64286,Wario,W 25 Silver Arrow,Flower Glider,Crimson Slim
ケーべルト,116954,Wario,Streetle,Super Glider,Azure Roller
Finn,87846,Morton,Splat Buggy,Cloud Glider,Slim
Carson,86247,Dry Bowser,Streetle,Super Glider,Roller
Jimmy,62833,Dry Bowser,Splat Buggy,Super Glider,Crimson Slim
X treme,105652,Wario,Biddybuggy,MKTV Parafoil,Azure Roller
TylerR,85575,Dry Bowser,Biddybuggy,Cloud Glider,Azure Roller
Shaun,121830,Heavy Mii,Sports Coupe,Plane Glider,Roller
Suuya,110462,Wario,Yoshi Bike,Cloud Glider,Roller
あお,88985,Bowser,Pipe Frame,Super Glider,Roller
TylerR,79548,Morton,Streetle,Cloud Glider,Azure Roller
Davi,117323,Dry Bowser,Streetle,Super Glider,Azure Roller
X treme,105561,Waluigi,Biddybuggy,Paper Glider,Roller
X treme,105293,Waluigi,Biddybuggy,Paper Glider,Roller
Jimmy,86173,Donkey Kong,Pipe Frame,Super Glider,Azure Roller
7step,106736,Bowser,Biddybuggy,Paper Glider,Roller
おまえモナー,79515,Orange Inkling Girl,Biddybuggy,Paper Glider,Roller
Kay,121005,Heavy Mii Crossing,Splat Buggy,Super Glider,Azure Roller
Kevin,83131,Heavy Mii Mega Man,Biddybuggy,MKTV Parafoil,Azure Roller
Shaun,123819,Dry Bowser,Splat Buggy,Plane Glider,Slim
Chim,63163,Purple Inkling Boy,Biddybuggy,Cloud Glider,Leaf Tires
Jimmy,62733,Dry Bowser,Splat Buggy,Super Glider,Crimson Slim
Jimmy,63558,Dry Bowser,Blue Falcon,Super Glider,Crimson Slim
Ren,82668,Wario,Biddybuggy,Flower Glider,Azure Roller
Bry,79352,Wario,Biddybuggy,Peach Parasol,Azure Roller
starxlx,84712,Morton,Streetle,Cloud Glider,Azure Roller
X treme,103302,Donkey Kong,Biddybuggy,Parachute,Azure Roller
Thomus,88563,Morton,Blue Falcon,Hylian Kite,Crimson Slim
おまえモナー,79383,Pink Inkling Girl,Biddybuggy,Paper Glider,Azure Roller
Jujudut,105134,Roy,Streetle,Parachute,Azure Roller
Mattew,126047,Wario,Splat Buggy,Super Glider,Slim
Davi,117216,Dry Bowser,Streetle,Super Glider,Roller
Horse,60113,Wario,Blue Falcon,Waddle Wing,Crimson Slim
Jimmy,63449,Dry Bowser,Blue Falcon,Super Glider,Crimson Slim
Kevin,78627,Heavy Mii Yoshi,Pipe Frame,Parachute,Azure Roller
Mick,59348,Yoshi,Biddybuggy,Parachute,Azure Roller
Mick,59283,Yoshi,Biddybuggy,Parachute,Azure Roller
Mick,59036,Yoshi,Biddybuggy,Parachute,Azure Roller
Thomus,88731,Morton,Blue Falcon,Hylian Kite,Crimson Slim
Doodle,59029,Green Inkling Girl,Landship,Cloud Glider,Azure Roller
Thomus,88725,Morton,Blue Falcon,Hylian Kite,Crimson Slim
Darren,117221,Wario,Streetle,Parachute,Azure Roller
Cole,86043,Morton,Sport Bike,Super Glider,Slim
Cole,85902,Morton,Sport Bike,Super Glider,Slim
とれいん。,110385,Wario,Mach 8,Plane Glider,Leaf Tires
Thomus,88596,Morton,Blue Falcon,Hylian Kite,Crimson Slim
Thomus,88593,Morton,Blue Falcon,Hylian Kite,Crimson Slim
Kay,118707,Heavy Mii Crossing,Streetle,Paper Glider,Azure Roller
flc,94684,Orange Inkling Girl,Biddybuggy,Cloud Glider,Roller
Ren,83008,Wario,Biddybuggy,Flower Glider,Button
Thomus,88444,Morton,Blue Falcon,Hylian Kite,Crimson Slim
FleeT,111052,Dry Bowser,W 25 Silver Arrow,Cloud Glider,Roller
starxlx,91789,Morton,Streetle,Paper Glider,Azure Roller
Power,125998,Wario,Splat Buggy,Hylian Kite,Slim
Liar,104833,Dry Bowser,Landship,Super Glider,Roller
Shaun,125966,Morton,Splat Buggy,Hylian Kite,Slim
Shaun,125770,Morton,Splat Buggy,Hylian Kite,Slim
Shaun,125686,Morton,Splat Buggy,Hylian Kite,Slim
starxlx,85686,Roy,Streetle,Paper Glider,Azure Roller
Kevin,78445,Heavy Mii Yoshi,Pipe Frame,Parachute,Azure Roller
Kevin,78254,Heavy Mii Yoshi,Pipe Frame,Parachute,Azure Roller
Mick,58956,Yoshi,Biddybuggy,Parachute,Azure Roller
starxlx,85649,Roy,Streetle,Super Glider,Azure Roller
starxlx,85579,Roy,Streetle,Super Glider,Azure Roller
starxlx,85331,Roy,Streetle,Super Glider,Azure Roller
starxlx,85309,Roy,Streetle,Super Glider,Azure Roller
starxlx,85266,Roy,Streetle,Super Glider,Azure Roller
K4I,121746,Wario,W 25 Silver Arrow,Flower Glider,Azure Roller
Hemi,114212,Wario,Sports Coupe,Cloud Glider,Azure Roller
TylerR,85595,Dry Bowser,Biddybuggy,Cloud Glider,Azure Roller
Doodle,73269,Morton,Sport Bike,Super Glider,Slim
Demon,110344,Wario,Streetle,Super Glider,Azure Roller
Jimmy,84910,Roy,Streetle,Cloud Glider,Azure Roller
Kevin,85603,Heavy Mii,Biddybuggy,Plane Glider,Azure Roller
Vantox,116818,Dry Bowser,Wild Wiggler,Super Glider,Roller
Ren,82259,Wario,Biddybuggy,Flower Glider,Azure Roller
Kevin,78230,Heavy Mii Yoshi,Pipe Frame,Parachute,Azure Roller
Kins0,85541,Donkey Kong,Pipe Frame,Super Glider,Azure Roller
Jimmy,83117,Roy,Wild Wiggler,Cloud Glider,Azure Roller
とれいん。,110287,Wario,Mach 8,MKTV Parafoil,Leaf Tires
SuperFX,99443,Dry Bowser,Blue Falcon,Paper Glider,Azure Roller
Kevin,78017,Heavy Mii Yoshi,Pipe Frame,Parachute,Azure Roller
starxlx,85012,Roy,Streetle,Super Glider,Azure Roller
むし,105027,Roy,Biddybuggy,MKTV Parafoil,Roller
Dread,75145,Wario,W 25 Silver Arrow,Cloud Glider,Slim
Joe,91787,Wario,Streetle,Cloud Glider,Roller
Doodle,58898,Green Inkling Girl,Landship,Cloud Glider,Azure Roller
Doodle,58763,Green Inkling Girl,Landship,Cloud Glider,Azure Roller
Jimmy,82537,Dry Bowser,Mach 8,Cloud Glider,Crimson Slim
Luigi_Fan2,73302,Wario,Sport Bike,Super Glider,Slim
Doodle,73180,Morton,Sport Bike,Super Glider,Slim
Matt Beach,63365,Wario,Blue Falcon,Wario Wing,Slim
Snowdog,83006,Roy,Wild Wiggler,Cloud Glider,Azure Roller
Jimmy,82858,Roy,Wild Wiggler,Cloud Glider,Azure Roller
Rom,87831,Heavy Mii Crossing,Splat Buggy,Cloud Glider,Crimson Slim
Ren,82372,Wario,Biddybuggy,Flower Glider,Azure Roller
Ren,82174,Wario,Biddybuggy,Flower Glider,Azure Roller
むし,104708,Roy,Biddybuggy,MKTV Parafoil,Azure Roller
Anthony,47855,Daisy,Wild Wiggler,Waddle Wing,Button
Ren,81850,Wario,Biddybuggy,Flower Glider,Azure Roller
Rom,87819,Heavy Mii Crossing,Splat Buggy,Cloud Glider,Crimson Slim
Rom,87766,Heavy Mii Crossing,Splat Buggy,Cloud Glider,Crimson Slim
Xander,118532,Heavy Mii Pikmin,Streetle,Paper Glider,Azure Roller
となりん,111829,Wario,Sports Coupe,Paper Glider,Leaf Tires
むし,104592,Roy,Biddybuggy,Paper Glider,Azure Roller
K4I,110217,Wario,Mach 8,Cloud Glider,Leaf Tires
FleeT,111131,Dry Bowser,W 25 Silver Arrow,Cloud Glider,Roller
SuperFX,99163,Dry Bowser,Blue Falcon,Paper Glider,Azure Roller
Alex94,103059,Wario,Comet,Bowser Kite,Roller
Cole,102960,Dry Bowser,Comet,Parachute,Roller
Cole,102680,Dry Bowser,Comet,Parachute,Roller
Doodle,102932,Dry Bowser,Comet,Cloud Glider,Roller
Shaun,123863,Dry Bowser,Splat Buggy,Plane Glider,Slim
となりん,111886,Wario,Sports Coupe,Paper Glider,Leaf Tires
ぷれいやー,109898,Heavy Mii,Wild Wiggler,Waddle Wing,Roller
Shaun,123823,Dry Bowser,Splat Buggy,Plane Glider,Slim
Shaun,123756,Dry Bowser,Splat Buggy,Plane Glider,Slim
K4I,110319,Wario,Mach 8,MKTV Parafoil,Leaf Tires
starxlx,85065,Roy,Streetle,Super Glider,Azure Roller
Demon,110455,Wario,Streetle,Super Glider,Azure Roller
Xander,110376,Dry Bowser,Streetle,Super Glider,Azure Roller
ケーべルト,116811,Roy,Biddybuggy,Super Glider,Roller
SuperFX,99317,Dry Bowser,Blue Falcon,Paper Glider,Azure Roller
7step,106596,Bowser,Biddybuggy,Paper Glider,Roller
むし,104509,Roy,Biddybuggy,MKTV Parafoil,Azure Roller
starxlx,85006,Roy,Streetle,Super Glider,Azure Roller
Jimmy,63273,Dry Bowser,Blue Falcon,Super Glider,Crimson Slim
Peze,106495,Dry Bowser,Biddybuggy,Paper Glider,Azure Roller
TylerR,85688,Morton,Biddybuggy,Cloud Glider,Azure Roller
starxlx,84913,Roy,Streetle,Super Glider,Azure Roller
starxlx,84810,Roy,Streetle,Super Glider,Azure Roller
Dread,87742,Wario,Wild Wiggler,Cloud Glider,Slim
Dread,87616,Wario,Wild Wiggler,Cloud Glider,Slim
Kevin,77805,Heavy Mii Yoshi,Pipe Frame,Parachute,Azure Roller
Dread,87489,Wario,Standard Kart,Cloud Glider,Slim
Joe,91724,Wario,Streetle,Cloud Glider,Roller
Joe,91644,Wario,Streetle,Cloud Glider,Roller
Doodle,73030,Dry Bowser,Comet,Wario Wing,Roller
Sonder,83059,Koopa Troopa,Biddybuggy,Paper Glider,Azure Roller
あお,88731,Dry Bowser,Pipe Frame,Super Glider,Azure Roller
Kins0,85862,Waluigi,Pipe Frame,Waddle Wing,Azure Roller
ゆず,73120,Bowser,Comet,Plane Glider,Roller
Ren,81710,Wario,Biddybuggy,Flower Glider,Azure Roller
Anthony,47849,Daisy,Wild Wiggler,Waddle Wing,Button
Shaun,125594,Dry Bowser,Splat Buggy,Plane Glider,Slim
Ryan5,73051,Morton,Master Cycle,Plane Glider,Slim
むし,104429,Roy,Biddybuggy,MKTV Parafoil,Azure Roller
Ren,81682,Wario,Biddybuggy,Flower Glider,Azure Roller
Mick,82067,Yoshi,Biddybuggy,Cloud Glider,Azure Roller
Mattew,120928,Wario,Blue Falcon,Plane Glider,Azure Roller
TylerR,64125,Dry Bowser,W 25 Silver Arrow,Cloud Glider,Crimson Slim
flc,82711,Baby Daisy,Biddybuggy,Cloud Glider,Roller
むし,104410,Roy,Biddybuggy,Parachute,Roller
ゆず,72924,Dry Bowser,Comet,Wario Wing,Roller
Davi,117160,Dry Bowser,Streetle,Super Glider,Azure Roller
Ren,81551,Wario,Biddybuggy,Flower Glider,Azure Roller
ぺんぎんさむらい,85902,Morton,Sport Bike,Super Glider,Slim
Ren,81617,Wario,Biddybuggy,Flower Glider,Azure Roller
Ren,81481,Wario,Biddybuggy,Flower Glider,Azure Roller
FleeT,110961,Dry Bowser,W 25 Silver Arrow,Cloud Glider,Roller
Thurmos,107714,Wario,Wild Wiggler,Cloud Glider,Azure Roller
Thurmos,107541,Wario,Wild Wiggler,Cloud Glider,Azure Roller
Jimmy,74995,Dry Bowser,W 25 Silver Arrow,Cloud Glider,Crimson Slim
Thomus,88327,Morton,Blue Falcon,Gold Glider,Crimson Slim
Kamek,119417,Dry Bowser,Inkstriker,Super Glider,Roller
Cole,85717,Morton,Sport Bike,Super Glider,Slim
Demon,110310,Wario,Streetle,Super Glider,Azure Roller
X treme,109866,Dry Bowser,Mach 8,Gold Glider,Roller
Cole,117930,Roy,Yoshi Bike,Cloud Glider,Leaf Tires
Cole,117899,Roy,Yoshi Bike,Cloud Glider,Leaf Tires
Cole,117707,Roy,Yoshi Bike,Cloud Glider,Leaf Tires
ぺんぎんさむらい,85857,Morton,Sport Bike,Super Glider,Slim
Kamek,119377,Dry Bowser,Inkstriker,Super Glider,Roller
Mick,81978,Yoshi,Biddybuggy,Cloud Glider,Azure Roller
Mick,81970,Yoshi,Biddybuggy,Cloud Glider,Azure Roller
Mick,81668,Yoshi,Biddybuggy,Cloud Glider,Azure Roller
Mick,81063,Yoshi,Biddybuggy,Cloud Glider,Azure Roller
Darren,87328,Waluigi,Inkstriker,Super Glider,Slim
Doodle,82939,Koopa Troopa ,Biddybuggy,Cloud Glider,Azure Roller
Darky,47803,Gold Mario,Wild Wiggler,Flower Glider,Button
Carson,79049,Dry Bowser,W 25 Silver Arrow,Plane Glider,Azure Roller
ゆず,73026,Dry Bowser,Comet,Wario Wing,Roller
Doodle,72866,Dry Bowser,Comet,Plane Glider,Azure Roller
flc,82825,Baby Daisy,Biddybuggy,Cloud Glider,Roller
Anthony,47773,Blue Yoshi,Wild Wiggler,Super Glider,Button
flc,82430,Baby Daisy,Biddybuggy,Cloud Glider,Roller
starxlx,78616,Morton,Biddybuggy,Super Glider,Azure Roller
X treme,77562,Donkey Kong,Biddybuggy,Peach Parasol,Azure Roller
Jimmy,75048,Dry Bowser,W 25 Silver Arrow,Cloud Glider,Crimson Slim
Kins0,86911,Wario,Mach 8,Cloud Glider,Crimson Slim
starxlx,78450,Morton,Biddybuggy,Super Glider,Azure Roller
Bry,79172,Wario,Biddybuggy,Flower Glider,Azure Roller
Bry,79088,Wario,Biddybuggy,Cloud Glider,Azure Roller
Jimmy,86890,Dry Bowser,Mach 8,Cloud Glider,Crimson Slim
Darky,47768,Gold Mario,Wild Wiggler,Flower Glider,Button
Darky,47719,Gold Mario,Wild Wiggler,Flower Glider,Button
Mick,70195,Dry Bowser,Biddybuggy,Cloud Glider,Leaf Tires
John,84803,Roy,Streetle,Paper Glider,Roller
John,78400,Wario,Biddybuggy,Paper Glider,Roller
starxlx,78366,Morton,Biddybuggy,Super Glider,Azure Roller
Doodle,82411,Baby Peach,Biddybuggy,Peach Parasol,Roller
Bry,78967,Wario,Biddybuggy,Parachute,Azure Roller
Jimmy,62716,Dry Bowser,Splat Buggy,Super Glider,Crimson Slim
Anthony,47662,Blue Yoshi,Wild Wiggler,Super Glider,Button
Jimmy,62616,Dry Bowser,Splat Buggy,Super Glider,Crimson Slim
Luigi_Fan2,77873,Donkey Kong,Mr. Scooty,Cloud Glider,Roller
Luigi_Fan2,77688,Donkey Kong,Mr. Scooty,Cloud Glider,Roller
Tyler,107685,Wario,W 25 Silver Arrow,Paper Glider,Azure Roller
Kevin,112713,Heavy Mii Wario,Sports Coupe,Plane Glider,Crimson Slim
Peze,106466,Dry Bowser,Biddybuggy,Paper Glider,Azure Roller
とれいん。,110160,Wario,Mach 8,MKTV Parafoil,Leaf Tires
Shaun,112713,Heavy Mii,Sports Coupe,Plane Glider,Slim
Shaun,112688,Heavy Mii,Sports Coupe,Plane Glider,Slim
beat,123140,Dry Bowser,Sports Coupe,Plane Glider,Roller
むし,104226,Roy,Biddybuggy,Parachute,Roller
ケーべルト,116680,Roy,Biddybuggy,Super Glider,Roller
Shaun,112648,Heavy Mii,Sports Coupe,Plane Glider,Slim
Kay,120917,Heavy Mii Crossing,Splat Buggy,Paper Glider,Azure Roller
Peze,106567,Dry Bowser,Biddybuggy,Paper Glider,Azure Roller
Shaun,116667,Roy,Biddybuggy,Plane Glider,Roller
Ren,64071,Wario,W 25 Silver Arrow,Cloud Glider,Slim
Peze,106474,Dry Bowser,Biddybuggy,Paper Glider,Azure Roller
Thurmos,107486,Wario,Wild Wiggler,Cloud Glider,Azure Roller
Shaun,112631,Heavy Mii,Sports Coupe,Plane Glider,Slim
starxlx,78233,Morton,Biddybuggy,Super Glider,Azure Roller
Kevin,85317,Heavy Mii Bowser,Biddybuggy,Plane Glider,Azure Roller
starxlx,78116,Morton,Biddybuggy,Super Glider,Azure Roller
Mick,58607,Koopa Troopa,Pipe Frame,Cloud Glider,Azure Roller
TylerR,63973,Dry Bowser,W 25 Silver Arrow,Cloud Glider,Crimson Slim
Cole,107070,Wario,Sport Bike,Super Glider,Slim
Cole,106994,Wario,Sport Bike,Super Glider,Slim
Cole,106814,Wario,Sport Bike,Super Glider,Slim
Justice,60113,Dry Bowser,Jet Bike,Hylian Kite,Crimson Slim
Kamek,106870,Dry Bowser,Streetle,Hylian Kite,Roller
とれいん。,110145,Wario,Mach 8,MKTV Parafoil,Leaf Tires
flc,82227,Baby Daisy,Biddybuggy,Cloud Glider,Roller
X treme,104000,Roy,Biddybuggy,Cloud Glider,Leaf Tires
Kay,120868,Heavy Mii Crossing,Splat Buggy,Super Glider,Azure Roller
Mick,60074,Dry Bowser,Blue Falcon,Super Glider,Slim
Mick,59849,Dry Bowser,Blue Falcon,Super Glider,Slim
Kamek,106791,Dry Bowser,Streetle,Hylian Kite,Roller
Kamek,106589,Dry Bowser,Streetle,Hylian Kite,Roller
Demon,110251,Wario,Streetle,Super Glider,Azure Roller
X treme,105676,Roy,Biddybuggy,Cloud Glider,Leaf Tires
X treme,104723,Roy,Biddybuggy,Cloud Glider,Leaf Tires
X treme,104499,Roy,Biddybuggy,Cloud Glider,Leaf Tires
X treme,104116,Roy,Biddybuggy,Cloud Glider,Leaf Tires
K4I,103455,Waluigi,Biddybuggy,Cloud Glider,Leaf Tires
X treme,103942,Roy,Biddybuggy,Cloud Glider,Leaf Tires
X treme,103423,Roy,Biddybuggy,Cloud Glider,Leaf Tires
Siaru,106307,Roy,Biddybuggy,Hylian Kite,Leaf Tires
K4I,103389,Donkey Kong,Biddybuggy,Cloud Glider,Leaf Tires
ワリオさま,89395,Roy,W 25 Silver Arrow,Hylian Kite,Roller
Seboss,111768,Wario,Sports Coupe,Paper Glider,Leaf Tires
X treme,77475,Roy,Biddybuggy,MKTV Parafoil,Azure Roller
X treme,77245,Roy,Biddybuggy,Cloud Glider,Azure Roller
John,77966,Roy,Biddybuggy,Hylian Kite,Roller
Dread,79471,Wario,Streetle,Cloud Glider,Roller
Doodle,82192,Baby Peach,Biddybuggy,Peach Parasol,Roller
K4I,103342,Donkey Kong,Biddybuggy,Cloud Glider,Leaf Tires
Jimmy,85991,Dry Bowser,Streetle,Super Glider,Azure Roller
Stacy1199,89514,Waluigi,W 25 Silver Arrow,Super Glider,Blue Standard
Jimmy,86848,Dry Bowser,Mach 8,Cloud Glider,Crimson Slim
いたくら,116577,Roy,Biddybuggy,Super Glider,Azure Roller
K4I,103322,Donkey Kong,Biddybuggy,Cloud Glider,Leaf Tires
Shaun,116542,Roy,Biddybuggy,Plane Glider,Roller
X treme,103274,Roy,Biddybuggy,Cloud Glider,Leaf Tires
X treme,103143,Roy,Biddybuggy,Cloud Glider,Leaf Tires
K4I,103095,Waluigi,Biddybuggy,Cloud Glider,Leaf Tires
K4I,103084,Waluigi,Biddybuggy,Cloud Glider,Leaf Tires
Yui Funami,121741,Wario,W 25 Silver Arrow,Cloud Glider,Azure Roller
John,77616,Roy,Biddybuggy,Hylian Kite,Roller
K4I,102952,Waluigi,Biddybuggy,Cloud Glider,Leaf Tires
Shaun,112621,Heavy Mii,Sports Coupe,Plane Glider,Slim
starxlx,77966,Roy,Biddybuggy,Super Glider,Roller
starxlx,77783,Roy,Biddybuggy,Super Glider,Roller
starxlx,77750,Roy,Biddybuggy,Super Glider,Roller
TylerR,86140,Dry Bowser,Streetle,Super Glider,Roller
Demon,90453,Waluigi,Blue Falcon,Super Glider,Azure Roller
Demon,110304,Wario,Streetle,Super Glider,Azure Roller
Demon,90349,Waluigi,Blue Falcon,Super Glider,Azure Roller
Ren,63972,Wario,W 25 Silver Arrow,Cloud Glider,Slim
Ren,63930,Wario,W 25 Silver Arrow,Cloud Glider,Slim
Mattew,125559,Wario,Splat Buggy,Plane Glider,Slim
ゆず,72953,Morton,Master Cycle,Super Glider,Slim
Matt Beach,63238,Dry Bowser,Blue Falcon,Waddle Wing,Slim
Pyrax,111567,Dry Bowser,Sports Coupe,Paper Glider,Leaf Tires
Kevin,85147,Heavy Mii Bowser,Biddybuggy,Plane Glider,Azure Roller
Power,83921,Roy,Streetle,Cloud Glider,Roller
Ren,81260,Waluigi,Biddybuggy,Plane Glider,Azure Roller
Horse,59617,Wario,Blue Falcon,Waddle Wing,Crimson Slim
Bry,78356,Wario,Biddybuggy,Cloud Glider,Azure Roller
starxlx,79949,King Boo,Streetle,Cloud Glider,Roller
Shaun,125465,Dry Bowser,Splat Buggy,Plane Glider,Slim
Luigi_Fan2,57768,Wario,Mach 8,Cloud Glider,Slim
Pyrax,111761,Dry Bowser,Sports Coupe,Paper Glider,Leaf Tires
Horse,59845,Wario,Blue Falcon,Waddle Wing,Crimson Slim
みn,121737,Wario,W 25 Silver Arrow,Flower Glider,Azure Roller
Pyrax,111571,Dry Bowser,Sports Coupe,Paper Glider,Leaf Tires
Pyrax,111508,Dry Bowser,Sports Coupe,Paper Glider,Leaf Tires
Yui Funami,121717,Wario,W 25 Silver Arrow,Cloud Glider,Azure Roller
duel,114153,Wario,Sports Coupe,Super Glider,Roller
Leus,114725,Heavy Mii Varia,W 25 Silver Arrow,Hylian Kite,Azure Roller
ぷれいやー,109878,Heavy Mii,Wild Wiggler,Waddle Wing,Roller
Luigi_Fan2,57650,Wario,Mach 8,Cloud Glider,Slim
Mick,69980,Dry Bowser,Biddybuggy,Cloud Glider,Leaf Tires
Doodle,82130,Baby Peach,Biddybuggy,Peach Parasol,Roller
Lyte,107609,Heavy Mii,Sports Coupe,Paper Glider,Leaf Tires
ふゆいろ,74961,Wario,W 25 Silver Arrow,Paper Glider,Crimson Slim
ことちゃんすき,84546,Roy,Comet,MKTV Parafoil,Roller
Lyte,82502,Light-blue Yoshi,Streetle,Super Glider,Roller
FleeT,111101,Dry Bowser,W 25 Silver Arrow,Cloud Glider,Roller
FleeT,111036,Dry Bowser,W 25 Silver Arrow,Cloud Glider,Roller
FleeT,111022,Dry Bowser,W 25 Silver Arrow,Cloud Glider,Roller
Danny,123125,Bowser,Mach 8,Plane Glider,Roller
ぷれいやー,109835,Heavy Mii,Wild Wiggler,Waddle Wing,Roller
Kamek,111349,Dry Bowser,Sports Coupe,Super Glider,Leaf Tires
Tyler,114667,Morton,W 25 Silver Arrow,Super Glider,Azure Roller
Kamek,77345,Roy,Streetle,Cloud Glider,Roller
Demon,110243,Wario,Streetle,Super Glider,Azure Roller
Kamek,77285,Roy,Streetle,Cloud Glider,Roller
Doodle,77204,Waluigi,Landship,Cloud Glider,Roller
Shaun,125524,Dry Bowser,Splat Buggy,Plane Glider,Slim
SuperFX,99008,Dry Bowser,Mach 8,Paper Glider,Leaf Tires
Liar,104766,Dry Bowser,Landship,Super Glider,Roller
beat,123112,Bowser,Sports Coupe,Plane Glider,Roller
Kazuo,121681,Wario,W 25 Silver Arrow,Parachute,Azure Roller
TylerR,78920,Dry Bowser,Biddybuggy,Super Glider,Azure Roller
Horse,59754,Wario,Blue Falcon,Waddle Wing,Crimson Slim
Finn,89640,Roy,Streetle,Waddle Wing,Azure Roller
Jimmy,91401,Dry Bowser,Biddybuggy,Super Glider,Azure Roller
どらさ,79364,Baby Rosalina,Biddybuggy,Paper Glider,Azure Roller
Treat,63123,Heavy Mii Kirby,Blue Falcon,Gold Glider,Slim
ことちゃんすき,84423,Roy,Yoshi Bike,Paper Glider,Roller
Shaun,125523,Dry Bowser,Splat Buggy,Plane Glider,Slim
とれいん。,81421,Wario,Mach 8,Paper Glider,Leaf Tires
flc,82097,Baby Daisy,Biddybuggy,Cloud Glider,Roller
Ren,114502,Morton,W 25 Silver Arrow,Super Glider,Roller
Horse,59839,Wario,Blue Falcon,Waddle Wing,Crimson Slim
X treme,102917,Roy,Biddybuggy,Flower Glider,Leaf Tires
Shaun,124947,Dry Bowser,Splat Buggy,Plane Glider,Slim
Jimmy,74930,Dry Bowser,W 25 Silver Arrow,Cloud Glider,Crimson Slim
どらさ,78995,Baby Rosalina,Biddybuggy,Paper Glider,Azure Roller
Horse,59787,Wario,Blue Falcon,Waddle Wing,Crimson Slim
Kevin,85071,Heavy Mii Bowser,Biddybuggy,Plane Glider,Azure Roller
Kevin,85017,Heavy Mii Bowser,Biddybuggy,Plane Glider,Azure Roller
starxlx,84689,Morton,Biddybuggy,Cloud Glider,Azure Roller
flc,82069,Baby Daisy,Biddybuggy,Cloud Glider,Roller
Kay,118315,Heavy Mii Crossing,Streetle,Paper Glider,Azure Roller
Domenico,110951,Dry Bowser,Wild Wiggler,MKTV Parafoil,Azure Roller
starxlx,84676,Morton,Biddybuggy,Cloud Glider,Azure Roller
Shaun,112568,Heavy Mii,Sports Coupe,Plane Glider,Slim
Kazuo,121636,Wario,W 25 Silver Arrow,Parachute,Azure Roller
starxlx,84604,Morton,Biddybuggy,Cloud Glider,Azure Roller
Finn,89564,Roy,Streetle,Wario Wing,Azure Roller
Kamek,77188,Roy,Streetle,Cloud Glider,Roller
Tyler,84774,Roy,Streetle,Paper Glider,Azure Roller
flc,82057,Baby Daisy,Biddybuggy,Cloud Glider,Roller
Matt,73332,Waluigi,W 25 Silver Arrow,Cloud Glider,Button
Kazuo,121594,Wario,W 25 Silver Arrow,Parachute,Azure Roller
Kamek,77136,Roy,Streetle,Cloud Glider,Roller
Kazuo,121510,Wario,W 25 Silver Arrow,Parachute,Azure Roller
Kazuo,121598,Wario,W 25 Silver Arrow,Parachute,Azure Roller
Danny,123086,Bowser,Mach 8,Gold Glider,Azure Roller
Mattew,125491,Wario,Splat Buggy,Plane Glider,Slim
Anthony,69966,Wario,Biddybuggy,Paper Glider,Leaf Tires
SuperFX,99036,Dry Bowser,Mach 8,Paper Glider,Leaf Tires
Finn,89230,Roy,Streetle,Wario Wing,Azure Roller
Jimmy,74812,Dry Bowser,W 25 Silver Arrow,Cloud Glider,Crimson Slim
vxlocity,79343,Heavy Mii Peach,Wild Wiggler,Cloud Glider,Azure Roller
Kevin,84987,Heavy Mii Bowser,Biddybuggy,Plane Glider,Azure Roller
flc,82060,Baby Daisy,Biddybuggy,Cloud Glider,Roller
けい,62600,Dry Bowser,Splat Buggy,Super Glider,Slim
Shaun,125486,Dry Bowser,Splat Buggy,Plane Glider,Slim
Peze,106460,Dry Bowser,Biddybuggy,Cloud Glider,Azure Roller
Kazuo,121595,Wario,W 25 Silver Arrow,Parachute,Azure Roller
Shaun,125373,Dry Bowser,Splat Buggy,Plane Glider,Slim
Shaun,125321,Dry Bowser,Splat Buggy,Plane Glider,Slim
starxlx,84536,Morton,Biddybuggy,Cloud Glider,Roller
Kamek,77129,Roy,Streetle,Cloud Glider,Roller
Xander,84727,Roy,Streetle,Paper Glider,Azure Roller
Ryan5,73160,Morton,Master Cycle,Plane Glider,Slim
Shaun,125293,Dry Bowser,Splat Buggy,Plane Glider,Slim
とれいん。,81392,Wario,Mach 8,Paper Glider,Leaf Tires
Kamek,77128,Roy,Streetle,Cloud Glider,Roller
Jujudut,104076,Roy,Biddybuggy,Parachute,Azure Roller
Angryfast,84703,Waluigi,Streetle,Paper Glider,Azure Roller
Ren,114449,Heavy Mii Mario,W 25 Silver Arrow,Paper Glider,Roller
Kamek,77093,Roy,Streetle,Cloud Glider,Roller
けい,62583,Dry Bowser,Splat Buggy,Super Glider,Slim
Jimmy,62483,Dry Bowser,Splat Buggy,Super Glider,Crimson Slim
Peze,106415,Dry Bowser,Biddybuggy,Cloud Glider,Azure Roller
Demon,110179,Wario,Streetle,Super Glider,Azure Roller
Kamek,76971,Roy,Streetle,Cloud Glider,Roller
Ryan's,107478,Wario,Wild Wiggler,Parachute,Roller
えぢから,47610,Luigi,Wild Wiggler,Paper Glider,Leaf Tires
Angryfast,84568,Waluigi,Streetle,Paper Glider,Azure Roller
Mick,82344,Orange Yoshi,Streetle,Flower Glider,Roller
Jimmy,62450,Dry Bowser,Splat Buggy,Super Glider,Crimson Slim
Jimmy,62416,Dry Bowser,Splat Buggy,Super Glider,Crimson Slim
Jimmy,74623,Dry Bowser,W 25 Silver Arrow,Cloud Glider,Crimson Slim
Mick,82036,Orange Yoshi,Streetle,Flower Glider,Roller
Colvin,81431,Wario,Biddybuggy,Cloud Glider,Azure Roller
Jimmy,89160,Roy,W 25 Silver Arrow,Cloud Glider,Azure Roller
beat,123062,Bowser,Sports Coupe,Plane Glider,Roller
flc,81924,Baby Daisy,Biddybuggy,Cloud Glider,Roller
Jimmy,62283,Dry Bowser,Splat Buggy,Cloud Glider,Crimson Slim
むし,104041,Roy,Biddybuggy,MKTV Parafoil,Roller
Mick,83050,Yoshi,Biddybuggy,Paper Glider,Leaf Tires
Shaun,125267,Dry Bowser,Splat Buggy,Plane Glider,Slim
Cole,107546,Dry Bowser,Yoshi Bike,Cloud Glider,Button
Cole,107478,Dry Bowser,Yoshi Bike,Cloud Glider,Button
Ren,114142,Heavy Mii Mario,W 25 Silver Arrow,Hylian Kite,Leaf Tires
K4I,102908,Donkey Kong,Biddybuggy,Parachute,Leaf Tires
Dusse,127411,Morton,Comet,Super Glider,Slim
44,79125,Dry Bowser,Streetle,Flower Glider,Slim
B!KZO,91430,Wario,Splat Buggy,Plane Glider,Crimson Slim
SeLe,112317,Wario,Streetle,Wario Glider,Slim
Naoto,87871,Donkey Kong,Streetle,Parafoil,Button
けん,97688,Cat Peach,Wild Wiggler,Parachute,Roller
あお,90851,Morton,Pipe Frame,Super Glider,Slim
Mikkums,81813,Dry Bowser,Comet,Parafoil,Retro Off-Road
Brent,110413,Donkey Kong,Sneeker,Paper Glider,Roller
Kevin,79587,Heavy Mii,Streetle,Parachute,Slim
K4I,101864,Morton,Splat Buggy,Super Glider,Slim
ぺよん,115135,Wario,Splat Buggy,Hylian Kite,Roller
Larvitar,108286,Wario,W 25 Silver Arrow,Bowser Kite,Leaf Tires
Katta,66908,Purple Inkling Girl,Streetle,Parachute,Roller
SuperFX,107066,Heavy Mii,Biddybuggy,Parachute,Roller
Horse,59665,Wario,Blue Falcon,Waddle Wing,Crimson Slim
ゲコつむり,106133,Wario,Streetle,Paper Glider,Roller
Davi,90938,Morton,Splat Buggy,Parachute,Crimson Slim
X treme,81373,Wario,Mach 8,Cloud Glider,Leaf Tires
TylerR,90317,Dry Bowser,Wild Wiggler,Super Glider,Azure Roller
Danny,123029,Bowser,Sports Coupe,Gold Glider,Azure Roller
SuperFX,98833,Dry Bowser,Mach 8,Paper Glider,Leaf Tires
vxlocity,72799,Heavy Mii Peach,Comet,Paper Glider,Azure Roller
Cynda,82884,Red Yoshi,Wild Wiggler,Bowser Kite,Slim
Mick,82850,Yoshi,Biddybuggy,Paper Glider,Leaf Tires
Mick,82622,Yoshi,Biddybuggy,Paper Glider,Leaf Tires
ゆず,73154,Morton,Master Cycle,Super Glider,Slim
TylerR,85978,Dry Bowser,Biddybuggy,Super Glider,Azure Roller
TylerR,79269,Dry Bowser,Biddybuggy,Super Glider,Azure Roller
Dusse,126455,Morton,Sport Bike,Super Glider,Crimson Slim
Davi,118721,Dry Bowser,Streetle,Hylian Kite,Azure Roller
Anthony,69889,Wario,Biddybuggy,Paper Glider,Leaf Tires
はなみん,120846,Dry Bowser,Splat Buggy,Plane Glider,Roller
Shaun,79003,Heavy Mii,W 25 Silver Arrow,Plane Glider,Roller
K4I,125279,Dry Bowser,Splat Buggy,Plane Glider,Slim
Ren,113784,Heavy Mii Mario,W 25 Silver Arrow,Hylian Kite,Leaf Tires
Jimmy,74540,Dry Bowser,W 25 Silver Arrow,Cloud Glider,Crimson Slim
Shaun,78993,Heavy Mii,W 25 Silver Arrow,Plane Glider,Roller
Shaun,78905,Heavy Mii,W 25 Silver Arrow,Plane Glider,Roller
Ren,113717,Heavy Mii Mario,W 25 Silver Arrow,Hylian Kite,Leaf Tires
Kazuo,102790,Roy,Biddybuggy,Cloud Glider,Leaf Tires
むし,103957,Roy,Biddybuggy,MKTV Parafoil,Azure Roller
K4I,125216,Dry Bowser,Splat Buggy,Gold Glider,Crimson Slim
Kevin,88728,Heavy Mii Luigi,W 25 Silver Arrow,Parachute,Azure Roller
X treme,110588,Wario,Wild Wiggler,Paper Glider,Azure Roller
K4I,125059,Dry Bowser,Splat Buggy,Gold Glider,Crimson Slim
Kay,120799,Heavy Mii Crossing,Splat Buggy,Super Glider,Azure Roller
むし,103893,Roy,Biddybuggy,MKTV Parafoil,Azure Roller
vxlocity,72792,Heavy Mii Peach,Comet,Paper Glider,Azure Roller
Anthony,69779,Wario,Biddybuggy,Paper Glider,Leaf Tires
Jimmy,62250,Dry Bowser,Splat Buggy,Cloud Glider,Crimson Slim
Jimmy,62183,Dry Bowser,Splat Buggy,Cloud Glider,Crimson Slim
Power,83816,Roy,Streetle,Cloud Glider,Roller
Power,83446,Roy,Streetle,Cloud Glider,Roller
Power,83204,Roy,Streetle,Cloud Glider,Roller
Carson,74600,Dry Bowser,W 25 Silver Arrow,Cloud Glider,Slim
K4I,125024,Dry Bowser,Splat Buggy,Plane Glider,Crimson Slim
K4I,125124,Dry Bowser,Splat Buggy,Gold Glider,Crimson Slim
K4I,124979,Dry Bowser,Splat Buggy,Plane Glider,Crimson Slim
とれいん。,81317,Wario,Mach 8,Paper Glider,Leaf Tires
Naoto,84548,Roy,Landship,Paper Glider,Roller
Demon,110159,Wario,Streetle,Super Glider,Azure Roller
X treme,110536,Wario,Wild Wiggler,Paper Glider,Azure Roller
Sparks,89073,Roy,W 25 Silver Arrow,Cloud Glider,Azure Roller
Snowdog,82827,Roy,Wild Wiggler,Cloud Glider,Azure Roller
ケーべルト,116447,Roy,Biddybuggy,Super Glider,Roller
Angryfast,84488,Waluigi,Streetle,Paper Glider,Azure Roller
vxlocity,72742,Heavy Mii Varia,Comet,Paper Glider,Azure Roller
Shaun,112538,Heavy Mii,Sports Coupe,Plane Glider,Slim
Shaun,112496,Heavy Mii,Sports Coupe,Plane Glider,Slim
Mon,80835,Orange Inkling Girl,Biddybuggy,Cloud Glider,Azure Roller
Carson,84304,Dry Bowser,Biddybuggy,Cloud Glider,Azure Roller
X treme,110566,Wario,Wild Wiggler,Paper Glider,Azure Roller
Jimmy,88670,Roy,W 25 Silver Arrow,Cloud Glider,Azure Roller
Kamek,106467,Rosalina,Streetle,Cloud Glider,Azure Roller
たちばなありす,106387,Dry Bowser,Biddybuggy,Cloud Glider,Azure Roller
Bry,86856,Wario,Mach 8,Plane Glider,Azure Roller
Bry,86763,Wario,Mach 8,Plane Glider,Azure Roller
Kamek,106382,Rosalina,Streetle,Cloud Glider,Azure Roller
Kamek,106372,Rosalina,Streetle,Cloud Glider,Azure Roller
Kevin,57631,Heavy Mii Luigi,Mach 8,Parachute,Crimson Slim
Shaun,124846,Dry Bowser,Splat Buggy,Super Glider,Slim
Power,83072,Roy,Pipe Frame,Cloud Glider,Roller
Horse,59571,Wario,Blue Falcon,Waddle Wing,Crimson Slim
Power,83057,Roy,Pipe Frame,Cloud Glider,Roller
Power,83033,Roy,Pipe Frame,Cloud Glider,Roller
Jacob,57605,Dry Bowser,Mach 8,Cloud Glider,Slim
Jimmy,88992,Roy,W 25 Silver Arrow,Cloud Glider,Azure Roller
X treme,110345,Wario,Wild Wiggler,Peach Parasol,Azure Roller
Jimmy,88976,Roy,W 25 Silver Arrow,Cloud Glider,Azure Roller
Jimmy,88837,Roy,W 25 Silver Arrow,Cloud Glider,Azure Roller
Snowdog,82822,Roy,Wild Wiggler,Cloud Glider,Azure Roller
Jacob,57624,Dry Bowser,Mach 8,Cloud Glider,Slim
Jimmy,82812,Roy,Wild Wiggler,Cloud Glider,Azure Roller
Horse,59644,Wario,Blue Falcon,Waddle Wing,Crimson Slim
TylerR,77760,Dry Bowser,Streetle,Super Glider,Roller
ゆず,72929,Morton,Master Cycle,Super Glider,Slim
Dragnir,106338,King Boo,Streetle,Cloud Glider,Azure Roller
Dragnir,106324,King Boo,Streetle,Cloud Glider,Azure Roller
Kamek,106274,Rosalina,Streetle,Cloud Glider,Azure Roller
Peze,106180,Donkey Kong,Biddybuggy,Cloud Glider,Azure Roller
Shaun,78846,Heavy Mii,W 25 Silver Arrow,Plane Glider,Roller
Danny,105206,Roy,Biddybuggy,Cloud Glider,Roller
Danny,105124,Roy,Biddybuggy,Cloud Glider,Roller
Danny,104967,Roy,Biddybuggy,Cloud Glider,Roller
Peze,106380,Donkey Kong,Biddybuggy,Cloud Glider,Azure Roller
Peze,106341,Donkey Kong,Biddybuggy,Cloud Glider,Azure Roller
Peze,106338,Donkey Kong,Biddybuggy,Cloud Glider,Azure Roller
Peze,106337,Donkey Kong,Biddybuggy,Cloud Glider,Azure Roller
Peze,106255,Donkey Kong,Biddybuggy,Cloud Glider,Azure Roller
Dragnir,106121,King Boo,Streetle,Cloud Glider,Roller
K4I,124889,Dry Bowser,Splat Buggy,Plane Glider,Crimson Slim
Peze,105935,Donkey Kong,Biddybuggy,Cloud Glider,Azure Roller
X treme,110511,Wario,Wild Wiggler,Flower Glider,Azure Roller
Kamek,106103,Rosalina,Streetle,Cloud Glider,Azure Roller
vxlocity,72677,Wario,Comet,Paper Glider,Azure Roller
Dragnir,105971,King Boo,Streetle,Cloud Glider,Roller
Jujudut,103819,Roy,Biddybuggy,Cloud Glider,Roller
Davi,117073,Dry Bowser,Streetle,Super Glider,Roller
Snowdog,82777,Roy,Wild Wiggler,Cloud Glider,Azure Roller
Horse,59579,Wario,Blue Falcon,Waddle Wing,Crimson Slim
Lyte,109723,Morton,Wild Wiggler,Paper Glider,Leaf Tires
ステルス,118532,Dry Bowser,Mach 8,Plane Glider,Leaf Tires
むし,103826,Roy,Biddybuggy,Bowser Kite,Roller
ゆず,72895,Morton,Master Cycle,Super Glider,Slim
vxlocity,72588,Dry Bowser,Comet,Gold Glider,Azure Roller
Shaun,116417,Roy,Biddybuggy,Super Glider,Roller
K4I,107455,Wario,Mach 8,Flower Glider,Leaf Tires
Jimmy,72447,Dry Bowser,Pipe Frame,Cloud Glider,Azure Roller
Kevin,88659,Heavy Mii Luigi,W 25 Silver Arrow,Parachute,Azure Roller
starxlx,80113,King Boo,Streetle,Cloud Glider,Roller
Jimmy,88536,Dry Bowser,W 25 Silver Arrow,Cloud Glider,Azure Roller
cheLmi,114937,Dry Bowser,Splat Buggy,Cloud Glider,Azure Roller
Jimmy,82756,Roy,Wild Wiggler,Cloud Glider,Azure Roller
Hayashi,85683,Morton,Blue Falcon,Paper Glider,Slim
Larvitar,107423,Wario,Biddybuggy,MKTV Parafoil,Leaf Tires
ゆゆゆ,86388,Wario,Sport Bike,Wario Wing,Slim
ぎぞく,118580,Dry Bowser,Streetle,Super Glider,Roller
cheLmi,114811,Dry Bowser,Splat Buggy,Cloud Glider,Azure Roller
マーマレード,111108,Dry Bowser,Comet,Paper Glider,Leaf Tires
Kevin,79712,Heavy Mii,W 25 Silver Arrow,Plane Glider,Slim
TylerR,86104,Donkey Kong,Splat Buggy,Super Glider,Crimson Slim
うひ,90876,King Boo,Wild Wiggler,Super Glider,Roller
とれいん。,123972,Wario,Standard Bike,Gold Glider,Button
Shaun,123364,Dry Bowser,Splat Buggy,Plane Glider,Slim
FleeT,119015,Dry Bowser,Cat Cruiser,Super Glider,Roller
Ren,81258,Waluigi,Biddybuggy,Plane Glider,Azure Roller
Ren,81244,Waluigi,Biddybuggy,Plane Glider,Azure Roller
Horse,59557,Wario,Blue Falcon,Waddle Wing,Crimson Slim
San,81312,Dry Bowser,Mach 8,Paper Glider,Leaf Tires
むし,103748,Roy,Biddybuggy,Flower Glider,Roller
Davi,107424,Wario,Mach 8,Flower Glider,Leaf Tires
むし,103505,Roy,Biddybuggy,Flower Glider,Roller
Robel,90404,Dry Bowser,Pipe Frame,Super Glider,Azure Roller
Leroy,82464,Wario,Mach 8,Cloud Glider,Crimson Slim
どらさ,74229,Wario,W 25 Silver Arrow,Paper Glider,Leaf Tires
ゆず,72682,Wario,Sport Bike,Super Glider,Slim
Sgt. Guy,90534,Roy,Streetle,Super Glider,Roller
Cole,120793,Wario,Yoshi Bike,Cloud Glider,Azure Roller
Jujudut,103780,Roy,Biddybuggy,Cloud Glider,Roller
K4I,107401,Dry Bowser,Mach 8,Paper Glider,Leaf Tires
Leroy,82402,Wario,Mach 8,Cloud Glider,Slim
Alberto,101250,Baby Peach,Biddybuggy,Paper Glider,Azure Roller
Kamek,119158,Heavy Mii Rosalina,Inkstriker,Gold Glider,Azure Roller
Kamek,118970,Heavy Mii Rosalina,Inkstriker,Gold Glider,Azure Roller
Kazuo,100537,Roy,Biddybuggy,Super Glider,Roller
vxlocity,72514,Dry Bowser,Comet,Gold Glider,Azure Roller
flc,81783,Baby Daisy,Biddybuggy,Cloud Glider,Roller
Darky,47568,Gold Mario,Wild Wiggler,Flower Glider,Button
Darky,47487,Gold Mario,Wild Wiggler,Flower Glider,Button
Kamek,118701,Heavy Mii Rosalina,Inkstriker,Gold Glider,Azure Roller
ありす,104374,Roy,Biddybuggy,Cloud Glider,Roller
K4I,107394,Bowser,Mach 8,Paper Glider,Leaf Tires
K4I,107387,Bowser,Mach 8,Paper Glider,Leaf Tires
Thurmos,107454,Wario,Wild Wiggler,Cloud Glider,Azure Roller
Kevin,90395,Heavy Mii Luigi,Pipe Frame,Plane Glider,Azure Roller
Shaun,121631,Heavy Mii,Sports Coupe,Plane Glider,Leaf Tires
Ryan's,107409,Wario,Wild Wiggler,Parachute,Roller
Cole,107370,Wario,Yoshi Bike,Cloud Glider,Button
Thurmos,107404,Wario,Wild Wiggler,Cloud Glider,Azure Roller
ケーべルト,116405,Roy,Biddybuggy,Super Glider,Roller
うひ,121826,Dry Bowser,Sports Coupe,Plane Glider,Azure Roller
Carson,88827,Roy,Streetle,Wario Wing,Azure Roller
ゆず,72830,Wario,Sport Bike,Super Glider,Slim
Shaun,121364,Heavy Mii,Sports Coupe,Plane Glider,Leaf Tires
Demon,100522,Wario,Biddybuggy,Super Glider,Azure Roller
Kazuo,100397,Roy,Biddybuggy,Super Glider,Roller
X treme,88816,Roy,Biddybuggy,Cloud Glider,Azure Roller
Darky,47492,Gold Mario,Wild Wiggler,Flower Glider,Button
Jimmy,79887,King Boo,Streetle,Cloud Glider,Azure Roller
Flarena,107401,Wario,Wild Wiggler,Cloud Glider,Roller
Shaun,121567,Heavy Mii,Sports Coupe,Plane Glider,Leaf Tires
Jimmy,79460,King Boo,Streetle,Cloud Glider,Azure Roller
Leroy,57526,Wario,Mach 8,Gold Glider,Slim
Ryan's,107341,Wario,Wild Wiggler,Parachute,Roller
K4I,89039,Wario,Biddybuggy,Cloud Glider,Azure Roller
Shaun,121535,Heavy Mii,Sports Coupe,Plane Glider,Leaf Tires
Jimmy,74010,Dry Bowser,W 25 Silver Arrow,Cloud Glider,Leaf Tires
K4I,100493,Dry Bowser,Biddybuggy,Super Glider,Azure Roller
Rom,78839,Heavy Mii Varia,W 25 Silver Arrow,Plane Glider,Roller
Ren,81255,Waluigi,Biddybuggy,Plane Glider,Azure Roller
Flarena,107332,Wario,Wild Wiggler,Cloud Glider,Roller
K4I,89023,Heavy Mii,Biddybuggy,Cloud Glider,Azure Roller
K4I,88972,Morton,Biddybuggy,Cloud Glider,Azure Roller
K4I,88917,Morton,Biddybuggy,Cloud Glider,Azure Roller
Liar,117658,Donkey Kong,Yoshi Bike,Cloud Glider,Leaf Tires
Shaun,121564,Heavy Mii,Sports Coupe,Plane Glider,Leaf Tires
Shaun,121445,Heavy Mii,Sports Coupe,Plane Glider,Leaf Tires
Ryan's,107271,Wario,Wild Wiggler,Parachute,Roller
Shaun,121396,Heavy Mii,Sports Coupe,Plane Glider,Leaf Tires
Snowdog,82746,Roy,Wild Wiggler,Cloud Glider,Azure Roller
flc,81682,Baby Daisy,Biddybuggy,Cloud Glider,Roller
flc,81607,Baby Daisy,Biddybuggy,Cloud Glider,Roller
flc,81485,Baby Daisy,Biddybuggy,Cloud Glider,Roller
Thimo,72827,Wario,Sport Bike,Super Glider,Slim
flc,81379,Baby Daisy,Biddybuggy,Cloud Glider,Roller
めまい,102524,Dry Bowser,Yoshi Bike,Cloud Glider,Roller
K4I,88872,Donkey Kong,Biddybuggy,Cloud Glider,Azure Roller
ケーべルト,116346,Roy,Biddybuggy,Super Glider,Roller
Thimo,72820,Wario,Sport Bike,Super Glider,Slim
Jimmy,82706,Roy,Wild Wiggler,Cloud Glider,Azure Roller
flc,81255,Baby Daisy,Biddybuggy,Cloud Glider,Roller
Horse,59541,Wario,Blue Falcon,Waddle Wing,Crimson Slim
Jimmy,74223,Dry Bowser,W 25 Silver Arrow,Cloud Glider,Leaf Tires
Finn,76426,Roy,Splat Buggy,Cloud Glider,Crimson Slim
TylerR,76444,Roy,Splat Buggy,Cloud Glider,Crimson Slim
Lyte,77544,Yoshi,Biddybuggy,Super Glider,Azure Roller
Shaun,121372,Heavy Mii,Sports Coupe,Plane Glider,Leaf Tires
Ren,85352,Waluigi,Streetle,Super Glider,Roller
はなみん,120790,Dry Bowser,Splat Buggy,Plane Glider,Roller
Kay,120788,Heavy Mii Crossing,Splat Buggy,Paper Glider,Azure Roller
Thimo,72808,Wario,Sport Bike,Super Glider,Slim
K4I,100370,Donkey Kong,Biddybuggy,Super Glider,Azure Roller
Shaun,121331,Heavy Mii,Sports Coupe,Plane Glider,Leaf Tires
ゆず,72735,Wario,Sport Bike,Super Glider,Slim
Shaun,121309,Heavy Mii,Sports Coupe,Plane Glider,Leaf Tires
Kevin,88385,Heavy Mii Luigi,W 25 Silver Arrow,Parachute,Azure Roller
Thimo,72707,Wario,Jet Bike,Super Glider,Slim
Ren,85762,Waluigi,Streetle,Super Glider,Roller
Ren,85558,Waluigi,Streetle,Super Glider,Roller
Ren,85489,Waluigi,Streetle,Super Glider,Roller
Swift,117519,Roy,Yoshi Bike,Cloud Glider,Leaf Tires
Ren,85065,Waluigi,Streetle,Waddle Wing,Roller
flc,81107,Baby Daisy,Biddybuggy,Cloud Glider,Roller
Thomus,88133,Morton,Blue Falcon,Gold Glider,Crimson Slim
beat,86622,Wario,Mach 8,Plane Glider,Roller
flc,80992,Baby Daisy,Biddybuggy,Cloud Glider,Roller
Finn,88603,Donkey Kong,Biddybuggy,Plane Glider,Leaf Tires
Jimmy,79454,King Boo,Streetle,Cloud Glider,Azure Roller
TylerR,76926,Roy,Splat Buggy,Cloud Glider,Crimson Slim
Lyte,112486,Morton,Sports Coupe,Paper Glider,Leaf Tires
Demon,100358,Roy,Biddybuggy,Super Glider,Azure Roller
Kamek,118495,Heavy Mii Rosalina,Wild Wiggler,Gold Glider,Azure Roller
Shaun,112436,Heavy Mii,Sports Coupe,Plane Glider,Leaf Tires
Shaun,112411,Heavy Mii,Sports Coupe,Plane Glider,Leaf Tires
Demon,100355,Roy,Biddybuggy,Super Glider,Azure Roller
Demon,100336,Roy,Biddybuggy,Super Glider,Azure Roller
flc,81183,Baby Daisy,Biddybuggy,Cloud Glider,Roller
flc,81037,Baby Daisy,Biddybuggy,Cloud Glider,Roller
flc,81021,Baby Daisy,Biddybuggy,Cloud Glider,Roller
flc,81008,Baby Daisy,Biddybuggy,Cloud Glider,Roller
ゆず,72691,Wario,Sport Bike,Super Glider,Slim
Jimmy,79450,King Boo,Streetle,Cloud Glider,Azure Roller
TylerR,76768,Roy,Splat Buggy,Cloud Glider,Crimson Slim
Shaun,112375,Heavy Mii,Sports Coupe,Plane Glider,Leaf Tires
Shaun,78801,Heavy Mii,W 25 Silver Arrow,Plane Glider,Leaf Tires
えぢから,47280,Luigi,Wild Wiggler,Paper Glider,Button
Mike B,84314,Roy,Yoshi Bike,Paper Glider,Leaf Tires
Jimmy,79393,King Boo,Streetle,Cloud Glider,Azure Roller
Rom,78780,Heavy Mii Varia,W 25 Silver Arrow,Plane Glider,Leaf Tires
Rom,78705,Heavy Mii Varia,W 25 Silver Arrow,Plane Glider,Leaf Tires
Jimmy,79302,King Boo,Streetle,Cloud Glider,Azure Roller
Snowdog,82666,Roy,Wild Wiggler,Cloud Glider,Azure Roller
Luigi_Fan2,81871,White Yoshi,Streetle,Cloud Glider,Roller
Horse,59501,Wario,Blue Falcon,Waddle Wing,Crimson Slim
vxlocity,83026,Waluigi,Pipe Frame,Cloud Glider,Azure Roller
Finn,76390,Roy,Splat Buggy,Cloud Glider,Crimson Slim
Finn,75993,Roy,Splat Buggy,Cloud Glider,Crimson Slim
Ren,85011,Waluigi,Streetle,Waddle Wing,Roller
beat,86351,Wario,Mach 8,Plane Glider,Roller
vxlocity,82934,Waluigi,Pipe Frame,Cloud Glider,Azure Roller
Hemi,114040,Wario,Sports Coupe,Gold Glider,Azure Roller
やさしいろうじん,63131,White Yoshi,Mr. Scooty,Cloud Glider,Leaf Tires
SuperFX,88274,Wario,Blue Falcon,Cloud Glider,Slim
flc,80981,Baby Daisy,Biddybuggy,Cloud Glider,Roller
flc,80896,Baby Daisy,Biddybuggy,Cloud Glider,Roller
flc,80847,Baby Daisy,Biddybuggy,Cloud Glider,Roller
Cole,59412,Wario,Sport Bike,Super Glider,Slim
Liar,104600,Dry Bowser,Wild Wiggler,Cloud Glider,Roller
Luigi_Fan2,47408,Luigi,W 25 Silver Arrow,Cloud Glider,Leaf Tires
Thomus,88187,Morton,Blue Falcon,Gold Glider,Crimson Slim
Flarena,107239,Wario,Wild Wiggler,Cloud Glider,Roller
Shaun,78568,Heavy Mii,W 25 Silver Arrow,Plane Glider,Leaf Tires
むし,103277,Roy,Biddybuggy,MKTV Parafoil,Roller
Swift,117630,Roy,Yoshi Bike,Cloud Glider,Leaf Tires
Shaun,123726,Dry Bowser,Splat Buggy,Plane Glider,Slim
X treme,103255,Donkey Kong,Biddybuggy,Paper Glider,Azure Roller
Shaun,123706,Dry Bowser,Splat Buggy,Plane Glider,Slim
Shaun,123694,Dry Bowser,Splat Buggy,Plane Glider,Slim
Danny,114037,Wario,Mach 8,Cloud Glider,Crimson Slim
Danny,113960,Wario,Mach 8,Cloud Glider,Crimson Slim
Jimmy,85956,Dry Bowser,Biddybuggy,Super Glider,Azure Roller
Mike B,84133,Roy,Yoshi Bike,Plane Glider,Leaf Tires
Mike B,84115,Roy,Yoshi Bike,Plane Glider,Leaf Tires
Danny,122834,Bowser,Sports Coupe,Gold Glider,Azure Roller
Danny,122779,Bowser,Sports Coupe,Gold Glider,Azure Roller
Danny,122660,Bowser,Sports Coupe,Gold Glider,Azure Roller
K4I,123662,Dry Bowser,Splat Buggy,Gold Glider,Slim
Danny,122646,Bowser,Sports Coupe,Gold Glider,Azure Roller
Danny,122564,Bowser,Sports Coupe,Gold Glider,Azure Roller
むし,103487,Roy,Biddybuggy,MKTV Parafoil,Roller
むし,103411,Roy,Biddybuggy,MKTV Parafoil,Roller
vxlocity,83002,Waluigi,Pipe Frame,Gold Glider,Azure Roller
ゆゆゆ,115418,Waluigi,Yoshi Bike,Wario Wing,Roller
Jimmy,88259,Dry Bowser,W 25 Silver Arrow,Cloud Glider,Azure Roller
Kins0,86753,Wario,Mach 8,Wario Wing,Crimson Slim
Mike B,84106,Roy,Yoshi Bike,Paper Glider,Leaf Tires
Mike B,84005,Roy,Yoshi Bike,Paper Glider,Leaf Tires
Thimo,72604,Wario,Sport Bike,Super Glider,Slim
Shaun,123638,Dry Bowser,Splat Buggy,Plane Glider,Slim
Mike B,84093,Roy,Yoshi Bike,Paper Glider,Leaf Tires
Peze,105903,Waluigi,Biddybuggy,Cloud Glider,Azure Roller
Shaun,123647,Dry Bowser,Splat Buggy,Plane Glider,Slim
Shaun,123635,Dry Bowser,Splat Buggy,Plane Glider,Slim
Darren,116972,Wario,Streetle,Paper Glider,Azure Roller
Carson,112344,Heavy Mii,Sports Coupe,Plane Glider,Leaf Tires
Shaun,112331,Heavy Mii,Sports Coupe,Plane Glider,Leaf Tires
Thomus,88091,Morton,Blue Falcon,Gold Glider,Crimson Slim
zono,102607,Dry Bowser,Yoshi Bike,Cloud Glider,Roller
Danny,122556,Dry Bowser,Sports Coupe,Gold Glider,Azure Roller
Shaun,112324,Heavy Mii,Sports Coupe,Plane Glider,Leaf Tires
Shaun,112275,Heavy Mii,Sports Coupe,Plane Glider,Leaf Tires
Lyte,118475,Dry Bowser,Mach 8,Paper Glider,Leaf Tires
Shaun,123612,Dry Bowser,Splat Buggy,Plane Glider,Slim
X treme,103225,Donkey Kong,Pipe Frame,Paper Glider,Azure Roller
Carson,74019,Dry Bowser,W 25 Silver Arrow,Cloud Glider,Leaf Tires
Lyte,81310,Bowser,Mach 8,Paper Glider,Leaf Tires
duel,113963,Wario,Sports Coupe,Plane Glider,Roller
Swift,117462,Roy,Yoshi Bike,Cloud Glider,Leaf Tires
Shaun,112238,Heavy Mii,Sports Coupe,Plane Glider,Leaf Tires
Danny,122496,Dry Bowser,Sports Coupe,Gold Glider,Azure Roller
Kevin,90387,Heavy Mii Luigi,Pipe Frame,Plane Glider,Azure Roller
Danny,113967,Wario,Mach 8,Cloud Glider,Crimson Slim
flc,80798,Baby Daisy,Biddybuggy,Cloud Glider,Roller
Jimmy,85887,Dry Bowser,Biddybuggy,Super Glider,Azure Roller
Kins0,86644,Wario,Sports Coupe,Wario Wing,Crimson Slim
X treme,88862,Roy,Biddybuggy,MKTV Parafoil,Azure Roller
Carson,112256,Heavy Mii PAC-MAN,Sports Coupe,Plane Glider,Leaf Tires
Shaun,112216,Heavy Mii,Sports Coupe,Plane Glider,Leaf Tires
Kevin,90368,Heavy Mii Luigi,Pipe Frame,Plane Glider,Azure Roller
Shaun,123608,Dry Bowser,Splat Buggy,Plane Glider,Slim
K4I,123615,Dry Bowser,Splat Buggy,Plane Glider,Slim
Jimmy,85749,Dry Bowser,Biddybuggy,Super Glider,Azure Roller
Shaun,112210,Heavy Mii,Sports Coupe,Plane Glider,Leaf Tires
Jimmy,85833,Dry Bowser,Biddybuggy,Super Glider,Azure Roller
Jimmy,57511,Dry Bowser,Mach 8,Cloud Glider,Crimson Slim
Mon,80768,Green Inkling Girl,Biddybuggy,Cloud Glider,Azure Roller
San,81310,Dry Bowser,Mach 8,Paper Glider,Leaf Tires
SuperFX,81306,Dry Bowser,Mach 8,Paper Glider,Leaf Tires
Shaun,123586,Dry Bowser,Splat Buggy,Plane Glider,Slim
Davi,88814,Donkey Kong,Biddybuggy,Cloud Glider,Azure Roller
Ufle,90260,Wario,Biddybuggy,Super Glider,Azure Roller
Xander,118198,Heavy Mii Pikmin,Streetle,Paper Glider,Azure Roller
Xander,113942,Wario,Mach 8,Paper Glider,Slim
Danny,113768,Wario,Mach 8,Paper Glider,Slim
Shaun,123598,Dry Bowser,Splat Buggy,Plane Glider,Slim
Mon,80719,Green Inkling Girl,Biddybuggy,Cloud Glider,Azure Roller
Kevin,91271,Heavy Mii Cpt Falcon,Biddybuggy,Plane Glider,Azure Roller
X treme,88788,Roy,Biddybuggy,Cloud Glider,Azure Roller
X treme,88705,Roy,Biddybuggy,Paper Glider,Leaf Tires
Kay,118153,Heavy Mii Crossing,Streetle,Paper Glider,Azure Roller
Blue,63041,Blue Yoshi,Mr. Scooty,Cloud Glider,Leaf Tires
X treme,88699,Roy,Biddybuggy,Flower Glider,Leaf Tires
ふつきん,121508,Wario,Biddybuggy,Paper Glider,Azure Roller
SuperFX,81289,Dry Bowser,Mach 8,Paper Glider,Leaf Tires
Jimmy,57383,Dry Bowser,Mach 8,Cloud Glider,Crimson Slim
ふつきん,121437,Wario,Biddybuggy,Paper Glider,Azure Roller
Kevin,90283,Heavy Mii DK,Pipe Frame,Plane Glider,Azure Roller
あるふぁ,121506,Dry Bowser,Biddybuggy,Flower Glider,Azure Roller
X treme,88698,Roy,Biddybuggy,Peach Parasol,Button
X treme,88696,Roy,Biddybuggy,Peach Parasol,Azure Roller
X treme,88618,Roy,Biddybuggy,Cloud Glider,Leaf Tires
X treme,88608,Roy,Biddybuggy,Cloud Glider,Leaf Tires
Kevin,90179,Heavy Mii DK,Pipe Frame,Plane Glider,Azure Roller
Kevin,90171,Heavy Mii DK,Biddybuggy,Plane Glider,Azure Roller
Kevin,89963,Heavy Mii DK,Biddybuggy,Plane Glider,Azure Roller
TylerR,82370,Dry Bowser,Mach 8,Cloud Glider,Slim
TylerR,82356,Dry Bowser,Mach 8,Cloud Glider,Slim
TylerR,82279,Dry Bowser,Mach 8,Cloud Glider,Slim
Kins0,86515,Wario,Sports Coupe,Wario Wing,Crimson Slim
Mick,85755,Dry Bowser,Pipe Frame,Cloud Glider,Roller
とれいん。,124547,Wario,Sports Coupe,Plane Glider,Leaf Tires
Carson,91381,Dry Bowser,Biddybuggy,Cloud Glider,Roller
Darky,47202,Peach,Wild Wiggler,Paper Glider,Leaf Tires
Carson,118457,Dry Bowser,Mach 8,Paper Glider,Leaf Tires
Danny,102788,Roy,Biddybuggy,Cloud Glider,Leaf Tires
Kevin,77415,Heavy Mii Yoshi,Biddybuggy,Parachute,Azure Roller
Mike B,83926,Roy,Yoshi Bike,Paper Glider,Button
Jimmy,82617,Roy,Wild Wiggler,Cloud Glider,Azure Roller
SuperFX,113896,Wario,Sports Coupe,Plane Glider,Azure Roller
Jimmy,82237,Dry Bowser,Mach 8,Cloud Glider,Crimson Slim
Carson,118346,Dry Bowser,Mach 8,Paper Glider,Leaf Tires
Jimmy,82467,Roy,Wild Wiggler,Cloud Glider,Azure Roller
Peze,105788,Waluigi,Biddybuggy,Cloud Glider,Azure Roller
Xander,105797,Donkey Kong,Biddybuggy,Paper Glider,Azure Roller
San,81282,Dry Bowser,Mach 8,Paper Glider,Leaf Tires
Xander,105771,Donkey Kong,Biddybuggy,Paper Glider,Azure Roller
Doodle,76930,Waluigi,Landship,Cloud Glider,Roller
beat,84650,Wario,Mach 8,Paper Glider,Button
K4I,121414,Dry Bowser,Biddybuggy,Cloud Glider,Azure Roller
SuperFX,113953,Wario,Sports Coupe,Plane Glider,Azure Roller
カニ,104583,Wario,Wild Wiggler,Paper Glider,Roller
X treme,76317,Roy,Landship,Paper Glider,Azure Roller
Peze,105751,Donkey Kong,Biddybuggy,Cloud Glider,Azure Roller
Yui Funami,121411,Wario,Biddybuggy,Cloud Glider,Azure Roller
Finn,75839,Roy,Splat Buggy,Cloud Glider,Crimson Slim
X treme,76503,Roy,Landship,Paper Glider,Azure Roller
SuperFX,81168,Dry Bowser,Mach 8,Paper Glider,Leaf Tires
Danny,113675,Wario,Mach 8,Cloud Glider,Slim
X treme,76679,Roy,Landship,Paper Glider,Azure Roller
Xander,118095,Heavy Mii Pikmin,Streetle,Paper Glider,Azure Roller
San,81267,Dry Bowser,Mach 8,Paper Glider,Leaf Tires
Mick,86008,Dry Bowser,Pipe Frame,Cloud Glider,Roller
Mick,85813,Dry Bowser,Pipe Frame,Cloud Glider,Roller
どらさ,102764,Roy,Biddybuggy,Paper Glider,Leaf Tires
Kamek,76292,Roy,Landship,Cloud Glider,Roller
Kay,118072,Heavy Mii Crossing,Streetle,Paper Glider,Azure Roller
Hemi,113847,Wario,Sports Coupe,Gold Glider,Azure Roller
beat,113760,Wario,Mach 8,Paper Glider,Slim
Carson,90098,Wario,Biddybuggy,Super Glider,Azure Roller
Jimmy,75984,Roy,Splat Buggy,Cloud Glider,Crimson Slim
X treme,76258,Roy,Landship,Parachute,Azure Roller
Yui Funami,121391,Wario,Biddybuggy,Cloud Glider,Azure Roller
Peze,105754,Waluigi,Biddybuggy,Cloud Glider,Azure Roller
Peze,105745,Donkey Kong,Biddybuggy,Cloud Glider,Azure Roller
Peze,105739,Donkey Kong,Biddybuggy,Cloud Glider,Azure Roller
Peze,105723,Waluigi,Biddybuggy,Cloud Glider,Azure Roller
Peze,105716,Donkey Kong,Biddybuggy,Cloud Glider,Azure Roller
Hayashi,84600,Wario,Mach 8,Paper Glider,Button
Liar,104533,Dry Bowser,Wild Wiggler,Cloud Glider,Roller
X treme,76129,Roy,Landship,Paper Glider,Azure Roller
Kevin,77409,Heavy Mii Yoshi,Biddybuggy,Parachute,Azure Roller
Lyte,82625,White Yoshi,Pipe Frame,Parafoil,Azure Roller
K4I,110947,Wario,Wild Wiggler,MKTV Parafoil,Azure Roller
Luigi_Fan2,76976,Lemmy,Mr. Scooty,Cloud Glider,Roller
Demon,110108,Wario,Streetle,Super Glider,Azure Roller
Jimmy,62083,Dry Bowser,Splat Buggy,Cloud Glider,Crimson Slim
Yui Funami,121258,Wario,Biddybuggy,Cloud Glider,Azure Roller
Kamek,75997,Roy,Landship,Cloud Glider,Roller
Kamek,75876,Roy,Landship,Cloud Glider,Roller
Blue,62981,Blue Yoshi,Mr. Scooty,Cloud Glider,Leaf Tires
Hayashi,84566,Wario,Mach 8,Paper Glider,Button
Jimmy,62033,Dry Bowser,Splat Buggy,Cloud Glider,Crimson Slim
Kevin,77331,Heavy Mii Yoshi,Biddybuggy,Parachute,Azure Roller
Rom,90065,Dry Bowser,Biddybuggy,Plane Glider,Roller
Lyte,82602,Blue Yoshi,Biddybuggy,Hylian Kite,Azure Roller
Finn,75825,Roy,Splat Buggy,Cloud Glider,Crimson Slim
Finn,75754,Roy,Splat Buggy,Cloud Glider,Crimson Slim
TylerR,82155,Dry Bowser,Mach 8,Cloud Glider,Slim
TylerR,81962,Dry Bowser,Mach 8,Cloud Glider,Slim
Jimmy,75729,Roy,Splat Buggy,Cloud Glider,Crimson Slim
Finn,75715,Roy,Splat Buggy,Cloud Glider,Crimson Slim
Carson,89886,Wario,Biddybuggy,Plane Glider,Azure Roller
Kevin,62894,Morton,Biddybuggy,Cloud Glider,Azure Roller
Mick,85560,Dry Bowser,Pipe Frame,Cloud Glider,Roller
Kevin,62722,Heavy Mii Mario,Biddybuggy,Cloud Glider,Azure Roller
Luigi_Fan2,62654,Donkey Kong,Biddybuggy,Cloud Glider,Leaf Tires
Kevin,62718,Heavy Mii Mario,Biddybuggy,Cloud Glider,Azure Roller
Kevin,62666,Heavy Mii Mario,Biddybuggy,Cloud Glider,Azure Roller
Jimmy,62133,Dry Bowser,Splat Buggy,Cloud Glider,Crimson Slim
Mike B,102519,Wario,Yoshi Bike,Paper Glider,Azure Roller
Demon,118432,Roy,Sneeker,Waddle Wing,Azure Roller
ステルス,118284,Wario,Mach 8,Paper Glider,Leaf Tires
Kevin,62559,Heavy Mii Mario,Biddybuggy,Cloud Glider,Azure Roller
Carson,76283,Lemmy,Mr. Scooty,Cloud Glider,Roller
Lyte,113682,Dry Bowser,W 25 Silver Arrow,Paper Glider,Leaf Tires
Hemi,113840,Wario,Sports Coupe,Gold Glider,Azure Roller
Hayashi,84533,Wario,Mach 8,Paper Glider,Button
Jimmy,62016,Dry Bowser,Splat Buggy,Cloud Glider,Crimson Slim
Jimmy,61916,Dry Bowser,Splat Buggy,Cloud Glider,Crimson Slim
Snowdog,82616,Roy,Wild Wiggler,Cloud Glider,Azure Roller
Finn,75662,Roy,Splat Buggy,Cloud Glider,Crimson Slim
どらさ,102654,Roy,Biddybuggy,Paper Glider,Leaf Tires
Ren,113554,Heavy Mii Mario,W 25 Silver Arrow,Hylian Kite,Leaf Tires
とれいん。,124525,Wario,Sports Coupe,Plane Glider,Leaf Tires
Kevin,62545,Heavy Mii Mario,Biddybuggy,Cloud Glider,Azure Roller
Blue,62935,Blue Yoshi,Mr. Scooty,Cloud Glider,Leaf Tires
Peze,105712,Donkey Kong,Biddybuggy,Cloud Glider,Azure Roller
Peze,105617,Donkey Kong,Biddybuggy,Cloud Glider,Azure Roller
ケケ,104483,Dry Bowser,Wild Wiggler,Super Glider,Azure Roller
Kamek,75597,Roy,Streetle,Cloud Glider,Roller
Kevin,79766,Heavy Mii,Biddybuggy,Parachute,Azure Roller
Kevin,79570,Heavy Mii,Biddybuggy,Parachute,Azure Roller
Kevin,79789,Heavy Mii,Biddybuggy,Parachute,Azure Roller
Kevin,79786,Heavy Mii,Biddybuggy,Parachute,Azure Roller
Anthony,69683,Wario,Biddybuggy,Paper Glider,Leaf Tires
Jimmy,75506,Roy,Splat Buggy,Cloud Glider,Crimson Slim
X treme,103192,Donkey Kong,Pipe Frame,Cloud Glider,Azure Roller
Darren,75634,Roy,Streetle,Parachute,Azure Roller
Anthony,69673,Wario,Biddybuggy,Paper Glider,Leaf Tires
Ren,113415,Heavy Mii Mario,W 25 Silver Arrow,Hylian Kite,Leaf Tires
ケケ,104416,Dry Bowser,Wild Wiggler,Cloud Glider,Roller
ケケ,104266,Dry Bowser,Wild Wiggler,Cloud Glider,Roller
TylerR,85517,Dry Bowser,Biddybuggy,Cloud Glider,Azure Roller
TylerR,85456,Dry Bowser,Biddybuggy,Cloud Glider,Azure Roller
TylerR,85442,Dry Bowser,Biddybuggy,Cloud Glider,Azure Roller
Jimmy,57473,Dry Bowser,Mach 8,Cloud Glider,Crimson Slim
Jimmy,57461,Dry Bowser,Mach 8,Cloud Glider,Crimson Slim
Kamek,75558,Roy,Streetle,Cloud Glider,Roller
TylerR,85388,Dry Bowser,Biddybuggy,Cloud Glider,Azure Roller
Davi,116960,Wario,Streetle,Cloud Glider,Roller
Demon,110094,Wario,Streetle,Super Glider,Azure Roller
Kamek,75284,Roy,Streetle,Cloud Glider,Roller
しゃうら,110929,Dry Bowser,Wild Wiggler,Flower Glider,Azure Roller
Luigi_Fan2,109785,Donkey Kong,Biddybuggy,Cloud Glider,Leaf Tires
Luigi_Fan2,109466,Donkey Kong,Biddybuggy,Cloud Glider,Leaf Tires
Mike B,102481,Wario,Yoshi Bike,Paper Glider,Azure Roller
Colvin,109427,Roy,Biddybuggy,Cloud Glider,Leaf Tires
Colvin,109275,Roy,Biddybuggy,Cloud Glider,Leaf Tires
Domenico,110876,Dry Bowser,Wild Wiggler,Flower Glider,Roller
Kevin,62380,Heavy Mii Mario,Biddybuggy,Cloud Glider,Azure Roller
TylerR,85421,Dry Bowser,Biddybuggy,Cloud Glider,Azure Roller
X treme,109272,Donkey Kong,Biddybuggy,Super Glider,Leaf Tires
Mon,80449,Green Inkling Girl,Biddybuggy,Cloud Glider,Azure Roller
さーもん,121247,Wario,Biddybuggy,Paper Glider,Roller
X treme,109130,Dry Bowser,Biddybuggy,Paper Glider,Leaf Tires
X treme,109038,Dry Bowser,Biddybuggy,MKTV Parafoil,Leaf Tires
しゃうら,110832,Dry Bowser,Wild Wiggler,Paper Glider,Azure Roller
Kamek,110076,Heavy Mii Rosalina,Mach 8,Cloud Glider,Leaf Tires
ポッチ,61916,Dry Bowser,Splat Buggy,Cloud Glider,Crimson Slim
Kevin,75001,Heavy Mii Luigi,Biddybuggy,Parachute,Azure Roller
TylerR,85256,Dry Bowser,Biddybuggy,Cloud Glider,Azure Roller
K4I,107237,Wario,Mach 8,Paper Glider,Leaf Tires
Ren,113237,Heavy Mii Mario,W 25 Silver Arrow,Hylian Kite,Leaf Tires
Carson,108910,Dry Bowser,Biddybuggy,MKTV Parafoil,Leaf Tires
Thimo,72566,Wario,Sport Bike,Waddle Wing,Slim
Rom,89865,Heavy Mii Varia,Biddybuggy,Paper Glider,Roller
Leroy,57414,Wario,Mach 8,Cloud Glider,Slim
Jimmy,77113,Roy,Biddybuggy,Cloud Glider,Azure Roller
Lyte,118497,Donkey Kong,Sneeker,Waddle Wing,Azure Roller
Danny,121932,Wario,Yoshi Bike,Cloud Glider,Azure Roller
Danny,121851,Wario,Yoshi Bike,Cloud Glider,Azure Roller
SuperFX,98723,Dry Bowser,Mach 8,Paper Glider,Leaf Tires
Lyte,111159,Wario,Landship,Waddle Wing,Azure Roller
Finn,75369,Roy,Splat Buggy,Cloud Glider,Crimson Slim
TylerR,85254,Dry Bowser,Biddybuggy,Cloud Glider,Azure Roller
Kevin,62188,Heavy Mii Mario,Biddybuggy,Parachute,Azure Roller
TylerR,84431,King Boo,Streetle,Cloud Glider,Azure Roller
Demon,118463,Roy,Sneeker,Waddle Wing,Azure Roller
Kevin,85559,Heavy Mii Peach,Biddybuggy,Parachute,Azure Roller
Lyte,82454,Black Yoshi,Pipe Frame,Hylian Kite,Azure Roller
とれいん。,110026,Wario,Mach 8,MKTV Parafoil,Leaf Tires
Kevin,85477,Heavy Mii Fox,Biddybuggy,Parachute,Azure Roller
Demon,118402,Roy,Sneeker,Waddle Wing,Azure Roller
Colvin,108849,Wario,Biddybuggy,MKTV Parafoil,Leaf Tires
SuperFX,108735,Wario,Biddybuggy,MKTV Parafoil,Leaf Tires
SuperFX,108773,Wario,Biddybuggy,MKTV Parafoil,Leaf Tires
SuperFX,108241,Wario,Biddybuggy,MKTV Parafoil,Leaf Tires
SuperFX,113789,Wario,Sports Coupe,Plane Glider,Roller
cobalt,77516,Roy,Biddybuggy,Hylian Kite,Roller
Kevin,85544,Heavy Mii Fox,Biddybuggy,Parachute,Azure Roller
beat,111317,Dry Bowser,Sports Coupe,Super Glider,Leaf Tires
Lyte,110843,Wario,Landship,Waddle Wing,Roller
Kamek,118480,Roy,Wild Wiggler,Gold Glider,Button
Kamek,118334,Roy,Wild Wiggler,Gold Glider,Button
SuperFX,108066,Wario,W 25 Silver Arrow,Cloud Glider,Leaf Tires
Lyte,111059,Wario,Landship,Wario Wing,Azure Roller
Mick,82454,Yoshi,Pipe Frame,Cloud Glider,Roller
Lyte,110855,Wario,Landship,Wario Wing,Azure Roller
Lyte,110449,Wario,Landship,Waddle Wing,Roller
Mattew,120742,Wario,Wild Wiggler,Plane Glider,Roller
さーもん,121230,Dry Bowser,Biddybuggy,Cloud Glider,Roller
ぺんぎんさむらい,121827,Dry Bowser,Comet,Cloud Glider,Roller
Ryan5,83887,Roy,Yoshi Bike,Paper Glider,Button
Kevin,85399,Heavy Mii Fox,Biddybuggy,Parachute,Azure Roller
Ryan5,83838,Roy,Yoshi Bike,Paper Glider,Button
Mick,85318,Dry Bowser,Pipe Frame,Cloud Glider,Roller
ぷれいやー,109211,Heavy Mii Fox,Wild Wiggler,Paper Glider,Azure Roller
SuperFX,107798,Wario,W 25 Silver Arrow,Cloud Glider,Leaf Tires
K4I,118369,Roy,Sneeker,Waddle Wing,Azure Roller
さーもん,121203,Dry Bowser,Biddybuggy,Cloud Glider,Roller
Mattew,120707,Wario,Wild Wiggler,Plane Glider,Azure Roller
TylerR,85198,Roy,Biddybuggy,Cloud Glider,Leaf Tires
TylerR,84993,Roy,Biddybuggy,Cloud Glider,Leaf Tires
TylerR,85077,Roy,Biddybuggy,Cloud Glider,Leaf Tires
Kevin,85181,Heavy Mii Fox,Pipe Frame,Parachute,Azure Roller
ちーちゃん,84422,King Boo,Streetle,Cloud Glider,Azure Roller
ちーちゃん,94602,Green Inkling Girl,Biddybuggy,Cloud Glider,Azure Roller
Leroy,57364,Wario,Mach 8,Cloud Glider,Slim
ポッチ,61883,Dry Bowser,Splat Buggy,Cloud Glider,Crimson Slim
ちーちゃん,94409,Green Inkling Girl,Biddybuggy,Cloud Glider,Azure Roller
Leroy,57345,Wario,Mach 8,Cloud Glider,Slim
Mattew,120682,Wario,Wild Wiggler,Plane Glider,Azure Roller
Mattew,120660,Wario,Wild Wiggler,Plane Glider,Azure Roller
Shaun,112196,Heavy Mii,Sports Coupe,Plane Glider,Leaf Tires
Lyte,94395,Yellow Yoshi,Biddybuggy,Waddle Wing,Azure Roller
Lyte,120612,Wario,Wild Wiggler,Wario Wing,Azure Roller
Shaun,112175,Wario,Mach 8,Plane Glider,Leaf Tires
San,81161,Dry Bowser,Mach 8,Paper Glider,Leaf Tires
Kamek,118161,Dry Bowser,Wild Wiggler,Gold Glider,Button
Shaun,112191,Heavy Mii,Sports Coupe,Plane Glider,Leaf Tires
Shaun,112176,Wario,Sports Coupe,Plane Glider,Leaf Tires
Mattew,120577,Wario,Wild Wiggler,Plane Glider,Azure Roller
Mattew,120475,Wario,Wild Wiggler,Plane Glider,Azure Roller
Peze,105573,Donkey Kong,Biddybuggy,Cloud Glider,Azure Roller
Peze,105537,Donkey Kong,Biddybuggy,Cloud Glider,Azure Roller
San,81133,Dry Bowser,Mach 8,Paper Glider,Leaf Tires
San,81092,Dry Bowser,Mach 8,Paper Glider,Leaf Tires
Shaun,112132,Wario,Mach 8,Plane Glider,Leaf Tires
Lyte,104886,Donkey Kong,Biddybuggy,Peach Parasol,Azure Roller
SuperFX,110210,Wario,Wild Wiggler,Peach Parasol,Azure Roller
Jimmy,57334,Dry Bowser,Mach 8,Cloud Glider,Crimson Slim
Jimmy,89864,Dry Bowser,Biddybuggy,Cloud Glider,Azure Roller
ちーちゃん,94314,Green Inkling Girl,Biddybuggy,Cloud Glider,Azure Roller
Kevin,85117,Heavy Mii Fox,Pipe Frame,Parachute,Azure Roller
Demon,118352,Roy,Sneeker,Waddle Wing,Azure Roller
Demon,118347,Roy,Sneeker,Waddle Wing,Azure Roller
Kamek,111175,Dry Bowser,Sports Coupe,Gold Glider,Leaf Tires
ぷれいやー,109434,Heavy Mii Yoshi,Wild Wiggler,Paper Glider,Azure Roller
Kevin,84982,Heavy Mii Fox,Pipe Frame,Parachute,Azure Roller
Kevin,85110,Heavy Mii Fox,Pipe Frame,Parachute,Azure Roller
Kevin,85072,Heavy Mii Fox,Pipe Frame,Parachute,Azure Roller
TylerR,84361,King Boo,Streetle,Cloud Glider,Azure Roller
ちーちゃん,84327,King Boo,Streetle,Cloud Glider,Azure Roller
Kamek,111125,Dry Bowser,Sports Coupe,Gold Glider,Leaf Tires
Kamek,111014,Dry Bowser,Sports Coupe,Gold Glider,Leaf Tires
どらさ,78659,Baby Rosalina,Biddybuggy,Paper Glider,Leaf Tires
Kamek,111006,Dry Bowser,Sports Coupe,Gold Glider,Leaf Tires
San,81088,Dry Bowser,Mach 8,Paper Glider,Leaf Tires
SuperFX,98695,Dry Bowser,Mach 8,Paper Glider,Leaf Tires
San,81072,Dry Bowser,Mach 8,Paper Glider,Leaf Tires
San,81030,Dry Bowser,Mach 8,Paper Glider,Leaf Tires
San,81010,Dry Bowser,Mach 8,Paper Glider,Leaf Tires
San,80990,Dry Bowser,Mach 8,Paper Glider,Leaf Tires
ぷれいやー,109396,Heavy Mii Fox,Wild Wiggler,Paper Glider,Azure Roller
Kevin,77483,Heavy Mii Fox,Biddybuggy,Parachute,Azure Roller
George,72432,Dry Bowser,Pipe Frame,Cloud Glider,Azure Roller
Demon,89825,Wario,Biddybuggy,Cloud Glider,Azure Roller
Demon,89796,Wario,Biddybuggy,Cloud Glider,Azure Roller
Demon,89789,Wario,Biddybuggy,Cloud Glider,Azure Roller
Kevin,77433,Heavy Mii Fox,Biddybuggy,Parachute,Azure Roller
Kevin,77083,Heavy Mii Fox,Biddybuggy,Parachute,Azure Roller
Demon,89751,Wario,Biddybuggy,Cloud Glider,Azure Roller
Demon,89712,Wario,Biddybuggy,Cloud Glider,Azure Roller
Jimmy,82454,Blue Yoshi,Pipe Frame,Cloud Glider,Azure Roller
flc,94167,Orange Inkling Girl,Biddybuggy,Cloud Glider,Roller
とれいん。,110060,Wario,Mach 8,MKTV Parafoil,Leaf Tires
San,80972,Dry Bowser,Mach 8,Paper Glider,Leaf Tires
K4I,124797,Dry Bowser,Splat Buggy,Plane Glider,Slim
Kamek,110995,Dry Bowser,Sports Coupe,Gold Glider,Leaf Tires
flc,94062,Orange Inkling Girl,Biddybuggy,Cloud Glider,Roller
Kevin,77000,Heavy Mii Wario,Biddybuggy,Parachute,Azure Roller
Carson,88146,Donkey Kong,Biddybuggy,Plane Glider,Leaf Tires
Mick,58324,Koopa Troopa,Pipe Frame,Cloud Glider,Azure Roller
Luigi_Fan2,77699,Wario,Streetle,Super Glider,Roller
Davi,107219,Wario,Mach 8,Paper Glider,Leaf Tires
X treme,74996,Roy,Biddybuggy,Cloud Glider,Roller
Kevin,76966,Heavy Mii Wario,Biddybuggy,Parachute,Azure Roller
Bry,78891,Wario,Biddybuggy,Flower Glider,Roller
Poker,72425,Heavy Mii Crossing,Pipe Frame,Cloud Glider,Azure Roller
SuperFX,98553,Dry Bowser,Mach 8,Paper Glider,Leaf Tires
Kevin,77691,Heavy Mii Sonic,Streetle,Cloud Glider,Azure Roller
Kevin,77687,Heavy Mii Sonic,Streetle,Cloud Glider,Azure Roller
Kevin,77618,Heavy Mii Sonic,Streetle,Cloud Glider,Azure Roller
Mick,58238,Baby Daisy,Pipe Frame,Cloud Glider,Roller
George,72263,Dry Bowser,Pipe Frame,Cloud Glider,Roller
Jimmy,72155,Dry Bowser,Pipe Frame,Cloud Glider,Azure Roller
とれいん。,110025,Wario,Mach 8,MKTV Parafoil,Leaf Tires
George,72370,Dry Bowser,Pipe Frame,Cloud Glider,Roller
Kevin,77546,Heavy Mii Sonic,Streetle,Cloud Glider,Azure Roller
George,72367,Dry Bowser,Pipe Frame,Cloud Glider,Roller
flc,94030,Orange Inkling Girl,Biddybuggy,Cloud Glider,Roller
Mick,58514,Koopa Troopa,Pipe Frame,Cloud Glider,Azure Roller
George,72360,Dry Bowser,Pipe Frame,Cloud Glider,Roller
Kevin,77409,Heavy Mii Sonic,Streetle,Cloud Glider,Azure Roller
X treme,73928,Heavy Mii DK,Mach 8,Cloud Glider,Leaf Tires
San,80975,Dry Bowser,Mach 8,Paper Glider,Leaf Tires
Kevin,77358,Heavy Mii Sonic,Streetle,Plane Glider,Azure Roller
とれいん。,109941,Wario,Mach 8,MKTV Parafoil,Leaf Tires
Shaun,124796,Dry Bowser,Splat Buggy,Plane Glider,Slim
TylerR,77364,Dry Bowser,Streetle,Super Glider,Azure Roller
Kay,121717,Heavy Mii Crossing,Splat Buggy,Super Glider,Slim
Shaun,124787,Dry Bowser,Splat Buggy,Plane Glider,Slim
Kay,121744,Heavy Mii Crossing,Splat Buggy,Super Glider,Slim
Kevin,77301,Heavy Mii Sonic,Streetle,Plane Glider,Azure Roller
Carson,88735,Roy,Streetle,Wario Wing,Azure Roller
Mick,58249,Baby Daisy,Pipe Frame,Cloud Glider,Roller
Jimmy,73908,Dry Bowser,Mach 8,Cloud Glider,Leaf Tires
Swift,124662,Dry Bowser,Splat Buggy,Cloud Glider,Slim
Darren,104650,Waluigi,Biddybuggy,Paper Glider,Azure Roller
Kevin,77297,Heavy Mii Sonic,Streetle,Plane Glider,Azure Roller
SuperFX,69664,Wario,Biddybuggy,Cloud Glider,Leaf Tires
Swift,124587,Dry Bowser,Splat Buggy,Plane Glider,Slim
San,80922,Dry Bowser,Mach 8,Paper Glider,Leaf Tires
Kevin,74969,Heavy Mii Luigi,Biddybuggy,Parachute,Azure Roller
Mick,58230,Baby Daisy,Pipe Frame,Flower Glider,Roller
SuperFX,69672,Wario,Biddybuggy,Cloud Glider,Leaf Tires
flc,93987,Orange Inkling Girl,Biddybuggy,Cloud Glider,Roller
Ryan5,89666,Wario,Biddybuggy,Parachute,Azure Roller
Lyte,121798,Roy,Biddybuggy,Paper Glider,Azure Roller
ゆず,72557,Wario,Sport Bike,Waddle Wing,Slim
ぺんぎんさむらい,121754,Donkey Kong,Comet,Cloud Glider,Roller
Mike B,102452,Wario,Yoshi Bike,Paper Glider,Azure Roller
ぺんぎんさむらい,121773,Donkey Kong,Comet,Cloud Glider,Roller
ポッチ,61866,Dry Bowser,Splat Buggy,Cloud Glider,Crimson Slim
Suuya,113674,Wario,Mach 8,Cloud Glider,Slim
Lyte,118062,Roy,Streetle,Paper Glider,Azure Roller
Demon,109929,Wario,Streetle,Super Glider,Azure Roller
Demon,109898,Wario,Streetle,Super Glider,Azure Roller
Demon,109839,Wario,Streetle,Super Glider,Azure Roller
K4I,124530,Dry Bowser,Splat Buggy,Super Glider,Crimson Slim
Kevin,74871,Heavy Mii Luigi,Biddybuggy,Parachute,Azure Roller
SuperFX,69546,Wario,Biddybuggy,Cloud Glider,Leaf Tires
Mick,58165,Baby Daisy,Pipe Frame,Flower Glider,Roller
Mick,57915,Baby Daisy,Pipe Frame,Flower Glider,Roller
3-UP,47201,Luigi,Standard Bike,Paper Glider,Leaf Tires
Darky,47191,Luigi,Standard Bike,Paper Glider,Leaf Tires
Darky,47162,Luigi,Standard Bike,Paper Glider,Leaf Tires
Darky,47125,Luigi,Standard Bike,Paper Glider,Leaf Tires
Darky,47068,Luigi,Standard Bike,Paper Glider,Leaf Tires
Darky,47026,Luigi,Standard Bike,Paper Glider,Leaf Tires
Carson,88116,Donkey Kong,Biddybuggy,Plane Glider,Leaf Tires
ゆず,72556,Wario,Sport Bike,Waddle Wing,Slim
とれいん。,109871,Wario,Mach 8,MKTV Parafoil,Leaf Tires
Ryan's,107164,Wario,Wild Wiggler,Cloud Glider,Roller
San,80899,Dry Bowser,Mach 8,Paper Glider,Leaf Tires
Kay,117946,Donkey Kong,Streetle,Paper Glider,Azure Roller
Ryan's,107057,Wario,Wild Wiggler,Cloud Glider,Roller
Davi,113219,Wario,Mach 8,Paper Glider,Leaf Tires
Mike B,102436,Wario,Yoshi Bike,Paper Glider,Azure Roller
Ryan's,107147,Wario,Wild Wiggler,Cloud Glider,Roller
ゆず,72548,Wario,Sport Bike,Waddle Wing,Slim
とれいん。,109795,Wario,Mach 8,MKTV Parafoil,Leaf Tires
Carson,113089,Dry Bowser,Mach 8,Cloud Glider,Leaf Tires
Ren,77214,Wario,Streetle,Super Glider,Azure Roller
とれいん。,109701,Wario,Mach 8,MKTV Parafoil,Leaf Tires
とれいん。,109749,Wario,Mach 8,MKTV Parafoil,Leaf Tires
Kay,117692,Donkey Kong,Streetle,Paper Glider,Azure Roller
HIBANA,113180,Dry Bowser,Mach 8,Cloud Glider,Leaf Tires
Carson,113146,Dry Bowser,Mach 8,Cloud Glider,Leaf Tires
Swift,117423,Roy,Yoshi Bike,MKTV Parafoil,Leaf Tires
K4I,110033,Wario,Streetle,Super Glider,Azure Roller
Jimmy,84991,Roy,Biddybuggy,Cloud Glider,Leaf Tires
ポッチ,61816,Dry Bowser,Inkstriker,Cloud Glider,Wood
とれいん。,109728,Wario,Mach 8,MKTV Parafoil,Leaf Tires
Kay,117680,Heavy Mii Crossing,Streetle,Paper Glider,Azure Roller
ゆず,72541,Wario,Sport Bike,Waddle Wing,Crimson Slim
Darky,47019,Luigi,Standard Bike,Paper Glider,Leaf Tires
Darky,47008,Luigi,Standard Bike,Paper Glider,Leaf Tires
Ryan's,106960,Wario,Wild Wiggler,Cloud Glider,Roller
Flarena,106937,Wario,Wild Wiggler,Cloud Glider,Roller
Jimmy,79006,King Boo,Streetle,Cloud Glider,Roller
ポッチ,61733,Dry Bowser,Inkstriker,Cloud Glider,Wood
Ren,77237,Wario,Streetle,Super Glider,Azure Roller
たこゾー,61733,Dry Bowser,Inkstriker,Cloud Glider,Crimson Slim
Ren,77233,Wario,Streetle,Super Glider,Azure Roller
Thimo,106791,Wario,Sport Bike,Super Glider,Wood
San,80889,Dry Bowser,Mach 8,Paper Glider,Leaf Tires
Cole,106764,Wario,Sport Bike,Wario Wing,Slim
Cole,106716,Wario,Sport Bike,Wario Wing,Slim
Darky,46999,Luigi,Standard Bike,Paper Glider,Leaf Tires
Suuya,113086,Wario,Mach 8,Paper Glider,Leaf Tires
ている,100248,Roy,Biddybuggy,Super Glider,Roller
Peze,105415,Donkey Kong,Biddybuggy,Cloud Glider,Azure Roller
Kamek,109681,Heavy Mii Rosalina,Mach 8,Cloud Glider,Leaf Tires
Swift,117366,Roy,Yoshi Bike,Paper Glider,Leaf Tires
Swift,117326,Roy,Yoshi Bike,Paper Glider,Leaf Tires
SuperFX,98487,Dry Bowser,Mach 8,Paper Glider,Leaf Tires
SuperFX,110082,Dry Bowser,Wild Wiggler,Cloud Glider,Azure Roller
ケケ,104183,Dry Bowser,Wild Wiggler,Cloud Glider,Roller
SuperFX,113749,Wario,Sports Coupe,Plane Glider,Roller
SuperFX,109999,Dry Bowser,Wild Wiggler,Cloud Glider,Azure Roller
Lyte,62819,Red Yoshi,Mr. Scooty,Paper Glider,Button
ポッチ,61700,Dry Bowser,Inkstriker,Cloud Glider,Wood
Carson,113083,Dry Bowser,Mach 8,Cloud Glider,Leaf Tires
とれいん。,109600,Wario,Mach 8,MKTV Parafoil,Leaf Tires
Shaun,116344,Donkey Kong,Biddybuggy,Super Glider,Roller
Ryan5,69533,Wario,Biddybuggy,Paper Glider,Leaf Tires
Shaun,116263,Donkey Kong,Biddybuggy,Super Glider,Roller
ケーべルト,116242,Donkey Kong,Biddybuggy,Super Glider,Azure Roller
zono,102352,Wario,Yoshi Bike,Cloud Glider,Roller
Darky,46971,Luigi,Standard Bike,Paper Glider,Leaf Tires
Darky,46964,Luigi,Standard Bike,Paper Glider,Leaf Tires
Ren,77109,Wario,Streetle,Super Glider,Azure Roller
Kamek,120461,Dry Bowser,Wild Wiggler,Plane Glider,Azure Roller
San,80884,Dry Bowser,Mach 8,Paper Glider,Leaf Tires
Kamek,120422,Dry Bowser,Wild Wiggler,Plane Glider,Azure Roller
ステルス,118282,Dry Bowser,Mach 8,Paper Glider,Leaf Tires
ケーべルト,116251,Donkey Kong,Biddybuggy,Super Glider,Azure Roller
がおる,85624,Heavy Mii,Sport Bike,Super Glider,Crimson Slim
San,80828,Dry Bowser,Mach 8,Paper Glider,Leaf Tires
Ren,77064,Wario,Streetle,Super Glider,Azure Roller
SuperFX,98306,Dry Bowser,Mach 8,Paper Glider,Leaf Tires
Kevin,79489,Heavy Mii Wario,W 25 Silver Arrow,Plane Glider,Slim
Kevin,80673,Heavy Mii Sonic,Streetle,Plane Glider,Slim
Kevin,80223,Heavy Mii Wario,W 25 Silver Arrow,Plane Glider,Slim
Kevin,84005,Heavy Mii Mario,Pipe Frame,Cloud Glider,Roller
San,80815,Dry Bowser,Mach 8,Paper Glider,Leaf Tires
Leus,109198,Heavy Mii Varia,Wild Wiggler,Paper Glider,Roller
Ryan5,69425,Wario,Biddybuggy,Paper Glider,Leaf Tires
Lyte,80554,Orange Yoshi,Streetle,Paper Glider,Azure Roller
Leus,113033,Dry Bowser,Mach 8,Paper Glider,Leaf Tires
Unreal,82267,Light-blue Yoshi,Pipe Frame,Hylian Kite,Azure Roller
Ryan5,72514,Dry Bowser,Comet,Super Glider,Azure Roller
Lyte,78589,Bowser Jr.,Biddybuggy,Bowser Kite,Azure Roller
alpha,46939,Luigi,Standard Bike,Cloud Glider,Leaf Tires
はなみん,109132,Heavy Mii Hylian,Wild Wiggler,Cloud Glider,Azure Roller
Jimmy,78875,King Boo,Streetle,Cloud Glider,Roller
SuperFX,109766,Dry Bowser,Wild Wiggler,Paper Glider,Azure Roller
Carson,77091,Roy,Biddybuggy,Cloud Glider,Azure Roller
Lyte,100147,Donkey Kong,Biddybuggy,Paper Glider,Roller
San,80812,Dry Bowser,Mach 8,Paper Glider,Leaf Tires
Lyte,100196,Donkey Kong,Biddybuggy,Paper Glider,Roller
San,80772,Dry Bowser,Mach 8,Paper Glider,Leaf Tires
Carson,77023,Roy,Biddybuggy,Cloud Glider,Azure Roller
Lyte,100069,Donkey Kong,Biddybuggy,Paper Glider,Roller
Lyte,99977,Donkey Kong,Biddybuggy,Paper Glider,Roller
ポッチ,61616,Dry Bowser,Inkstriker,Cloud Glider,Wood
Miguel,61700,Dry Bowser,Inkstriker,Cloud Glider,Wood
ぺんぎんさむらい,121713,Donkey Kong,Comet,Cloud Glider,Roller
ぺんぎんさむらい,121603,Donkey Kong,Comet,Cloud Glider,Roller
San,80705,Dry Bowser,Mach 8,Paper Glider,Leaf Tires
K4I,99964,Roy,Biddybuggy,Cloud Glider,Azure Roller
3-UP,63734,Wario,Gold Standard,Gold Glider,Slim
San,80742,Dry Bowser,Mach 8,Paper Glider,Leaf Tires
Ryan5,72470,Dry Bowser,Comet,Super Glider,Azure Roller
Demon,110751,Wario,Wild Wiggler,Paper Glider,Leaf Tires
Peze,105402,Donkey Kong,Biddybuggy,Paper Glider,Azure Roller
K4I,99951,Waluigi,Biddybuggy,Paper Glider,Azure Roller
Ryan5,72404,Dry Bowser,Comet,Super Glider,Azure Roller
Ryan5,72433,Dry Bowser,Comet,Super Glider,Azure Roller
Ryan5,72372,Dry Bowser,Comet,Super Glider,Azure Roller
Ren,63547,Dry Bowser,Gold Standard,Super Glider,Crimson Slim
Azuza,89914,Heavy Mii,Biddybuggy,Super Glider,Azure Roller
ステルス,118248,Wario,Mach 8,Paper Glider,Leaf Tires
Miguel,61616,Dry Bowser,Inkstriker,Cloud Glider,Wood
Peze,104548,Donkey Kong,Biddybuggy,Paper Glider,Azure Roller
ur,122479,Dry Bowser,Sports Coupe,Gold Glider,Azure Roller
Lyte,103192,Roy,Biddybuggy,Paper Glider,Azure Roller
Peze,105295,Donkey Kong,Biddybuggy,Paper Glider,Azure Roller
Swift,104476,Waluigi,Biddybuggy,Paper Glider,Roller
Demon,110822,Wario,Wild Wiggler,Paper Glider,Leaf Tires
Lyte,118017,Wario,Mach 8,Paper Glider,Leaf Tires
ステルス,118213,Dry Bowser,Mach 8,Paper Glider,Leaf Tires
Jimmy,81226,Roy,Biddybuggy,Gold Glider,Azure Roller
むし,103259,Roy,Biddybuggy,Peach Parasol,Roller
むし,103242,Roy,Biddybuggy,Peach Parasol,Roller
むし,103203,Roy,Biddybuggy,Peach Parasol,Roller
むし,103084,Roy,Biddybuggy,Peach Parasol,Roller
K4I,99805,Donkey Kong,Mr. Scooty,Paper Glider,Azure Roller
Mon,99948,Roy,Mr. Scooty,Cloud Glider,Azure Roller
Mon,99889,Roy,Mr. Scooty,Paper Glider,Azure Roller
とん,86341,Wario,Mach 8,Paper Glider,Button
Kevin,78901,Heavy Mii Toad,Wild Wiggler,Plane Glider,Azure Roller
Demon,110772,Wario,Wild Wiggler,Paper Glider,Leaf Tires
Davi,84269,Dry Bowser,Biddybuggy,Paper Glider,Azure Roller
Demon,109829,Wario,Streetle,Super Glider,Azure Roller
Demon,109738,Wario,Streetle,Super Glider,Azure Roller
Demon,109717,Wario,Streetle,Super Glider,Azure Roller
Demon,109646,Wario,Streetle,Super Glider,Azure Roller
Ren,63707,Dry Bowser,Gold Standard,Super Glider,Slim
Ren,63660,Dry Bowser,Gold Standard,Super Glider,Slim
K4I,110772,Wario,Wild Wiggler,Paper Glider,Leaf Tires
Ren,63574,Dry Bowser,Gold Standard,Super Glider,Slim
Ryan5,82467,Roy,Wild Wiggler,Cloud Glider,Azure Roller
ケーべルト,116229,Donkey Kong,Biddybuggy,Gold Glider,Roller
ケーべルト,116173,Roy,Biddybuggy,Super Glider,Roller
Mon,99737,Roy,Mr. Scooty,Paper Glider,Azure Roller
TylerR,63619,Dry Bowser,Gold Standard,Super Glider,Slim
Jimmy,84245,Dry Bowser,Biddybuggy,Cloud Glider,Roller
Davi,86298,Wario,Mach 8,Paper Glider,Button
Peze,86284,Heavy Mii Crossing,Mach 8,Paper Glider,Button
K4I,86236,Wario,Mach 8,Paper Glider,Button
Davi,107143,Wario,Mach 8,Paper Glider,Button
vxlocity,113000,Wario,Mach 8,Paper Glider,Leaf Tires
Davi,88574,Donkey Kong,Biddybuggy,Paper Glider,Leaf Tires
Jimmy,84091,Dry Bowser,Biddybuggy,Cloud Glider,Roller
vxlocity,112885,Wario,Mach 8,Paper Glider,Leaf Tires
Jimmy,83858,Dry Bowser,Biddybuggy,Cloud Glider,Roller
Unreal,59387,Wario,Blue Falcon,Waddle Wing,Crimson Slim
Azuza,89902,Heavy Mii,Biddybuggy,Gold Glider,Azure Roller
Demon,110758,Wario,Wild Wiggler,Paper Glider,Leaf Tires
Peze,86157,Wario,Mach 8,Paper Glider,Leaf Tires
Demon,110664,Wario,Wild Wiggler,Paper Glider,Leaf Tires
たちばなありす,105345,Donkey Kong,Biddybuggy,Paper Glider,Azure Roller
Peze,105259,Donkey Kong,Biddybuggy,Paper Glider,Azure Roller
Lyte,122460,Dry Bowser,Mach 8,Gold Glider,Azure Roller
vxlocity,112873,Heavy Mii Wario,Mach 8,Paper Glider,Leaf Tires
vxlocity,112847,Heavy Mii Wario,Mach 8,Paper Glider,Leaf Tires
vxlocity,112743,Heavy Mii Wario,Mach 8,Paper Glider,Leaf Tires
Ren,63418,Dry Bowser,Gold Standard,Super Glider,Crimson Slim
Davi,88593,Donkey Kong,Biddybuggy,Paper Glider,Leaf Tires
Ren,63374,Dry Bowser,Gold Standard,Super Glider,Crimson Slim
Peze,105272,Donkey Kong,Biddybuggy,Paper Glider,Azure Roller
San,80691,Dry Bowser,Mach 8,Paper Glider,Leaf Tires
Jimmy,78517,Dry Bowser,W 25 Silver Arrow,Gold Glider,Leaf Tires
とれいん。,124329,Wario,Mach 8,Paper Glider,Button
むし,105271,Roy,Biddybuggy,Paper Glider,Roller
たちばなありす,105243,Donkey Kong,Biddybuggy,Paper Glider,Azure Roller
Peze,105224,Donkey Kong,Biddybuggy,Paper Glider,Azure Roller
Miguel,61583,Dry Bowser,Inkstriker,Cloud Glider,Wood
むし,105143,Donkey Kong,Biddybuggy,Paper Glider,Roller
たちばなありす,105172,Donkey Kong,Biddybuggy,Paper Glider,Azure Roller
Mon,99656,Roy,Mr. Scooty,Paper Glider,Azure Roller
Davi,116917,Wario,Streetle,Cloud Glider,Azure Roller
Jimmy,71926,Dry Bowser,Teddy Buggy,Super Glider,Azure Roller
Peze,105128,Waluigi,Biddybuggy,Paper Glider,Azure Roller
SuperFX,121144,Wario,Biddybuggy,Cloud Glider,Roller
とれいん。,124252,Wario,Standard Bike,Gold Glider,Leaf Tires
X treme,88472,Roy,Biddybuggy,Cloud Glider,Leaf Tires
Ryan's,106921,Wario,Wild Wiggler,Paper Glider,Roller
Lyte,122329,Dry Bowser,Mach 8,Paper Glider,Azure Roller
エセしんぷ,84533,Wario,Mach 8,Paper Glider,Button
Mattew,78417,Wario,W 25 Silver Arrow,Plane Glider,Azure Roller
ちーちゃん,72051,Wario,Pipe Frame,Super Glider,Roller
Hayashi,84500,Wario,Mach 8,Paper Glider,Leaf Tires
frog,123483,Wario,Splat Buggy,Plane Glider,Slim
Demon,109574,Wario,Streetle,Super Glider,Azure Roller
Demon,109515,Wario,Streetle,Super Glider,Azure Roller
Jimmy,78346,Dry Bowser,W 25 Silver Arrow,Gold Glider,Azure Roller
Lyte,124463,Dry Bowser,Mach 8,Paper Glider,Button
とれいん。,124447,Wario,Mach 8,Paper Glider,Button
Mon,72028,Wario,Teddy Buggy,Super Glider,Azure Roller
とれいん。,124354,Wario,Mach 8,Paper Glider,Button
とれいん。,124376,Wario,Mach 8,Paper Glider,Button
Jimmy,72010,Dry Bowser,Cat Cruiser,Super Glider,Azure Roller
Kay,120694,Heavy Mii Crossing,Splat Buggy,Super Glider,Azure Roller
Jimmy,72013,Dry Bowser,Teddy Buggy,Super Glider,Azure Roller
cheLmi,113739,Wario,Sports Coupe,Gold Glider,Roller
Jimmy,71982,Dry Bowser,Cat Cruiser,Super Glider,Azure Roller
LeeD93,83673,Roy,Yoshi Bike,Cloud Glider,Button
ステルス,118222,Dry Bowser,Mach 8,Paper Glider,Leaf Tires
ステルス,118185,Dry Bowser,Mach 8,Paper Glider,Leaf Tires
Lyte,118146,Wario,Mach 8,Paper Glider,Leaf Tires
はなみん,109071,Heavy Mii Hylian,Wild Wiggler,Cloud Glider,Azure Roller
Demon,109467,Wario,Streetle,Super Glider,Azure Roller
ケーべルト,116082,Roy,Biddybuggy,Gold Glider,Azure Roller
Peze,86097,Dry Bowser,Mach 8,Paper Glider,Leaf Tires
Peze,86049,Dry Bowser,Mach 8,Paper Glider,Leaf Tires
Peze,86023,Dry Bowser,Mach 8,Paper Glider,Leaf Tires
Peze,85918,Dry Bowser,Mach 8,Paper Glider,Leaf Tires
ポッチ,61500,Dry Bowser,Inkstriker,Cloud Glider,Wood
frog,123437,Wario,Splat Buggy,Plane Glider,Slim
むし,102972,Roy,Biddybuggy,Peach Parasol,Roller
Jimmy,71788,Dry Bowser,Teddy Buggy,Super Glider,Azure Roller
Lyte,118131,Wario,Mach 8,Paper Glider,Leaf Tires
Peze,86051,Dry Bowser,Mach 8,Paper Glider,Leaf Tires
はなみん,108909,Heavy Mii Hylian,Wild Wiggler,Cloud Glider,Azure Roller
ステルス,118144,Wario,Mach 8,Paper Glider,Leaf Tires
Davi,78812,Wario,Wild Wiggler,Paper Glider,Azure Roller
Shaun,123409,Dry Bowser,Splat Buggy,Plane Glider,Slim
Ryan5,83642,Roy,Yoshi Bike,Cloud Glider,Button
Hayashi,84483,Wario,Mach 8,Paper Glider,Leaf Tires
Ryan5,83640,Roy,Yoshi Bike,Cloud Glider,Button
Ryan5,83559,Roy,Yoshi Bike,Cloud Glider,Button
kitto,101121,Wario,Pipe Frame,Cloud Glider,Leaf Tires
K4I,112645,Morton,Splat Buggy,Cloud Glider,Slim
アツサム,114402,Morton,Prancer,Super Glider,Slim
Byron,87090,Peach,Teddy Buggy,Paper Glider,Azure Roller
Davi,110462,Morton,Streetle,Cloud Glider,Slim
B!KZO,110030,Morton,Cat Cruiser,Plane Glider,Slim
B!KZO,109959,Morton,Cat Cruiser,Plane Glider,Slim
Ryan's,106809,Wario,Wild Wiggler,Paper Glider,Roller
スベリータ,109536,Morton,Mach 8,Paper Glider,Cyber Slick
B!KZO,109532,Morton,Mach 8,Plane Glider,Cyber Slick
B!KZO,109213,Morton,W 25 Silver Arrow,Plane Glider,Crimson Slim
B!KZO,108983,Morton,W 25 Silver Arrow,Plane Glider,Crimson Slim
とれいん。,124167,Wario,Standard Bike,Gold Glider,Leaf Tires
ステルス,118113,Wario,Mach 8,Paper Glider,Leaf Tires
Ryan's,106829,Wario,Wild Wiggler,Paper Glider,Roller
Davi,116844,Wario,Streetle,Paper Glider,Azure Roller
とれいん。,124178,Wario,Standard Bike,Gold Glider,Leaf Tires
yuunagi,124269,Morton,Standard Bike,Gold Glider,Leaf Tires
LeeD93,83474,Roy,Yoshi Bike,Cloud Glider,Button
とれいん。,124111,Wario,Standard Bike,Gold Glider,Leaf Tires
Shaun,123386,Dry Bowser,Splat Buggy,Plane Glider,Slim
Darky,46809,Luigi,Standard Bike,Cloud Glider,Leaf Tires
Swift,124492,Dry Bowser,Splat Buggy,Super Glider,Slim
Lyte,118052,Wario,Mach 8,Paper Glider,Leaf Tires
ステルス,118090,Wario,Mach 8,Paper Glider,Leaf Tires
K4I,99650,Waluigi,Biddybuggy,Paper Glider,Azure Roller
Demon,120361,Dry Bowser,Wild Wiggler,Plane Glider,Azure Roller
Crazykonga,120459,Dry Bowser,Wild Wiggler,Super Glider,Wood
スイミー,120221,Morton,Inkstriker,Cloud Glider,Azure Roller
ドルフィンみさき,121773,Wario,Streetle,Super Glider,Roller
Tyler,106983,Morton,Streetle,Super Glider,Slim
Davi,78786,Wario,Wild Wiggler,Paper Glider,Azure Roller
Davi,78740,Wario,Wild Wiggler,Paper Glider,Azure Roller
Lyte,117934,Wario,Mach 8,Paper Glider,Leaf Tires
San,80672,Dry Bowser,Mach 8,Paper Glider,Leaf Tires
Darky,46793,Luigi,Standard Bike,Cloud Glider,Leaf Tires
Shaun,121122,Dry Bowser,Mach 8,Paper Glider,Leaf Tires
Dashi,80318,Daisy,Biddybuggy,Paper Glider,Roller
Lyte,80257,Bowser Jr.,Biddybuggy,Paper Glider,Azure Roller
Shaun,123366,Dry Bowser,Splat Buggy,Plane Glider,Slim
Shaun,123314,Dry Bowser,Splat Buggy,Plane Glider,Slim
Shaun,121276,Heavy Mii,Mach 8,Paper Glider,Leaf Tires
frog,123285,Wario,Splat Buggy,Plane Glider,Slim
Ryan's,106786,Wario,Wild Wiggler,Paper Glider,Roller
Ryan's,106679,Wario,Wild Wiggler,Paper Glider,Roller
Ryan's,106644,Wario,Wild Wiggler,Paper Glider,Roller
Ryan5,83392,Roy,Yoshi Bike,Cloud Glider,Button
Dashi,79811,Daisy,Biddybuggy,Paper Glider,Roller
Shaun,123275,Dry Bowser,Splat Buggy,Plane Glider,Slim
Dashi,80220,Daisy,Biddybuggy,Paper Glider,Roller
Dashi,79676,Daisy,Biddybuggy,Paper Glider,Roller
Dashi,79520,Daisy,Biddybuggy,Paper Glider,Roller
ゆず,72520,Wario,Sport Bike,Waddle Wing,Crimson Slim
Shaun,121198,Heavy Mii,Mach 8,Paper Glider,Leaf Tires
Shaun,121163,Dry Bowser,Mach 8,Paper Glider,Leaf Tires
Mike B,102313,Wario,Yoshi Bike,Paper Glider,Azure Roller
LeeD93,83322,Roy,Yoshi Bike,Cloud Glider,Button
とれいん。,124004,Wario,Standard Bike,Gold Glider,Button
Shaun,121196,Dry Bowser,Mach 8,Paper Glider,Leaf Tires
Jimmy,79227,Daisy,Biddybuggy,Cloud Glider,Azure Roller
Kamek,75228,Roy,Streetle,Cloud Glider,Roller
Shaun,121129,Dry Bowser,Mach 8,Paper Glider,Leaf Tires
Demon,118267,Roy,Sneeker,Waddle Wing,Azure Roller
LeeD93,83283,Roy,Yoshi Bike,Cloud Glider,Button
Peze,105107,Donkey Kong,Biddybuggy,Paper Glider,Azure Roller
Peze,105091,Donkey Kong,Biddybuggy,Paper Glider,Azure Roller
Peze,105065,Donkey Kong,Biddybuggy,Paper Glider,Azure Roller
Peze,104967,Donkey Kong,Biddybuggy,Paper Glider,Azure Roller
Peze,104780,Donkey Kong,Biddybuggy,Paper Glider,Azure Roller
K4I,103176,Waluigi,Biddybuggy,Paper Glider,Azure Roller
とれいん。,109518,Roy,Biddybuggy,Paper Glider,Leaf Tires
K4I,109557,Roy,Biddybuggy,Paper Glider,Leaf Tires
K4I,103113,Donkey Kong,Biddybuggy,Cloud Glider,Azure Roller
ゆず,72519,Wario,Sport Bike,Waddle Wing,Crimson Slim
Horse,59326,Wario,Blue Falcon,Waddle Wing,Crimson Slim
ゆず,72512,Wario,Sport Bike,Waddle Wing,Crimson Slim
ゆず,72495,Wario,Sport Bike,Waddle Wing,Crimson Slim
Demon,120417,Dry Bowser,Wild Wiggler,Plane Glider,Azure Roller
Kamek,75157,Roy,Streetle,Cloud Glider,Roller
Demon,120338,Dry Bowser,Wild Wiggler,Plane Glider,Azure Roller
Shaun,121125,Dry Bowser,Mach 8,Paper Glider,Leaf Tires
Shaun,121076,Dry Bowser,Mach 8,Paper Glider,Leaf Tires
K4I,103000,Donkey Kong,Biddybuggy,Cloud Glider,Roller
Demon,120212,Dry Bowser,Wild Wiggler,Plane Glider,Azure Roller
K4I,109471,Donkey Kong,Biddybuggy,Cloud Glider,Leaf Tires
とれいん。,109464,Roy,Biddybuggy,Paper Glider,Leaf Tires
LeeD93,83314,Roy,Yoshi Bike,Cloud Glider,Button
Shaun,121064,Dry Bowser,Mach 8,Paper Glider,Leaf Tires
K4I,124445,Dry Bowser,Splat Buggy,Super Glider,Slim
Azuza,89831,Heavy Mii,Biddybuggy,Gold Glider,Azure Roller
Kamek,75142,Roy,Streetle,Cloud Glider,Roller
Demon,119998,Dry Bowser,Wild Wiggler,Plane Glider,Azure Roller
Shaun,121052,Dry Bowser,Mach 8,Paper Glider,Leaf Tires
SuperFX,104208,Donkey Kong,Biddybuggy,Cloud Glider,Roller
とれいん。,109414,Roy,Biddybuggy,Paper Glider,Leaf Tires
Shaun,121033,Dry Bowser,Mach 8,Paper Glider,Leaf Tires
Davi,88528,Bowser,Biddybuggy,Paper Glider,Azure Roller
どらさ,102570,Roy,Biddybuggy,Paper Glider,Leaf Tires
Lemon,84433,Wario,Mach 8,Paper Glider,Leaf Tires
Hayashi,84433,Wario,Mach 8,Paper Glider,Leaf Tires
Kamek,120603,Dry Bowser,Splat Buggy,Super Glider,Azure Roller
Azuza,89738,Heavy Mii,Biddybuggy,Gold Glider,Azure Roller
Shaun,121042,Dry Bowser,Mach 8,Paper Glider,Leaf Tires
Shaun,121024,Dry Bowser,Mach 8,Paper Glider,Leaf Tires
Shaun,120978,Dry Bowser,Mach 8,Paper Glider,Leaf Tires
LeeD93,83216,Roy,Yoshi Bike,Cloud Glider,Button
Jimmy,85686,Dry Bowser,Biddybuggy,Cloud Glider,Azure Roller
Jimmy,85612,Dry Bowser,Biddybuggy,Super Glider,Azure Roller
Unreal,59311,Wario,Blue Falcon,Waddle Wing,Crimson Slim
Unreal,59174,Wario,Blue Falcon,Waddle Wing,Crimson Slim
Ren,81190,Waluigi,Biddybuggy,Plane Glider,Azure Roller
SuperFX,98272,Dry Bowser,Mach 8,Paper Glider,Leaf Tires
SuperFX,104157,Donkey Kong,Biddybuggy,Cloud Glider,Roller
Azuza,89728,Roy,Biddybuggy,Gold Glider,Azure Roller
とれいん。,108900,Wario,Wild Wiggler,Paper Glider,Azure Roller
いたくら,116036,Roy,Biddybuggy,Super Glider,Roller
Demon,118131,Roy,Sneeker,Waddle Wing,Azure Roller
San,80657,Dry Bowser,Mach 8,Paper Glider,Leaf Tires
vxlocity,112694,Heavy Mii ,Mach 8,Cloud Glider,Leaf Tires
vxlocity,112674,Heavy Mii ,Mach 8,Cloud Glider,Leaf Tires
Jimmy,85559,Dry Bowser,Biddybuggy,Super Glider,Azure Roller
Davi,78709,Wario,Wild Wiggler,Paper Glider,Azure Roller
Davi,78695,Wario,Wild Wiggler,Paper Glider,Azure Roller
Davi,78644,Wario,Wild Wiggler,Paper Glider,Azure Roller
Swift,117286,Roy,Yoshi Bike,Cloud Glider,Leaf Tires
ゲコつむり,104133,Wario,Wild Wiggler,Paper Glider,Roller
Naoto,84117,Roy,Streetle,Paper Glider,Azure Roller
Davi,88457,Roy,Biddybuggy,Paper Glider,Leaf Tires
SuperFX,113480,Wario,Sports Coupe,Plane Glider,Roller
X treme,88421,Roy,Biddybuggy,Cloud Glider,Leaf Tires
Swift,124359,Dry Bowser,Splat Buggy,Super Glider,Slim
X treme,88355,Roy,Biddybuggy,Cloud Glider,Leaf Tires
K4I,124346,Dry Bowser,Splat Buggy,Super Glider,Slim
Jimmy,85490,Dry Bowser,Biddybuggy,Super Glider,Azure Roller
Lyte,91258,Morton,Biddybuggy,Paper Glider,Azure Roller
Espurr,89607,Roy,Biddybuggy,Gold Glider,Azure Roller
Espurr,89631,Roy,Biddybuggy,Gold Glider,Azure Roller
とれいん。,108813,Wario,Wild Wiggler,Paper Glider,Azure Roller
Espurr,89545,Roy,Biddybuggy,Gold Glider,Azure Roller
Lemon,122319,Dry Bowser,Mach 8,Paper Glider,Azure Roller
とれいん。,89519,Roy,Biddybuggy,Paper Glider,Azure Roller
Shaun,120974,Dry Bowser,Mach 8,Paper Glider,Leaf Tires
はなみん,108812,Heavy Mii Hylian,Wild Wiggler,Paper Glider,Azure Roller
とれいん。,89383,Roy,Biddybuggy,Paper Glider,Azure Roller
Darky,46779,Luigi,Standard Bike,Cloud Glider,Leaf Tires
とれいん。,108779,Wario,Wild Wiggler,Paper Glider,Azure Roller
Shaun,120945,Dry Bowser,Mach 8,Paper Glider,Leaf Tires
Swift,124251,Dry Bowser,Splat Buggy,Super Glider,Slim
Shaun,120929,Dry Bowser,Mach 8,Paper Glider,Leaf Tires
K4I,106688,Heavy Mii ,Sport Bike,Super Glider,Wood
Swift,124178,Dry Bowser,Splat Buggy,Super Glider,Slim
とれいん。,108744,Wario,Wild Wiggler,Paper Glider,Azure Roller
Lemon,122299,Dry Bowser,Mach 8,Paper Glider,Azure Roller
frog,118344,Waluigi,Sneeker,Waddle Wing,Roller
frog,118328,Waluigi,Sneeker,Waddle Wing,Roller
Kevin,86470,Heavy Mii Splatoon,Mach 8,Cloud Glider,Crimson Slim
vxlocity,72268,Dry Bowser,Comet,Paper Glider,Azure Roller
Roberto,72469,Wario,Sport Bike,Super Glider,Wood
Jimmy,88070,Morton,Blue Falcon,Gold Glider,Crimson Slim
Demon,118132,Roy,Sneeker,Waddle Wing,Azure Roller
Lemon,122296,Dry Bowser,Mach 8,Paper Glider,Azure Roller
Roberto,72451,Wario,Sport Bike,Super Glider,Wood
Thunderfire,81864,Wario,Mach 8,Cloud Glider,Slim
はなみん,108695,Heavy Mii Hylian,Wild Wiggler,Paper Glider,Azure Roller
starxlx,116795,Morton,Streetle,Cloud Glider,Azure Roller
Demon,118262,Roy,Sneeker,Waddle Wing,Azure Roller
Demon,118242,Roy,Sneeker,Waddle Wing,Azure Roller
Demon,118189,Roy,Sneeker,Waddle Wing,Azure Roller
Davi,84064,Roy,Streetle,Paper Glider,Azure Roller
Lemon,91031,Heavy Mii ,Biddybuggy,Paper Glider,Azure Roller
Demon,118096,Roy,Sneeker,Waddle Wing,Azure Roller
Demon,118067,Roy,Sneeker,Waddle Wing,Azure Roller
Lemon,91186,Heavy Mii ,Biddybuggy,Paper Glider,Roller
Lemon,91116,Heavy Mii ,Biddybuggy,Paper Glider,Roller
Lemon,91078,Heavy Mii ,Biddybuggy,Paper Glider,Roller
がおる,117266,Roy,Yoshi Bike,Cloud Glider,Button
とれいん。,108647,Wario,Wild Wiggler,Paper Glider,Azure Roller
Miguel,61500,Dry Bowser,Inkstriker,Cloud Glider,Wood
Ren,81155,Waluigi,Biddybuggy,Plane Glider,Azure Roller
RubenD,110424,Wario,Landship,Parachute,Roller
CreepGanon,71785,Dry Bowser,Wild Wiggler,Cloud Glider,Azure Roller
flc,93894,Orange Inkling Girl,Biddybuggy,Cloud Glider,Roller
Lemon,91005,Heavy Mii ,Biddybuggy,Paper Glider,Azure Roller
Davi,83884,Roy,Streetle,Paper Glider,Roller
Cynda,80364,Yoshi,Streetle,Paper Glider,Azure Roller
Demon,118031,Roy,Sneeker,Waddle Wing,Azure Roller
Demon,117967,Roy,Sneeker,Waddle Wing,Azure Roller
Swift,117261,Roy,Yoshi Bike,Cloud Glider,Leaf Tires
ゆず,72464,Wario,Sport Bike,Super Glider,Wood
Darky,46702,Luigi,Standard Bike,Cloud Glider,Leaf Tires
Lemon,90998,Heavy Mii ,Biddybuggy,Paper Glider,Azure Roller
Jimmy,71776,Dry Bowser,Teddy Buggy,Super Glider,Azure Roller
Ryan's,106588,Wario,Wild Wiggler,Paper Glider,Roller
Thunderfire,81798,Wario,Mach 8,Cloud Glider,Slim
Ryan's,106530,Wario,Wild Wiggler,Paper Glider,Roller
Unreal,89664,Wario,Biddybuggy,Cloud Glider,Azure Roller
Ryan5,89658,Wario,Biddybuggy,Parachute,Azure Roller
SuperFX,102312,Wario,Yoshi Bike,Cloud Glider,Roller
ゲコつむり,104066,Wario,Wild Wiggler,Paper Glider,Roller
Ren,84917,Waluigi,Streetle,Waddle Wing,Azure Roller
えぢから,84902,Waluigi,Streetle,Super Glider,Azure Roller
Lu4,109728,Roy,Biddybuggy,Paper Glider,Azure Roller
Ren,84828,Waluigi,Streetle,Waddle Wing,Azure Roller
flc,62167,Wario,Biddybuggy,Cloud Glider,Roller
flc,62144,Wario,Biddybuggy,Cloud Glider,Roller
flc,62000,Wario,Biddybuggy,Cloud Glider,Roller
Ren,84827,Waluigi,Streetle,Waddle Wing,Azure Roller
Ren,84664,Waluigi,Streetle,Waddle Wing,Azure Roller
Cynda,61976,Heavy Mii ,Biddybuggy,Paper Glider,Azure Roller
わみ,110652,Wario,Wild Wiggler,Paper Glider,Leaf Tires
Lemon,122298,Dry Bowser,Mach 8,Paper Glider,Azure Roller
Ryan5,72236,Dry Bowser,Comet,Paper Glider,Azure Roller
Lemon,122286,Dry Bowser,Mach 8,Paper Glider,Azure Roller
Lemon,122266,Dry Bowser,Mach 8,Paper Glider,Azure Roller
Lemon,122217,Wario,Mach 8,Cloud Glider,Azure Roller
Lemon,122211,Wario,Mach 8,Cloud Glider,Azure Roller
Ren,84618,Waluigi,Streetle,Waddle Wing,Azure Roller
SuperFX,109705,Roy,Biddybuggy,Hylian Kite,Roller
エル,109493,Roy,Biddybuggy,Hylian Kite,Azure Roller
Unreal,89624,Wario,Biddybuggy,Cloud Glider,Azure Roller
flc,61879,Wario,Biddybuggy,Cloud Glider,Roller
Thomus,87967,Morton,Blue Falcon,Gold Glider,Crimson Slim
Tricky,109489,Roy,Biddybuggy,Cloud Glider,Azure Roller
Swift,119961,Dry Bowser,Wild Wiggler,Plane Glider,Roller
ステルス,117928,Wario,Mach 8,Paper Glider,Leaf Tires
vxlocity,110983,Dry Bowser,Sports Coupe,Gold Glider,Leaf Tires
Kamek,110888,Dry Bowser,Sports Coupe,Gold Glider,Leaf Tires
Power,82500,Roy,Biddybuggy,Cloud Glider,Roller
SuperFX,109405,Donkey Kong,Biddybuggy,Hylian Kite,Roller
エル,109147,Waluigi,Biddybuggy,Cloud Glider,Azure Roller
Dragnir,105814,Rosalina,Streetle,Cloud Glider,Roller
SuperFX,109457,Donkey Kong,Biddybuggy,Hylian Kite,Roller
エル,109399,Waluigi,Biddybuggy,Hylian Kite,Azure Roller
SuperFX,109316,Donkey Kong,Biddybuggy,Hylian Kite,Roller
さーもん,84300,Wario,Mach 8,Paper Glider,Leaf Tires
CreepGanon,71758,Dry Bowser,Wild Wiggler,Cloud Glider,Azure Roller
Power,82343,Roy,Biddybuggy,Cloud Glider,Roller
Jimmy,71746,Dry Bowser,Teddy Buggy,Super Glider,Azure Roller
Power,82236,Roy,Biddybuggy,Cloud Glider,Roller
flc,93929,Orange Inkling Girl,Biddybuggy,Cloud Glider,Roller
エル,109360,Waluigi,Biddybuggy,Hylian Kite,Azure Roller
エル,109299,Waluigi,Biddybuggy,Hylian Kite,Azure Roller
エル,109247,Waluigi,Biddybuggy,Hylian Kite,Azure Roller
エル,109208,Waluigi,Biddybuggy,Hylian Kite,Azure Roller
vxlocity,110404,Dry Bowser,Landship,Parachute,Azure Roller
Thomus,87667,Morton,Blue Falcon,Gold Glider,Crimson Slim
Power,82211,Roy,Biddybuggy,Cloud Glider,Roller
Ren,84525,Waluigi,Streetle,Waddle Wing,Azure Roller
Lation,110377,Dry Bowser,Landship,Parachute,Azure Roller
Power,82209,Roy,Biddybuggy,Cloud Glider,Roller
Power,82151,Roy,Biddybuggy,Cloud Glider,Roller
flc,93876,Orange Inkling Girl,Biddybuggy,Cloud Glider,Roller
Davi,78617,Wario,Wild Wiggler,Paper Glider,Azure Roller
flc,93850,Orange Inkling Girl,Biddybuggy,Cloud Glider,Roller
flc,93840,Orange Inkling Girl,Biddybuggy,Cloud Glider,Roller
Lation,110219,Dry Bowser,Landship,Parachute,Azure Roller
SuperFX,102222,Wario,Yoshi Bike,Cloud Glider,Roller
Cole,106672,Morton,Sport Bike,Super Glider,Wood
Cole,106671,Morton,Sport Bike,Super Glider,Wood
Lemon,122198,Dry Bowser,Mach 8,Cloud Glider,Azure Roller
Ryan5,89604,Wario,Biddybuggy,Parachute,Azure Roller
エル,109193,Waluigi,Biddybuggy,Cloud Glider,Azure Roller
エル,109006,Waluigi,Biddybuggy,Cloud Glider,Azure Roller
Lemon,122181,Dry Bowser,Mach 8,Paper Glider,Azure Roller
SuperFX,110649,Wario,Wild Wiggler,Paper Glider,Leaf Tires
わみ,110636,Wario,Wild Wiggler,Paper Glider,Leaf Tires
えぢから,106636,Wario,Sport Bike,Super Glider,Slim
エル,108976,Waluigi,Biddybuggy,Cloud Glider,Azure Roller
Peze,85867,Heavy Mii Crossing,Sports Coupe,Paper Glider,Button
わみ,110571,Wario,Wild Wiggler,Paper Glider,Leaf Tires
Lemon,122174,Dry Bowser,Mach 8,Cloud Glider,Azure Roller
Lemon,122146,Dry Bowser,Mach 8,Cloud Glider,Azure Roller
Miguel,61466,Dry Bowser,Inkstriker,Cloud Glider,Wood
K4I,107124,Wario,Mach 8,Paper Glider,Button
Lation,110280,Dry Bowser,Landship,Parachute,Azure Roller
Lation,110268,Dry Bowser,Landship,Parachute,Azure Roller
Lemon,102456,Roy,Biddybuggy,Paper Glider,Leaf Tires
ゲコつむり,103916,Wario,Wild Wiggler,Paper Glider,Roller
flc,93751,Orange Inkling Girl,Biddybuggy,Cloud Glider,Roller
はなみん,108606,Dry Bowser,Wild Wiggler,Paper Glider,Azure Roller
エセしんぷ,84433,Wario,Mach 8,Paper Glider,Leaf Tires
Lemon,102533,Roy,Biddybuggy,Paper Glider,Leaf Tires
Lation,110113,Dry Bowser,Landship,Parachute,Azure Roller
vxlocity,62748,Daisy,Mr. Scooty,Cloud Glider,Button
K4I,110563,Wario,Wild Wiggler,Paper Glider,Leaf Tires
Kay,117449,Heavy Mii Crossing,Streetle,Paper Glider,Azure Roller
Jimmy,77042,Dry Bowser,Landship,Super Glider,Azure Roller
K4I,110560,Wario,Wild Wiggler,Paper Glider,Leaf Tires
Azuza,89338,Roy,Biddybuggy,Super Glider,Azure Roller
Miguel,61450,Dry Bowser,Inkstriker,Cloud Glider,Wood
わみ,110507,Wario,Wild Wiggler,Paper Glider,Leaf Tires
Miguel,76217,Dry Bones,Biddybuggy,Cloud Glider,Azure Roller
Thunderfire,81733,Wario,Mach 8,Cloud Glider,Slim
Miguel,76167,Dry Bones,Biddybuggy,Cloud Glider,Azure Roller
Ryan5,81788,Wario,Mach 8,Cloud Glider,Slim
SuperFX,116013,Roy,Biddybuggy,Super Glider,Roller
Miguel,76025,Dry Bones,Biddybuggy,Cloud Glider,Azure Roller
San,80654,Dry Bowser,Mach 8,Paper Glider,Leaf Tires
K4I,121112,Wario,Biddybuggy,Cloud Glider,Azure Roller
SuperFX,107764,Donkey Kong,W 25 Silver Arrow,Cloud Glider,Leaf Tires
Thunderfire,81728,Wario,Mach 8,Cloud Glider,Slim
Thunderfire,81672,Wario,Mach 8,Cloud Glider,Slim
Ryan5,81670,Wario,Mach 8,Cloud Glider,Slim
San,80637,Dry Bowser,Mach 8,Paper Glider,Leaf Tires
SuperFX,107651,Donkey Kong,W 25 Silver Arrow,Cloud Glider,Leaf Tires
Ryan5,81589,Wario,Mach 8,Cloud Glider,Slim
Jimmy,82237,Luigi,Biddybuggy,Cloud Glider,Azure Roller
Miguel,75994,Koopa Troopa,Biddybuggy,Cloud Glider,Azure Roller
Miguel,75842,Baby Rosalina,Biddybuggy,Cloud Glider,Azure Roller
Anthony,85589,Morton,Sport Bike,Hylian Kite,Slim
Lemon,57328,Dry Bowser,Mach 8,Paper Glider,Slim
SuperFX,113210,Dry Bowser,Mach 8,Plane Glider,Roller
ゆゆゆ,112117,Waluigi,Yoshi Bike,Cloud Glider,Leaf Tires
ケケ,103733,Dry Bowser,Wild Wiggler,Cloud Glider,Azure Roller
ケケ,103850,Dry Bowser,Wild Wiggler,Cloud Glider,Azure Roller
San,80636,Dry Bowser,Mach 8,Paper Glider,Leaf Tires
Lemon,57319,Dry Bowser,Mach 8,Paper Glider,Slim
Thunderfire,81530,Wario,Mach 8,Cloud Glider,Slim
Jimmy,82161,Luigi,Biddybuggy,Cloud Glider,Azure Roller
SuperFX,113392,Dry Bowser,Sports Coupe,Plane Glider,Roller
SuperFX,113214,Dry Bowser,Sports Coupe,Plane Glider,Roller
Demon,109452,Wario,Streetle,Super Glider,Azure Roller
Kevin,61785,Heavy Mii Splatoon,Biddybuggy,Parachute,Azure Roller
Carson,81043,Waluigi,Biddybuggy,Plane Glider,Azure Roller
Carson,80893,Waluigi,Biddybuggy,Plane Glider,Azure Roller
K4I,124079,Dry Bowser,Splat Buggy,Super Glider,Slim
K4I,124114,Dry Bowser,Splat Buggy,Super Glider,Slim
Jimmy,82187,Luigi,Biddybuggy,Cloud Glider,Azure Roller
Jimmy,82069,Luigi,Biddybuggy,Cloud Glider,Azure Roller
Jimmy,82004,Luigi,Biddybuggy,Cloud Glider,Azure Roller
CreepGanon,71686,Dry Bowser,Wild Wiggler,Cloud Glider,Azure Roller
Ryan5,81492,Wario,Mach 8,Cloud Glider,Slim
Miguel,75930,Koopa Troopa,Biddybuggy,Cloud Glider,Azure Roller
Ren,80943,Waluigi,Biddybuggy,Plane Glider,Azure Roller
Ryan5,81966,Luigi,Biddybuggy,Cloud Glider,Azure Roller
Ren,80888,Waluigi,Biddybuggy,Plane Glider,Azure Roller
SuperFX,113109,Dry Bowser,Mach 8,Plane Glider,Roller
Ryan5,81797,Luigi,Biddybuggy,Cloud Glider,Azure Roller
Peze,104735,Roy,Biddybuggy,Paper Glider,Azure Roller
Roberto,72448,Wario,Sport Bike,Wario Wing,Slim
Miguel,75588,Baby Rosalina,Biddybuggy,Cloud Glider,Azure Roller
Ren,77039,Wario,Landship,Super Glider,Azure Roller
Jimmy,57319,Dry Bowser,Mach 8,Cloud Glider,Crimson Slim
Kevin,61819,Heavy Mii Splatoon,Biddybuggy,Parachute,Azure Roller
Lyte,110865,Dry Bowser,Wild Wiggler,Paper Glider,Roller
Ryan5,85458,Wario,Biddybuggy,Hylian Kite,Azure Roller
Kevin,61806,Heavy Mii Splatoon,Biddybuggy,Parachute,Azure Roller
San,80630,Dry Bowser,Mach 8,Paper Glider,Leaf Tires
Miguel,75421,Baby Rosalina,Biddybuggy,Peach Parasol,Azure Roller
Carson,87975,Donkey Kong,Biddybuggy,Plane Glider,Leaf Tires
Kevin,61760,Heavy Mii Splatoon,Biddybuggy,Parachute,Azure Roller
Kevin,61694,Heavy Mii Splatoon,Biddybuggy,Parachute,Azure Roller
SuperFX,113085,Dry Bowser,Mach 8,Plane Glider,Roller
Lation,110110,Dry Bowser,Streetle,Paper Glider,Azure Roller
AK,105795,Rosalina,Streetle,Cloud Glider,Azure Roller
Azuza,89300,Roy,Biddybuggy,Super Glider,Azure Roller
Ryan's,106489,Wario,Wild Wiggler,Paper Glider,Roller
Lation,109938,Dry Bowser,Streetle,Paper Glider,Azure Roller
Lemon,110861,Wario,Wild Wiggler,Paper Glider,Azure Roller
Lation,110078,Dry Bowser,Streetle,Paper Glider,Azure Roller
Lation,109901,Dry Bowser,Streetle,Paper Glider,Azure Roller
AK,105791,Rosalina,Streetle,Cloud Glider,Roller
vxlocity,112671,Heavy Mii Sonic,Mach 8,Paper Glider,Leaf Tires
Ryan5,85480,Wario,Biddybuggy,Hylian Kite,Azure Roller
Jimmy,75321,Roy,Splat Buggy,Cloud Glider,Crimson Slim
Lation,109862,Dry Bowser,Streetle,Paper Glider,Azure Roller
Lemon,110810,Wario,Wild Wiggler,Paper Glider,Azure Roller
Peze,117239,Waluigi,Streetle,Paper Glider,Azure Roller
Ryan's,106477,Wario,Wild Wiggler,Paper Glider,Roller
Ryan's,106470,Wario,Wild Wiggler,Paper Glider,Roller
San,80624,Dry Bowser,Mach 8,Paper Glider,Leaf Tires
Carson,87863,Donkey Kong,Biddybuggy,Plane Glider,Leaf Tires
Kevin,89270,Heavy Mii Splatoon,Biddybuggy,Gold Glider,Azure Roller
わみ,110471,Wario,Wild Wiggler,Cloud Glider,Button
Kevin,89149,Heavy Mii Splatoon,Biddybuggy,Gold Glider,Azure Roller
Lemon,120917,Wario,Mach 8,Paper Glider,Leaf Tires
Ryan5,85472,Wario,Biddybuggy,Hylian Kite,Azure Roller
とん,85843,Heavy Mii,Mach 8,Paper Glider,Leaf Tires
Cynda,80331,Black Yoshi,Streetle,Paper Glider,Azure Roller
Cynda,79950,Black Yoshi,Streetle,Paper Glider,Azure Roller
vxlocity,102930,Waluigi,Biddybuggy,Cloud Glider,Azure Roller
Carson,113219,Dry Bowser,W 25 Silver Arrow,Hylian Kite,Leaf Tires
Carson,113183,Dry Bowser,W 25 Silver Arrow,Hylian Kite,Leaf Tires
SuperFX,98232,Dry Bowser,Mach 8,Paper Glider,Leaf Tires
San,80620,Dry Bowser,Mach 8,Paper Glider,Leaf Tires
Jimmy,87817,Roy,Biddybuggy,Gold Glider,Leaf Tires
Ryan5,85432,Wario,Biddybuggy,Hylian Kite,Azure Roller
Jimmy,83509,Dry Bowser,Biddybuggy,Cloud Glider,Azure Roller
Carson,76640,Roy,Biddybuggy,Cloud Glider,Roller
Lyte,110803,Dry Bowser,Wild Wiggler,Paper Glider,Azure Roller
San,80617,Dry Bowser,Mach 8,Paper Glider,Leaf Tires
ソウッピ,116762,Wario,Streetle,Paper Glider,Roller
K4I,85729,Waluigi,Inkstriker,Paper Glider,Leaf Tires
Peze,85725,Dry Bowser,Sports Coupe,Paper Glider,Button
K4I,85512,Donkey Kong,Inkstriker,Parachute,Leaf Tires
とん,85289,Wario,Mach 8,Paper Glider,Leaf Tires
San,80575,Dry Bowser,Mach 8,Paper Glider,Leaf Tires
Jimmy,83407,Dry Bowser,Biddybuggy,Cloud Glider,Azure Roller
Axel,85480,Donkey Kong,Inkstriker,Paper Glider,Leaf Tires
Jimmy,57202,Dry Bowser,Mach 8,Cloud Glider,Crimson Slim
Mon,99644,Roy,Mr. Scooty,Paper Glider,Azure Roller
Ren,113212,Heavy Mii Mario,W 25 Silver Arrow,Hylian Kite,Leaf Tires
Ren,113124,Heavy Mii Mario,W 25 Silver Arrow,Hylian Kite,Leaf Tires
Ren,113099,Heavy Mii Mario,W 25 Silver Arrow,Hylian Kite,Leaf Tires
vxlocity,72236,Dry Bowser,Comet,Paper Glider,Azure Roller
Shaun,120896,Wario,Mach 8,Paper Glider,Leaf Tires
Jimmy,83160,Dry Bowser,Biddybuggy,Cloud Glider,Azure Roller
Mon,99628,Roy,Mr. Scooty,Paper Glider,Azure Roller
ケケ,103700,Dry Bowser,Wild Wiggler,Paper Glider,Azure Roller
Lemon,110791,Wario,Wild Wiggler,Paper Glider,Azure Roller
Azuza,89146,Roy,Biddybuggy,Super Glider,Azure Roller
Peze,88350,Roy,Biddybuggy,Paper Glider,Azure Roller
むし,102858,Roy,Biddybuggy,Peach Parasol,Roller
Lation,116335,Wario,Streetle,Paper Glider,Roller
Kevin,89104,Heavy Mii DK,Biddybuggy,Gold Glider,Azure Roller
Thunderfire,81486,Wario,Mach 8,Cloud Glider,Slim
K4I,113084,Heavy Mii Mario,W 25 Silver Arrow,Super Glider,Leaf Tires
Swift,85288,Wario,Mach 8,Paper Glider,Leaf Tires
いたくら,115992,Waluigi,Biddybuggy,Super Glider,Azure Roller
SuperFX,116314,Wario,Streetle,Cloud Glider,Roller
Ren,113058,Heavy Mii Mario,W 25 Silver Arrow,Hylian Kite,Leaf Tires
SuperFX,116078,Wario,Streetle,Cloud Glider,Roller
Ren,113034,Heavy Mii Mario,W 25 Silver Arrow,Hylian Kite,Leaf Tires
Ren,112970,Heavy Mii Mario,W 25 Silver Arrow,Hylian Kite,Leaf Tires
とれいん。,123740,Wario,Sports Coupe,Gold Glider,Leaf Tires
Lemon,109437,Wario,Streetle,Super Glider,Azure Roller
Kevin,89090,Heavy Mii DK,Biddybuggy,Gold Glider,Azure Roller
SuperFX,115797,Wario,Streetle,Cloud Glider,Roller
Nindragon,78574,Lemmy,Biddybuggy,Super Glider,Roller
SuperFX,99585,Donkey Kong,Mr. Scooty,Paper Glider,Roller
Lation,115538,Wario,Streetle,Paper Glider,Azure Roller
K4I,119931,Dry Bowser,Wild Wiggler,Plane Glider,Azure Roller
Lemon,123739,Wario,Sports Coupe,Gold Glider,Leaf Tires
K4I,99512,Waluigi,Mr. Scooty,Paper Glider,Azure Roller
とれいん。,123722,Wario,Sports Coupe,Gold Glider,Leaf Tires
K4I,99506,Donkey Kong,Mr. Scooty,Flower Glider,Azure Roller
Peze,104678,Donkey Kong,Biddybuggy,Paper Glider,Azure Roller
Ryan's,106468,Wario,Wild Wiggler,Paper Glider,Roller
Lation,115717,Wario,Streetle,Paper Glider,Azure Roller
Kevin,88967,Heavy Mii DK,Biddybuggy,Gold Glider,Azure Roller
Rio,112661,Dry Bowser,Mach 8,Paper Glider,Leaf Tires
K4I,99511,Donkey Kong,Mr. Scooty,Flower Glider,Azure Roller
K4I,99475,Donkey Kong,Mr. Scooty,Flower Glider,Azure Roller
AK,105661,Rosalina,Streetle,Paper Glider,Azure Roller
Miguel,61433,Dry Bowser,Inkstriker,Cloud Glider,Wood
Rio,112557,Dry Bowser,Mach 8,Paper Glider,Leaf Tires
Lemon,123659,Wario,Sports Coupe,Gold Glider,Leaf Tires
とれいん。,123645,Wario,Sports Coupe,Gold Glider,Leaf Tires
Peze,104658,Donkey Kong,Biddybuggy,Paper Glider,Azure Roller
AK,105703,Rosalina,Streetle,Paper Glider,Roller
Demon,109402,Wario,Streetle,Super Glider,Azure Roller
Jimmy,78489,Koopa Troopa,Biddybuggy,Cloud Glider,Azure Roller
Ryan's,106419,Wario,Wild Wiggler,Paper Glider,Roller
Demon,119911,Dry Bowser,Wild Wiggler,Plane Glider,Azure Roller
Ishak,121098,Dry Bowser,Biddybuggy,Cloud Glider,Azure Roller
Darky,46696,Luigi,Standard Bike,Cloud Glider,Leaf Tires
Lation,115457,Wario,Streetle,Paper Glider,Azure Roller
Anthony,85524,Morton,Sport Bike,Gold Glider,Slim
すっぱい,105778,Rosalina,Streetle,Paper Glider,Roller
Ryan5,57313,Dry Bowser,Mach 8,Cloud Glider,Crimson Slim
AK,105688,Rosalina,Streetle,Paper Glider,Roller
Lemon,123618,Wario,Sports Coupe,Gold Glider,Leaf Tires
AK,105739,Rosalina,Streetle,Paper Glider,Azure Roller
Ishak,121099,Dry Bowser,Biddybuggy,Cloud Glider,Azure Roller
Jimmy,57309,Dry Bowser,Mach 8,Cloud Glider,Crimson Slim
Lation,115394,King Boo,Streetle,Paper Glider,Azure Roller
がおる,85524,Morton,Sport Bike,Super Glider,Slim
San,57260,Dry Bowser,Mach 8,Paper Glider,Slim
Jimmy,57259,Dry Bowser,Mach 8,Cloud Glider,Crimson Slim
Rio,112632,Dry Bowser,Mach 8,Paper Glider,Leaf Tires
Ishak,120996,Dry Bowser,Biddybuggy,Cloud Glider,Azure Roller
K4I,121088,Wario,Biddybuggy,Paper Glider,Azure Roller
Ishak,121066,Dry Bowser,Biddybuggy,Cloud Glider,Azure Roller
San,57259,Dry Bowser,Mach 8,Paper Glider,Slim
Ishak,121022,Dry Bowser,Biddybuggy,Cloud Glider,Azure Roller
Davi,78536,Wario,Wild Wiggler,Paper Glider,Azure Roller
Azuza,73906,Dry Bowser,W 25 Silver Arrow,Cloud Glider,Leaf Tires
Azuza,73897,Dry Bowser,W 25 Silver Arrow,Cloud Glider,Leaf Tires
Lation,115296,King Boo,Streetle,Paper Glider,Roller
Ryan's,121571,Roy,Biddybuggy,Paper Glider,Roller
Lemon,120885,Wario,Mach 8,Paper Glider,Leaf Tires
Jimmy,78576,Dry Bowser,Wild Wiggler,Cloud Glider,Azure Roller
Kevin,57250,Heavy Mii Cpt Falcon,Mach 8,Parachute,Crimson Slim
ふうすけ,121597,Waluigi,Biddybuggy,Paper Glider,Roller
Lation,115145,King Boo,Streetle,Paper Glider,Roller
Ryan's,121519,Roy,Biddybuggy,Paper Glider,Roller
X treme,102180,Roy,Biddybuggy,Cloud Glider,Roller
TylerR,78536,Dry Bowser,Wild Wiggler,Paper Glider,Azure Roller
Ziline,81627,White Yoshi,Biddybuggy,Cloud Glider,Azure Roller
Jimmy,73856,Dry Bowser,Mach 8,Cloud Glider,Leaf Tires
Davi,78223,Wario,Wild Wiggler,Paper Glider,Azure Roller
Davi,78404,Wario,Wild Wiggler,Paper Glider,Azure Roller
Davi,78351,Wario,Wild Wiggler,Paper Glider,Azure Roller
Swift,119845,Dry Bowser,Wild Wiggler,Plane Glider,Roller
Kevin,78278,Heavy Mii Pikmin,Biddybuggy,Parachute,Azure Roller
Kevin,78086,Heavy Mii Pikmin,Biddybuggy,Flower Glider,Azure Roller
SuperFX,103936,Donkey Kong,Biddybuggy,Cloud Glider,Roller
Jimmy,73830,Dry Bowser,Mach 8,Cloud Glider,Leaf Tires
Ryan's,121273,Roy,Biddybuggy,Paper Glider,Roller
Lation,115362,King Boo,Streetle,Paper Glider,Azure Roller
vxlocity,72217,Dry Bowser,Comet,Paper Glider,Azure Roller
Ryan's,121567,Roy,Biddybuggy,Paper Glider,Roller
Dused,121543,Morton,Wild Wiggler,Super Glider,Off-Road
Dused,121709,Morton,Wild Wiggler,Super Glider,Off-Road
Dused,122603,Morton,Wild Wiggler,Super Glider,Off-Road
Dused,122054,Morton,Wild Wiggler,Super Glider,Off-Road
Dused,122886,Morton,Wild Wiggler,Super Glider,Off-Road
Dused,122615,Morton,Wild Wiggler,Super Glider,Off-Road
Dused,122274,Morton,Wild Wiggler,Super Glider,Off-Road
Jimmy,73808,Dry Bowser,Mach 8,Cloud Glider,Leaf Tires
Alice,121360,Roy,Biddybuggy,Cloud Glider,Azure Roller
Jimmy,73740,Dry Bowser,Mach 8,Cloud Glider,Leaf Tires
Alice,121122,Roy,Biddybuggy,Cloud Glider,Azure Roller
Darren,75128,Waluigi,Streetle,Paper Glider,Azure Roller
Lyte,110717,Dry Bowser,Wild Wiggler,Paper Glider,Roller
Lemon,110650,Wario,Wild Wiggler,Paper Glider,Azure Roller
ちゃあああ,121092,Waluigi,Biddybuggy,Cloud Glider,Roller
Shaun,120873,Wario,Mach 8,Paper Glider,Leaf Tires
Kevin,78221,Heavy Mii Pikmin,Biddybuggy,Parachute,Azure Roller
Lyte,110641,Dry Bowser,Wild Wiggler,Paper Glider,Roller
Shaun,120837,Wario,Mach 8,Paper Glider,Leaf Tires
Jimmy,81970,Roy,Biddybuggy,Cloud Glider,Azure Roller
Alice,121057,Roy,Biddybuggy,Cloud Glider,Azure Roller
ちゃあああ,120829,Roy,Biddybuggy,Parachute,Roller
SuperFX,117167,Roy,Mr. Scooty,Cloud Glider,Roller
Espurr,79760,Orange Yoshi,Streetle,Paper Glider,Roller
SuperFX,117159,Roy,Mr. Scooty,Cloud Glider,Roller
SuperFX,117042,Roy,Mr. Scooty,Cloud Glider,Roller
SuperFX,116914,Roy,Mr. Scooty,Cloud Glider,Roller
Lemon,110596,Wario,Wild Wiggler,Paper Glider,Azure Roller
Lemon,120854,Wario,Mach 8,Paper Glider,Leaf Tires
Shaun,120813,Wario,Mach 8,Paper Glider,Leaf Tires
Joe,88352,Roy,Biddybuggy,Cloud Glider,Leaf Tires
Lemon,110449,Heavy Mii,Wild Wiggler,Paper Glider,Azure Roller
Kevin,78177,Heavy Mii Pikmin,Biddybuggy,Parachute,Azure Roller
Lyte,110578,Dry Bowser,Wild Wiggler,Paper Glider,Azure Roller
Jimmy,72185,Dry Bowser,Biddybuggy,Cloud Glider,Azure Roller
ちゃあああ,120984,Roy,Biddybuggy,Paper Glider,Roller
ちゃあああ,120914,Roy,Biddybuggy,Flower Glider,Roller
わみ,116894,Roy,Mr. Scooty,Paper Glider,Roller
Tricky,116810,Roy,Mr. Scooty,Paper Glider,Azure Roller
AK,105627,Rosalina,Streetle,Cloud Glider,Roller
Tricky,116795,Donkey Kong,Mr. Scooty,Paper Glider,Leaf Tires
Jimmy,80762,Baby Daisy,Biddybuggy,Cloud Glider,Azure Roller
SuperFX,116776,Roy,Mr. Scooty,Cloud Glider,Leaf Tires
SuperFX,116793,Roy,Mr. Scooty,Cloud Glider,Leaf Tires
SuperFX,116767,Roy,Mr. Scooty,Cloud Glider,Leaf Tires
SuperFX,116753,Roy,Mr. Scooty,Cloud Glider,Leaf Tires
わみ,116611,Roy,Mr. Scooty,Cloud Glider,Azure Roller
AK,105608,Rosalina,Streetle,Paper Glider,Roller
AK,105585,Rosalina,Streetle,Paper Glider,Roller
Cynda,79711,King Boo,Streetle,Paper Glider,Azure Roller
Tricky,116581,Donkey Kong,Mr. Scooty,Cloud Glider,Leaf Tires
Tricky,116529,Donkey Kong,Mr. Scooty,Cloud Glider,Leaf Tires
SuperFX,116336,Roy,Mr. Scooty,Cloud Glider,Leaf Tires
SuperFX,116439,Roy,Mr. Scooty,Cloud Glider,Leaf Tires
SuperFX,116191,Roy,Mr. Scooty,Cloud Glider,Leaf Tires
K4I,120965,Wario,Biddybuggy,Cloud Glider,Azure Roller
いたくら,115863,Roy,Biddybuggy,Paper Glider,Roller
ステルス,117878,Dry Bowser,Mach 8,Paper Glider,Leaf Tires
Roberto,72447,Wario,Sport Bike,Wario Wing,Slim
Roberto,72419,Wario,Sport Bike,Wario Wing,Slim
K4I,120928,Waluigi,Biddybuggy,Paper Glider,Azure Roller
Brandon,79427,Red Yoshi,Streetle,Hylian Kite,Roller
Jimmy,72041,Roy,Biddybuggy,Cloud Glider,Azure Roller
Brandon,79329,King Boo,Streetle,Paper Glider,Roller
Jimmy,71970,Roy,Biddybuggy,Cloud Glider,Azure Roller
Brandon,79187,King Boo,Streetle,Paper Glider,Roller
Kevin,78175,Heavy Mii Pikmin,Biddybuggy,Flower Glider,Azure Roller
Brandon,79222,King Boo,Streetle,Paper Glider,Roller
Brandon,79102,King Boo,Streetle,Paper Glider,Roller
Peze,104614,Donkey Kong,Biddybuggy,Paper Glider,Azure Roller
Brandon,78911,King Boo,Streetle,Paper Glider,Roller
Jimmy,71886,Roy,Biddybuggy,Cloud Glider,Azure Roller
Davi,107119,Wario,Mach 8,Paper Glider,Button
Doodle,86466,Wario,Mach 8,Cloud Glider,Wood
Davi,107073,Wario,Mach 8,Paper Glider,Button
Doodle,86462,Wario,Mach 8,Cloud Glider,Wood
AK,105549,Rosalina,Streetle,Paper Glider,Roller
starxlx,90978,Morton,Biddybuggy,Cloud Glider,Azure Roller
Doodle,86389,Wario,Mach 8,Cloud Glider,Wood
Joe,88343,Donkey Kong,Biddybuggy,Cloud Glider,Leaf Tires
Joe,88324,Donkey Kong,Biddybuggy,Cloud Glider,Leaf Tires
Joe,88304,Donkey Kong,Biddybuggy,Cloud Glider,Leaf Tires
Joe,88336,Donkey Kong,Biddybuggy,Cloud Glider,Leaf Tires
ケコつおリ,105983,Wario,Streetle,Paper Glider,Roller
うひ,123193,Dry Bowser,Wild Wiggler,MKTV Parafoil,Roller
うひ,123001,Dry Bowser,Wild Wiggler,Cloud Glider,Roller
Gumer,111565,Morton,Streetle,Super Glider,Roller
Kevin,77993,Heavy Mii Pikmin,Biddybuggy,Flower Glider,Azure Roller
Yui Funami,122385,Dry Bowser,W 25 Silver Arrow,Cloud Glider,Roller
Yui Funami,122469,Dry Bowser,W 25 Silver Arrow,Cloud Glider,Azure Roller
Yui Funami,122656,Wario,W 25 Silver Arrow,Flower Glider,Azure Roller
Yui Funami,122784,Wario,W 25 Silver Arrow,Flower Glider,Azure Roller
Yui Funami,121993,Dry Bowser,W 25 Silver Arrow,Cloud Glider,Roller
Yui Funami,122055,Dry Bowser,W 25 Silver Arrow,Cloud Glider,Roller
ふゆいろ,105520,Rosalina,Streetle,Paper Glider,Azure Roller
ふゆいろ,105498,Rosalina,Streetle,Paper Glider,Roller
Swift,102869,Waluigi,Biddybuggy,Cloud Glider,Roller
starxlx,90977,Wario,Biddybuggy,Cloud Glider,Azure Roller
starxlx,90912,Wario,Biddybuggy,Cloud Glider,Azure Roller
starxlx,90634,Wario,Biddybuggy,Cloud Glider,Azure Roller
starxlx,90696,Wario,Biddybuggy,Cloud Glider,Azure Roller
starxlx,90886,Wario,Biddybuggy,Cloud Glider,Azure Roller
Doodle,86320,Wario,Mach 8,Parachute,Slim
K4I,102797,Waluigi,Biddybuggy,Parachute,Azure Roller
Joe,88298,Donkey Kong,Biddybuggy,Paper Glider,Leaf Tires
starxlx,90619,Heavy Mii,Biddybuggy,Cloud Glider,Azure Roller
starxlx,90629,Heavy Mii,Biddybuggy,Cloud Glider,Azure Roller
Doodle,86282,Wario,Mach 8,Wario Wing,Slim
Demon,109348,Waluigi,Biddybuggy,Paper Glider,Leaf Tires
starxlx,90554,Heavy Mii,Biddybuggy,Cloud Glider,Azure Roller
starxlx,90575,Heavy Mii,Biddybuggy,Cloud Glider,Azure Roller
Jimmy,63326,Roy,Biddybuggy,Super Glider,Azure Roller
K4I,109347,Waluigi,Biddybuggy,Paper Glider,Leaf Tires
Jimmy,63256,Roy,Biddybuggy,Super Glider,Azure Roller
Doodle,86229,Wario,Mach 8,Gold Glider,Crimson Slim
Ishak,120898,Roy,Biddybuggy,Paper Glider,Azure Roller
Kevin,69399,Heavy Mii Mario,Biddybuggy,Plane Glider,Leaf Tires
Peze,109308,Roy,Biddybuggy,Paper Glider,Leaf Tires
SuperFX,99436,Donkey Kong,Mr. Scooty,Paper Glider,Roller
Jimmy,74836,Heavy Mii,Biddybuggy,Cloud Glider,Azure Roller
Demon,109289,Waluigi,Biddybuggy,Paper Glider,Leaf Tires
とれいん。,109256,Roy,Biddybuggy,Paper Glider,Leaf Tires
とれいん。,109244,Roy,Biddybuggy,Paper Glider,Leaf Tires
とれいん。,109179,Roy,Biddybuggy,Paper Glider,Leaf Tires
とれいん。,109132,Roy,Biddybuggy,Paper Glider,Leaf Tires
SuperFX,99379,Donkey Kong,Mr. Scooty,Paper Glider,Roller
とれいん。,109001,Roy,Biddybuggy,Paper Glider,Leaf Tires
Victor,110401,Wario,Wild Wiggler,Cloud Glider,Leaf Tires
SuperFX,99406,Donkey Kong,Mr. Scooty,Paper Glider,Roller
とれいん。,109039,Roy,Biddybuggy,Paper Glider,Leaf Tires
Ryan5,78751,King Boo,Streetle,Cloud Glider,Roller
K4I,99374,Waluigi,Biddybuggy,Paper Glider,Azure Roller
Jimmy,78723,King Boo,Streetle,Cloud Glider,Azure Roller
とれいん。,108895,Roy,Biddybuggy,Paper Glider,Leaf Tires
SuperFX,99288,Waluigi,Biddybuggy,Paper Glider,Roller
SuperFX,99331,Waluigi,Biddybuggy,Paper Glider,Roller
SuperFX,99262,Waluigi,Biddybuggy,Paper Glider,Roller
Lemon,109316,Wario,Streetle,Super Glider,Azure Roller
Ryan5,78703,King Boo,Streetle,Cloud Glider,Azure Roller
Davi,107091,Wario,Mach 8,Paper Glider,Button
Jimmy,78684,Link,Streetle,Cloud Glider,Azure Roller
Peze,85265,Donkey Kong,Biddybuggy,Paper Glider,Leaf Tires
Lemon,107592,Roy,W 25 Silver Arrow,Paper Glider,Leaf Tires
Davi,107048,Wario,Mach 8,Paper Glider,Button
Davi,107033,Wario,Mach 8,Paper Glider,Button
Lemon,107573,Roy,W 25 Silver Arrow,Paper Glider,Leaf Tires
SuperFX,107415,Donkey Kong,W 25 Silver Arrow,Cloud Glider,Leaf Tires
Lemon,107452,Roy,W 25 Silver Arrow,Paper Glider,Leaf Tires
Lemon,107434,Roy,W 25 Silver Arrow,Paper Glider,Leaf Tires
starxlx,122094,Dry Bowser,Mach 8,Gold Glider,Azure Roller
Lemon,107348,Roy,W 25 Silver Arrow,Paper Glider,Leaf Tires
SuperFX,107395,Donkey Kong,W 25 Silver Arrow,Cloud Glider,Leaf Tires
Lemon,107141,Roy,W 25 Silver Arrow,Paper Glider,Leaf Tires
Lemon,107119,Roy,W 25 Silver Arrow,Paper Glider,Leaf Tires
Demon,109316,Wario,Streetle,Super Glider,Azure Roller
Yerson,118104,Dry Bowser,Inkstriker,Paper Glider,Leaf Tires
Ryan5,78571,King Boo,Streetle,Cloud Glider,Azure Roller
Lemon,84283,Wario,Mach 8,Paper Glider,Leaf Tires
Lemon,107091,Roy,W 25 Silver Arrow,Paper Glider,Leaf Tires
Rio,112466,Dry Bowser,Mach 8,Paper Glider,Leaf Tires
Rio,112552,Dry Bowser,Mach 8,Paper Glider,Leaf Tires
Jimmy,78472,King Boo,Streetle,Cloud Glider,Azure Roller
Ren,77032,Wario,Streetle,Super Glider,Azure Roller
Lemon,106986,Roy,W 25 Silver Arrow,Paper Glider,Leaf Tires
starxlx,78318,Dry Bowser,W 25 Silver Arrow,MKTV Parafoil,Azure Roller
vxlocity,84300,Heavy Mii,Mach 8,Paper Glider,Leaf Tires
SuperFX,106891,Donkey Kong,W 25 Silver Arrow,Cloud Glider,Leaf Tires
SuperFX,106853,Donkey Kong,W 25 Silver Arrow,Cloud Glider,Leaf Tires
ふゆいろ,105486,Rosalina,Streetle,Paper Glider,Roller
Swift,85160,Wario,Mach 8,Paper Glider,Leaf Tires
Jimmy,78285,Dry Bowser,W 25 Silver Arrow,Cloud Glider,Azure Roller
Demon,119835,Dry Bowser,Wild Wiggler,Plane Glider,Azure Roller
Demon,119759,Dry Bowser,Wild Wiggler,Plane Glider,Azure Roller
Jimmy,77973,Dry Bowser,W 25 Silver Arrow,Cloud Glider,Azure Roller
さーもん,120865,Roy,Biddybuggy,Cloud Glider,Roller
さーもん,120797,Roy,Biddybuggy,Cloud Glider,Roller
さーもん,120728,Roy,Biddybuggy,Cloud Glider,Roller
さーもん,120719,Roy,Biddybuggy,Cloud Glider,Roller
いたくら,115974,Waluigi,Biddybuggy,Paper Glider,Roller
いたくら,115956,Waluigi,Biddybuggy,Paper Glider,Roller
いたくら,115925,Waluigi,Biddybuggy,Paper Glider,Roller
vxlocity,84250,Wario,Mach 8,Paper Glider,Leaf Tires
Demon,119823,Dry Bowser,Wild Wiggler,Plane Glider,Azure Roller
Axel,107003,Wario,Mach 8,Paper Glider,Button
いたくら,115772,Roy,Biddybuggy,Plane Glider,Azure Roller
Axel,103936,Waluigi,Biddybuggy,Paper Glider,Azure Roller
Axel,103882,Waluigi,Biddybuggy,Paper Glider,Azure Roller
Flarena,106489,Wario,Wild Wiggler,Paper Glider,Roller
さーもん,120634,Roy,Biddybuggy,Cloud Glider,Azure Roller
さーもん,120568,Roy,Biddybuggy,Cloud Glider,Azure Roller
Thunderfire,81409,Wario,Mach 8,Cloud Glider,Slim
Shaun,120760,Roy,Biddybuggy,Paper Glider,Leaf Tires
Axel,103736,Waluigi,Biddybuggy,Paper Glider,Azure Roller
ポッチ,61416,Dry Bowser,Inkstriker,Cloud Glider,Wood
Kevin,69286,Heavy Mii Mario,Biddybuggy,Plane Glider,Azure Roller
わみ,110373,Wario,Wild Wiggler,Paper Glider,Leaf Tires
Brionac,78385,Koopa Troopa,Biddybuggy,Cloud Glider,Roller
Darky,46589,Luigi,Standard Bike,Cloud Glider,Leaf Tires
Jimmy,78305,Baby Daisy,Biddybuggy,Cloud Glider,Button
Espurr,76933,Wario,Biddybuggy,Paper Glider,Azure Roller
K4I,123234,Heavy Mii,Splat Buggy,Gold Glider,Slim
おまえモナー,105460,Rosalina,Streetle,Paper Glider,Azure Roller
Brionac,78221,Koopa Troopa,Biddybuggy,Cloud Glider,Roller
Jimmy,78166,Baby Daisy,Biddybuggy,Cloud Glider,Button
とれいん。,123514,Wario,Sports Coupe,Gold Glider,Leaf Tires
starxlx,76850,Wario,Biddybuggy,Paper Glider,Azure Roller
Ryan5,69398,Wario,Biddybuggy,Paper Glider,Leaf Tires
Doodle,84728,Donkey Kong,Pipe Frame,Super Glider,Roller
Espurr,76883,Wario,Biddybuggy,Paper Glider,Azure Roller
Espurr,76750,Wario,Biddybuggy,Paper Glider,Azure Roller
おまえモナー,105444,Link,Streetle,Paper Glider,Azure Roller
Davi,105602,Baby Peach,Biddybuggy,Paper Glider,Roller
starxlx,76750,Wario,Biddybuggy,Paper Glider,Azure Roller
Thunderfire,81341,Wario,Mach 8,Cloud Glider,Wood
Matthew,78583,Wario,Biddybuggy,Super Glider,Roller
とれいん。,123476,Wario,Sports Coupe,Gold Glider,Leaf Tires
Unreal,89597,Wario,Biddybuggy,Parachute,Azure Roller
AK,105162,Baby Daisy,Biddybuggy,Paper Glider,Roller
AK,105575,Baby Daisy,Biddybuggy,Paper Glider,Roller
Alberto,78280,Link,Streetle,Paper Glider,Azure Roller
Doodle,84980,Donkey Kong,Pipe Frame,Super Glider,Roller
Brionac,78104,Koopa Troopa,Biddybuggy,Cloud Glider,Roller
Ren,63064,Waluigi,Biddybuggy,Hylian Kite,Azure Roller
ポッチ,61433,Dry Bowser,Inkstriker,Cloud Glider,Wood
Lemon,120763,Roy,Biddybuggy,Paper Glider,Leaf Tires
Jimmy,78058,Baby Daisy,Biddybuggy,Cloud Glider,Button
Ren,63207,Waluigi,Biddybuggy,Hylian Kite,Azure Roller
Ren,63147,Waluigi,Biddybuggy,Hylian Kite,Azure Roller
おまえモナー,105438,Rosalina,Streetle,Flower Glider,Roller
さーもん,84233,Wario,Mach 8,Cloud Glider,Leaf Tires
Lemon,121916,Dry Bowser,Mach 8,Gold Glider,Azure Roller
starxlx,121962,Dry Bowser,Mach 8,Gold Glider,Azure Roller
そうめん,84964,Donkey Kong,Pipe Frame,Super Glider,Azure Roller
Joe,88284,Waluigi,Biddybuggy,Cloud Glider,Roller
Ren,63105,Waluigi,Biddybuggy,Hylian Kite,Azure Roller
Swift,124066,Dry Bowser,Splat Buggy,Gold Glider,Slim
Lyte,103633,Wario,Wild Wiggler,Paper Glider,Roller
Army,69208,Heavy Mii Kirby,Biddybuggy,Cloud Glider,Leaf Tires
Doodle,84901,Donkey Kong,Pipe Frame,Super Glider,Roller
Doodle,84858,Donkey Kong,Pipe Frame,Super Glider,Roller
Doodle,84830,Donkey Kong,Pipe Frame,Super Glider,Roller
Davi,106781,Roy,Biddybuggy,Paper Glider,Leaf Tires
Davi,106970,Roy,Biddybuggy,Paper Glider,Leaf Tires
K4I,106628,Wario,Sport Bike,Super Glider,Wood
Brionac,77944,Koopa Troopa,Biddybuggy,Cloud Glider,Roller
Shaun,120595,Roy,Biddybuggy,Paper Glider,Leaf Tires
Davi,106704,Roy,Biddybuggy,Paper Glider,Leaf Tires
Ren,62987,Waluigi,Biddybuggy,Hylian Kite,Azure Roller
おまえモナー,105417,Rosalina,Streetle,Paper Glider,Azure Roller
Jimmy,77936,Baby Daisy,Biddybuggy,Cloud Glider,Button
おまえモナー,105373,Rosalina,Streetle,Paper Glider,Azure Roller
Kevin,69159,Heavy Mii Mario,Biddybuggy,Plane Glider,Leaf Tires
とれいん。,123359,Wario,Sports Coupe,Gold Glider,Leaf Tires
ポッチ,61383,Dry Bowser,Inkstriker,Paper Glider,Wood
おまえモナー,105385,Rosalina,Streetle,Paper Glider,Azure Roller
そうめん,84786,Donkey Kong,Pipe Frame,Super Glider,Roller
K4I,124042,Dry Bowser,Splat Buggy,Super Glider,Crimson Slim
Davi,106695,Roy,Biddybuggy,Paper Glider,Leaf Tires
さーもん,84183,Wario,Mach 8,Cloud Glider,Leaf Tires
おまえモナー,105349,Rosalina,Streetle,Paper Glider,Azure Roller
K4I,123215,Wario,Splat Buggy,Gold Glider,Slim
おまえモナー,105292,Rosalina,Streetle,Paper Glider,Azure Roller
Swift,124028,Dry Bowser,Splat Buggy,Plane Glider,Slim
Doodle,84771,Donkey Kong,Pipe Frame,Super Glider,Roller
Anthony,85520,Morton,Sport Bike,Hylian Kite,Slim
starxlx,76666,Wario,Biddybuggy,Paper Glider,Azure Roller
Thimo,83074,Roy,Comet,Paper Glider,Button
Davi,75401,Baby Rosalina,Biddybuggy,Paper Glider,Azure Roller
K4I,123992,Dry Bowser,Splat Buggy,Gold Glider,Slim
Brionac,77893,Koopa Troopa,Biddybuggy,Cloud Glider,Roller
Brionac,77891,Koopa Troopa,Biddybuggy,Cloud Glider,Roller
K4I,123193,Wario,Splat Buggy,Gold Glider,Slim
Nick,76683,Wario,Biddybuggy,Paper Glider,Roller
Jimmy,77772,Baby Daisy,Biddybuggy,Cloud Glider,Button
Lemon,121905,Dry Bowser,Mach 8,Gold Glider,Azure Roller
Davi,75290,Baby Peach,Biddybuggy,MKTV Parafoil,Azure Roller
Davi,75376,Baby Peach,Biddybuggy,MKTV Parafoil,Azure Roller
Davi,75257,Baby Peach,Biddybuggy,MKTV Parafoil,Azure Roller
そうめん,84682,Donkey Kong,Pipe Frame,Gold Glider,Roller
Thimo,83192,Roy,Comet,Paper Glider,Button
K4I,123069,Wario,Splat Buggy,Gold Glider,Slim
Davi,75185,Baby Peach,Biddybuggy,Peach Parasol,Azure Roller
Lemon,121902,Dry Bowser,Mach 8,Gold Glider,Azure Roller
Davi,75224,Baby Peach,Biddybuggy,Peach Parasol,Azure Roller
そうめん,84643,Donkey Kong,Pipe Frame,Gold Glider,Roller
Yui Funami,120464,Roy,Biddybuggy,Cloud Glider,Azure Roller
Thimo,83191,Roy,Comet,Paper Glider,Button
StervtL,61351,Wario,Wild Wiggler,Flower Glider,Roller
Lemon,121869,Wario,Mach 8,Gold Glider,Azure Roller
Davi,75111,Baby Peach,Biddybuggy,Peach Parasol,Azure Roller
おまえモナー,105278,Link,Streetle,Paper Glider,Azure Roller
チャーク,80654,Baby Daisy,Biddybuggy,Paper Glider,Roller
チャーク,80541,Baby Daisy,Biddybuggy,Paper Glider,Roller
チャーク,80500,Baby Daisy,Biddybuggy,Paper Glider,Roller
Swift,123968,Dry Bowser,Splat Buggy,Plane Glider,Slim
Lemon,121864,Heavy Mii,Mach 8,Gold Glider,Azure Roller
そうめん,85115,Wario,Pipe Frame,Super Glider,Roller
Jimmy,78197,Champion Link,Streetle,Cloud Glider,Azure Roller
Jimmy,57115,Dry Bowser,Mach 8,Cloud Glider,Leaf Tires
StervtL,61325,Wario,Wild Wiggler,Flower Glider,Roller
Kevin,74492,Heavy Mii Cpt Falcon,Biddybuggy,Plane Glider,Azure Roller
Tricky,117956,Roy,Mr. Scooty,Cloud Glider,Azure Roller
Swift,123849,Dry Bowser,Splat Buggy,Plane Glider,Slim
Davi,75070,Baby Peach,Biddybuggy,Peach Parasol,Azure Roller
えぢから,106578,Heavy Mii Luigi,Sport Bike,Super Glider,Wood
K4I,106507,Waluigi,Biddybuggy,Paper Glider,Leaf Tires
Lation,115097,Rosalina,Streetle,Paper Glider,Roller
Tricky,117878,Roy,Mr. Scooty,Cloud Glider,Azure Roller
そうめん,84505,Donkey Kong,Pipe Frame,Gold Glider,Roller
Demon,117775,Roy,Mr. Scooty,Cloud Glider,Azure Roller
Demon,117868,Roy,Mr. Scooty,Cloud Glider,Azure Roller
Tricky,117762,Roy,Mr. Scooty,Cloud Glider,Azure Roller
Demon,117694,Roy,Mr. Scooty,Cloud Glider,Azure Roller
Davi,106506,Roy,Biddybuggy,Paper Glider,Leaf Tires
Peze,104588,Donkey Kong,Biddybuggy,Peach Parasol,Roller
Peze,104557,Donkey Kong,Biddybuggy,Paper Glider,Azure Roller
K4I,120601,Waluigi,Mr. Scooty,Paper Glider,Leaf Tires
Lation,115060,Rosalina,Streetle,Paper Glider,Azure Roller
TylerR,79114,Morton,Streetle,Hylian Kite,Leaf Tires
Darky,83871,Roy,Streetle,Paper Glider,Roller
Lation,115053,Rosalina,Streetle,Paper Glider,Azure Roller
Kevin,74472,Heavy Mii Cpt Falcon,Biddybuggy,Plane Glider,Azure Roller
SuperFX,120509,Roy,Mr. Scooty,Cloud Glider,Leaf Tires
Jimmy,69142,Dry Bowser,Biddybuggy,Gold Glider,Leaf Tires
Demon,120582,Donkey Kong,Mr. Scooty,Paper Glider,Leaf Tires
SuperFX,120507,Roy,Mr. Scooty,Cloud Glider,Leaf Tires
Demon,120440,Donkey Kong,Mr. Scooty,Paper Glider,Leaf Tires
TylerR,84974,Roy,Biddybuggy,Cloud Glider,Leaf Tires
Davi,83777,Roy,Streetle,Paper Glider,Azure Roller
Kevin,74834,Heavy Mii Cpt Falcon,Biddybuggy,Plane Glider,Azure Roller
Tricky,117647,Roy,Mr. Scooty,Cloud Glider,Azure Roller
Kevin,74808,Heavy Mii Cpt Falcon,Biddybuggy,Parachute,Azure Roller
Azuza,73730,Dry Bowser,W 25 Silver Arrow,Paper Glider,Leaf Tires
Azuza,73724,Dry Bowser,W 25 Silver Arrow,Paper Glider,Leaf Tires
Jimmy,73666,Dry Bowser,Mach 8,Cloud Glider,Leaf Tires
Ren,80878,Waluigi,Biddybuggy,Plane Glider,Azure Roller
Jimmy,73662,Dry Bowser,Mach 8,Cloud Glider,Leaf Tires
Kevin,74736,Heavy Mii Cpt Falcon,Biddybuggy,Parachute,Azure Roller
Kevin,74656,Heavy Mii Cpt Falcon,Biddybuggy,Parachute,Azure Roller
Kevin,74635,Heavy Mii Cpt Falcon,Biddybuggy,Parachute,Azure Roller
Kevin,74558,Heavy Mii Cpt Falcon,Biddybuggy,Parachute,Azure Roller
Kevin,74549,Heavy Mii Cpt Falcon,Biddybuggy,Parachute,Azure Roller
vxlocity,108741,Baby Peach,Biddybuggy,Cloud Glider,Roller
Rio,112462,Wario,Mach 8,Paper Glider,Leaf Tires
RubenD,112963,Heavy Mii PAC-MAN,W 25 Silver Arrow,Paraglider,Leaf Tires
Kevin,74486,Heavy Mii Cpt Falcon,Biddybuggy,Plane Glider,Azure Roller
Jimmy,73625,Dry Bowser,Mach 8,Cloud Glider,Leaf Tires
Yerson,118078,Dry Bowser,Biddybuggy,Paper Glider,Leaf Tires
Demon,120424,Donkey Kong,Mr. Scooty,Paper Glider,Button
Kevin,74429,Heavy Mii Cpt Falcon,Biddybuggy,Plane Glider,Azure Roller
Demon,120422,Donkey Kong,Mr. Scooty,Paper Glider,Button
Yerson,118027,Roy,Wild Wiggler,Paper Glider,Leaf Tires
Demon,120326,Donkey Kong,Mr. Scooty,Paper Glider,Button
Demon,120375,Donkey Kong,Mr. Scooty,Paper Glider,Button
Rio,112437,Wario,Mach 8,Paper Glider,Leaf Tires
starxlx,121760,Wario,Mach 8,Gold Glider,Azure Roller
とれいん。,117686,Roy,Mr. Scooty,Paper Glider,Azure Roller
Alberto,78131,Link,Streetle,Cloud Glider,Azure Roller
Doodle,85414,Donkey Kong,Pipe Frame,Super Glider,Roller
Yui Funami,120563,Roy,Biddybuggy,Cloud Glider,Azure Roller
とれいん。,117629,Roy,Mr. Scooty,Paper Glider,Azure Roller
Yerson,118063,Roy,Wild Wiggler,Paper Glider,Leaf Tires
Yerson,117975,Roy,Wild Wiggler,Paper Glider,Leaf Tires
Yerson,117971,Roy,Wild Wiggler,Paper Glider,Leaf Tires
Yerson,117928,Roy,Wild Wiggler,Paper Glider,Leaf Tires
Yerson,117859,Roy,Wild Wiggler,Paper Glider,Leaf Tires
Demon,117556,Roy,Mr. Scooty,Paper Glider,Azure Roller
Lation,115035,Rosalina,Streetle,Paper Glider,Azure Roller
Yerson,117556,Roy,Wild Wiggler,Paper Glider,Leaf Tires
Jimmy,84922,Roy,Biddybuggy,Cloud Glider,Leaf Tires
とれいん。,117401,Roy,Mr. Scooty,Paper Glider,Azure Roller
Ren,80790,Waluigi,Biddybuggy,Plane Glider,Azure Roller
とれいん。,117506,Roy,Mr. Scooty,Paper Glider,Azure Roller
Doodle,85337,Donkey Kong,Pipe Frame,Super Glider,Roller
Jimmy,85366,Roy,Pipe Frame,Super Glider,Azure Roller
K4I,106505,Waluigi,Biddybuggy,Cloud Glider,Leaf Tires
K4I,106412,Roy,Biddybuggy,Cloud Glider,Leaf Tires
Davi,106489,Roy,Biddybuggy,Paper Glider,Leaf Tires
Tommy,84956,Heavy Mii Hylian,Biddybuggy,Gold Glider,Azure Roller
Jimmy,85408,Roy,Pipe Frame,Super Glider,Azure Roller
Peze,104543,Roy,Biddybuggy,Paper Glider,Azure Roller
starxlx,90106,Wario,Biddybuggy,Gold Glider,Azure Roller
Davi,87865,Roy,Mach 8,Paper Glider,Leaf Tires
Espurr,76533,Wario,Biddybuggy,Cloud Glider,Azure Roller
とれいん。,117382,Roy,Mr. Scooty,Paper Glider,Azure Roller
むし,102785,Roy,Biddybuggy,Parachute,Roller
Jimmy,85289,Roy,Pipe Frame,Super Glider,Azure Roller
Jujudut,102789,Roy,Biddybuggy,Paper Glider,Azure Roller
Victor,88275,Wario,Biddybuggy,Paper Glider,Roller
Rio,112407,Wario,Mach 8,Paper Glider,Leaf Tires
とれいん。,117290,Roy,Mr. Scooty,Paper Glider,Azure Roller
ヨシ,80777,Waluigi,Biddybuggy,Plane Glider,Azure Roller
Ren,80405,Waluigi,Biddybuggy,Plane Glider,Azure Roller
はなみん,108597,Dry Bowser,Wild Wiggler,Paper Glider,Azure Roller
Demon,109291,Wario,Streetle,Gold Glider,Azure Roller
Dashi,79171,Orange Yoshi,Biddybuggy,Paper Glider,Roller
Ren,80650,Waluigi,Biddybuggy,Plane Glider,Azure Roller
Ren,80630,Waluigi,Biddybuggy,Plane Glider,Azure Roller
Brandon,78889,King Boo,Streetle,Paper Glider,Roller
Victor,88241,Wario,Biddybuggy,Paper Glider,Roller
starxlx,121681,Wario,Wild Wiggler,Gold Glider,Azure Roller
Lemon,120548,Donkey Kong,Biddybuggy,Paper Glider,Leaf Tires
starxlx,121710,Wario,Wild Wiggler,Gold Glider,Azure Roller
Peze,110282,Heavy Mii,Wild Wiggler,Paper Glider,Azure Roller
Lation,114965,Rosalina,Streetle,Paper Glider,Azure Roller
Shaun,120498,Waluigi,Biddybuggy,Paper Glider,Leaf Tires
Shaun,120465,Waluigi,Biddybuggy,Paper Glider,Leaf Tires
vxlocity,110146,Heavy Mii Varia,Wild Wiggler,Paper Glider,Azure Roller
Espurr,77882,Wario,Biddybuggy,Flower Glider,Azure Roller
Peze,110065,Heavy Mii Crossing,Wild Wiggler,Paper Glider,Azure Roller
Lemon,110088,Heavy Mii,Wild Wiggler,Paper Glider,Roller
Shaun,120418,Waluigi,Biddybuggy,Paper Glider,Leaf Tires
そんちょう,102401,Roy,Biddybuggy,Paper Glider,Leaf Tires
Peze,110057,Heavy Mii Crossing,Wild Wiggler,Paper Glider,Azure Roller
Peze,109990,Heavy Mii Crossing,Wild Wiggler,Paper Glider,Azure Roller
starxlx,90493,Wario,Biddybuggy,Gold Glider,Azure Roller
starxlx,90453,Wario,Biddybuggy,Gold Glider,Azure Roller
starxlx,90401,Wario,Biddybuggy,Gold Glider,Azure Roller
starxlx,90392,Wario,Biddybuggy,Gold Glider,Azure Roller
starxlx,90322,Wario,Biddybuggy,Gold Glider,Azure Roller
starxlx,90222,Wario,Biddybuggy,Gold Glider,Azure Roller
starxlx,90212,Wario,Biddybuggy,Gold Glider,Azure Roller
starxlx,90057,Roy,Wild Wiggler,Gold Glider,Azure Roller
starxlx,90177,Wario,Biddybuggy,Gold Glider,Azure Roller
starxlx,90205,Wario,Biddybuggy,Gold Glider,Azure Roller
Jimmy,79022,Daisy,Biddybuggy,Cloud Glider,Azure Roller
cheLmi,112990,Wario,Mach 8,Gold Glider,Azure Roller
cheLmi,112995,Wario,Mach 8,Plane Glider,Roller
こまち,112994,Wario,Mach 8,Plane Glider,Azure Roller
Lemon,109923,Heavy Mii,Wild Wiggler,Paper Glider,Roller
cheLmi,112844,Wario,Mach 8,Gold Glider,Azure Roller
vxlocity,109616,Heavy Mii Varia,Wild Wiggler,Paper Glider,Azure Roller
おまえモナー,112376,Wario,Mach 8,Paper Glider,Leaf Tires
starxlx,90098,Roy,Wild Wiggler,Gold Glider,Azure Roller
starxlx,90029,Roy,Wild Wiggler,Gold Glider,Azure Roller
Espurr,77812,Wario,Biddybuggy,Flower Glider,Azure Roller
starxlx,89985,Roy,Wild Wiggler,Gold Glider,Azure Roller
はなみん,108586,Dry Bowser,Wild Wiggler,Paper Glider,Azure Roller
むし,102729,Roy,Biddybuggy,Parachute,Roller
cheLmi,112919,Wario,Mach 8,Gold Glider,Azure Roller
Espurr,76633,Wario,Biddybuggy,Cloud Glider,Azure Roller
ステルス,117858,Wario,Mach 8,Paper Glider,Leaf Tires
さーもん,84166,Wario,Mach 8,Paper Glider,Leaf Tires
Dashi,78970,White Yoshi,Biddybuggy,Cloud Glider,Azure Roller
さーもん,84116,Wario,Mach 8,Paper Glider,Leaf Tires
こまち,112761,Wario,Mach 8,Plane Glider,Azure Roller
Rio,112334,Wario,Mach 8,Paper Glider,Leaf Tires
vxlocity,109826,Heavy Mii Rosalina,Wild Wiggler,Paper Glider,Azure Roller
Army,69137,Donkey Kong,Wild Wiggler,Gold Glider,Leaf Tires
Darky,87655,Wario,Blue Falcon,Gold Glider,Crimson Slim
そうめん,69028,Wario,Wild Wiggler,Gold Glider,Leaf Tires
Jimmy,78964,Daisy,Biddybuggy,Cloud Glider,Azure Roller
Nindragon,93625,Yellow Yoshi,Biddybuggy,Cloud Glider,Roller
さーもん,84100,Wario,Mach 8,Paper Glider,Leaf Tires
Davi,74367,Waluigi,Pipe Frame,Gold Glider,Azure Roller
Darky,87491,Wario,Blue Falcon,Gold Glider,Crimson Slim
Kevin,74390,Heavy Mii Fox,Biddybuggy,Parachute,Azure Roller
Ziline,84850,Roy,Wild Wiggler,Paper Glider,Azure Roller
Davi,74376,Waluigi,Pipe Frame,Gold Glider,Azure Roller
Kevin,74369,Heavy Mii Fox,Pipe Frame,Parachute,Azure Roller
Demon,109261,Wario,Streetle,Gold Glider,Azure Roller
さーもん,84083,Wario,Mach 8,Paper Glider,Leaf Tires
Kevin,74344,Heavy Mii Fox,Pipe Frame,Parachute,Azure Roller
Demon,109225,Wario,Streetle,Gold Glider,Azure Roller
Kevin,74287,Heavy Mii Fox,Pipe Frame,Parachute,Azure Roller
えぢから,106540,Wario,Sport Bike,Super Glider,Slim
Tommy,84939,Roy,Pipe Frame,Cloud Glider,Azure Roller
Nindragon,93695,Yellow Yoshi,Biddybuggy,Cloud Glider,Roller
Nindragon,93451,Yellow Yoshi,Biddybuggy,Cloud Glider,Roller
そうめん,69010,Wario,Wild Wiggler,Gold Glider,Leaf Tires
Tommy,84740,Roy,Pipe Frame,Cloud Glider,Azure Roller
そうめん,68910,Wario,Wild Wiggler,Gold Glider,Leaf Tires
Demon,109260,Wario,Streetle,Gold Glider,Azure Roller
Lemon,121608,Wario,Sports Coupe,Gold Glider,Roller
Axel,103699,Donkey Kong,Biddybuggy,Paper Glider,Azure Roller
Kevin,74334,Heavy Mii Fox,Pipe Frame,Parachute,Azure Roller
Jimmy,89977,Dry Bowser,Wild Wiggler,Cloud Glider,Azure Roller
Davi,74952,Baby Peach,Biddybuggy,Parafoil,Azure Roller
Demon,89531,Wario,Biddybuggy,Parachute,Azure Roller
Brionac,84775,Roy,Mach 8,Cloud Glider,Leaf Tires
Jimmy,61630,Roy,Wild Wiggler,Cloud Glider,Azure Roller
Mon,112328,Wario,Mach 8,Paper Glider,Leaf Tires
こまち,112582,Wario,Mach 8,Plane Glider,Azure Roller
Yerson,117379,Roy,Wild Wiggler,Paper Glider,Leaf Tires
Finn,75314,Roy,Splat Buggy,Cloud Glider,Crimson Slim
vxlocity,59128,Wario,Blue Falcon,Hylian Kite,Crimson Slim
Ryan's,102174,Roy,Biddybuggy,Paper Glider,Roller
TylerR,84722,Roy,Mach 8,Cloud Glider,Leaf Tires
Power,81705,Rosalina,Biddybuggy,Paper Glider,Roller
Axel,103587,Waluigi,Biddybuggy,Paper Glider,Azure Roller
Jimmy,84691,Roy,Mach 8,Cloud Glider,Leaf Tires
Alberto,89517,Roy,Wild Wiggler,Cloud Glider,Roller
えぢから,106419,Wario,Sport Bike,Super Glider,Slim
Demon,89378,Roy,Wild Wiggler,Cloud Glider,Azure Roller
Carson,84571,Roy,Mach 8,Cloud Glider,Leaf Tires
Kevin,57860,Larry,Biddybuggy,Parachute,Azure Roller
Davi,88036,Roy,Mach 8,Paper Glider,Leaf Tires
Alberto,57381,Koopa Troopa,Streetle,Parachute,Azure Roller
Anthony,85473,Morton,Sport Bike,Hylian Kite,Slim
Ryan's,102130,Roy,Biddybuggy,Paper Glider,Roller
ths,81679,Rosalina,Biddybuggy,MKTV Parafoil,Roller
Demon,89357,Roy,Wild Wiggler,Cloud Glider,Azure Roller
ぺんぎんさむらい,111975,Donkey Kong,Yoshi Bike,Paper Glider,Azure Roller
ths,81576,Rosalina,Biddybuggy,MKTV Parafoil,Roller
Carson,84617,Roy,Mach 8,Cloud Glider,Leaf Tires
Davi,88231,Wario,Wild Wiggler,Paper Glider,Leaf Tires
Jimmy,88208,Roy,Mach 8,Cloud Glider,Leaf Tires
Demon,89351,Roy,Wild Wiggler,Cloud Glider,Azure Roller
Davi,88124,Wario,Wild Wiggler,Paper Glider,Leaf Tires
Jimmy,88200,Roy,Mach 8,Cloud Glider,Leaf Tires
Thomus,87458,Dry Bowser,Blue Falcon,Gold Glider,Crimson Slim
Thomus,87328,Dry Bowser,Blue Falcon,Gold Glider,Crimson Slim
ths,81628,Rosalina,Biddybuggy,MKTV Parafoil,Roller
Jimmy,88083,Roy,Mach 8,Cloud Glider,Leaf Tires
Doodle,85263,Waluigi,Cat Cruiser,Super Glider,Azure Roller
Ziline,87863,Roy,Wild Wiggler,Paper Glider,Leaf Tires
Jimmy,88123,Roy,Mach 8,Cloud Glider,Leaf Tires
SuperFX,87155,Roy,W 25 Silver Arrow,Cloud Glider,Leaf Tires
Doodle,85221,Waluigi,Cat Cruiser,Super Glider,Azure Roller
cheLmi,112582,Wario,Mach 8,Gold Glider,Roller
Jimmy,87331,Roy,Wild Wiggler,Cloud Glider,Leaf Tires
おまえモナー,102070,Roy,Biddybuggy,Cloud Glider,Azure Roller
San,81063,Dry Bowser,Mach 8,Paper Glider,Leaf Tires
San,80875,Dry Bowser,Mach 8,Paper Glider,Leaf Tires
Katta,66362,Orange Inkling Girl,Pipe Frame,Cloud Glider,Roller
K4I,99251,Waluigi,Biddybuggy,Paper Glider,Azure Roller
Davi,87802,Roy,Wild Wiggler,Paper Glider,Leaf Tires
Jimmy,87534,Roy,Wild Wiggler,Cloud Glider,Leaf Tires
Ziline,87507,Roy,Wild Wiggler,Paper Glider,Leaf Tires
SuperFX,87148,Roy,W 25 Silver Arrow,Cloud Glider,Leaf Tires
Jimmy,87449,Roy,Wild Wiggler,Cloud Glider,Leaf Tires
Origin,106295,Wario,Wild Wiggler,Paper Glider,Roller
Ryan's,106198,Wario,Wild Wiggler,Paper Glider,Roller
SuperFX,87141,Roy,W 25 Silver Arrow,Cloud Glider,Leaf Tires
Ryan's,106054,Wario,Wild Wiggler,Paper Glider,Roller
ふゆいろ,117228,Donkey Kong,Streetle,Paper Glider,Azure Roller
Ryan's,106081,Wario,Wild Wiggler,Paper Glider,Roller
Ryan's,105973,Wario,Wild Wiggler,Paper Glider,Roller
SuperFX,87117,Roy,W 25 Silver Arrow,Cloud Glider,Leaf Tires
vxlocity,59109,Wario,Blue Falcon,Waddle Wing,Crimson Slim
vxlocity,105905,Wario,Wild Wiggler,Paper Glider,Azure Roller
ふゆいろ,117073,Donkey Kong,Streetle,Paper Glider,Azure Roller
Alberto,89325,Roy,Wild Wiggler,Cloud Glider,Roller
Jimmy,75270,Roy,Splat Buggy,Cloud Glider,Crimson Slim
Lemon,76622,Donkey Kong,Pipe Frame,Paper Glider,Roller
ぺんぎんさむらい,112056,Donkey Kong,Yoshi Bike,Paper Glider,Leaf Tires
ぺんぎんさむらい,112030,Donkey Kong,Yoshi Bike,Paper Glider,Leaf Tires
Carson,76268,Donkey Kong,Pipe Frame,Cloud Glider,Roller
おまえモナー,102102,Roy,Biddybuggy,Flower Glider,Azure Roller
Doodle,85154,Waluigi,Cat Cruiser,Super Glider,Roller
おまえモナー,101987,Roy,Biddybuggy,Cloud Glider,Azure Roller
ゆゆゆ,111969,Waluigi,Yoshi Bike,Cloud Glider,Azure Roller
ぺんぎんさむらい,111904,Donkey Kong,Yoshi Bike,Paper Glider,Azure Roller
ふゆいろ,116756,Waluigi,Streetle,Paper Glider,Azure Roller
ゆゆゆ,111928,Waluigi,Yoshi Bike,Cloud Glider,Azure Roller
ぺんぎんさむらい,111867,Donkey Kong,Yoshi Bike,Paper Glider,Azure Roller
Alberto,89321,Dry Bowser,Wild Wiggler,Paper Glider,Azure Roller
Alberto,89286,Roy,Wild Wiggler,Paper Glider,Roller
Alberto,89294,Wario,Wild Wiggler,Paper Glider,Roller
Alberto,89235,Donkey Kong,Wild Wiggler,Paper Glider,Azure Roller
ケーべルト,115751,Waluigi,Biddybuggy,Paper Glider,Roller
Unreal,89267,Roy,Wild Wiggler,Paper Glider,Azure Roller
TylerR,84614,Dry Bowser,Mach 8,Cloud Glider,Leaf Tires
Davi,78141,Wario,Wild Wiggler,Paper Glider,Azure Roller
TylerR,84530,Roy,Mach 8,Cloud Glider,Leaf Tires
Alberto,89196,Roy,Wild Wiggler,Cloud Glider,Azure Roller
Davi,78203,Wario,Wild Wiggler,Paper Glider,Azure Roller
Alberto,89147,Donkey Kong,Wild Wiggler,Cloud Glider,Roller
Carson,84478,Roy,Mach 8,Cloud Glider,Leaf Tires
Darky,87291,Wario,Blue Falcon,Gold Glider,Crimson Slim
Darky,87244,Wario,Blue Falcon,Gold Glider,Crimson Slim
Ryan's,105831,Rosalina,Wild Wiggler,Paper Glider,Roller
Finn,75270,Roy,Splat Buggy,Cloud Glider,Crimson Slim
Ryan's,105783,Rosalina,Wild Wiggler,Paper Glider,Roller
Axel,75107,Waluigi,Streetle,Paper Glider,Azure Roller
AK,83146,Wario,Biddybuggy,Paper Glider,Azure Roller
Lemon,121529,Wario,Sports Coupe,Gold Glider,Roller
Demon,117290,Roy,Mr. Scooty,Paper Glider,Azure Roller
そうめん,84479,Donkey Kong,Pipe Frame,Gold Glider,Roller
さーもん,84050,Wario,Mach 8,Paper Glider,Leaf Tires
とれいん。,117174,Roy,Mr. Scooty,Paper Glider,Azure Roller
とれいん。,117257,Roy,Mr. Scooty,Paper Glider,Azure Roller
Lemon,121395,Wario,Sports Coupe,Gold Glider,Roller
StervtL,61544,Waluigi,Wild Wiggler,Cloud Glider,Leaf Tires
Jimmy,87611,Roy,Wild Wiggler,Cloud Glider,Leaf Tires
K4I,102603,Waluigi,Biddybuggy,Paper Glider,Azure Roller
cheLmi,112495,Wario,Mach 8,Gold Glider,Azure Roller
SuperFX,82467,Roy,Wild Wiggler,Cloud Glider,Roller
SuperFX,82457,Roy,Wild Wiggler,Cloud Glider,Roller
mei,102784,Roy,Biddybuggy,Paper Glider,Azure Roller
K4I,102664,Waluigi,Biddybuggy,Paper Glider,Azure Roller
Demon,117121,Roy,Biddybuggy,Paper Glider,Azure Roller
Jimmy,82406,Roy,Wild Wiggler,Cloud Glider,Azure Roller
Jimmy,82337,Roy,Wild Wiggler,Cloud Glider,Azure Roller
Kevin,61505,Heavy Mii Mario,Wild Wiggler,Parachute,Azure Roller
こまち,112457,Dry Bowser,Mach 8,Gold Glider,Azure Roller
Anthony,85452,Morton,Sport Bike,Gold Glider,Slim
Ziline,87762,Roy,Wild Wiggler,Cloud Glider,Leaf Tires
Doodle,75041,Waluigi,Streetle,Cloud Glider,Azure Roller
Anthony,85438,Morton,Sport Bike,Gold Glider,Slim
おまえモナー,71674,Dry Bowser,Cat Cruiser,Super Glider,Azure Roller
Jimmy,83021,Dry Bowser,Biddybuggy,Cloud Glider,Azure Roller
Kevin,61462,Heavy Mii Mario,Wild Wiggler,Parachute,Azure Roller
Kevin,61388,Heavy Mii Mario,Wild Wiggler,Parachute,Azure Roller
Kevin,61400,Heavy Mii Mario,Wild Wiggler,Parachute,Azure Roller
K4I,120320,Waluigi,Biddybuggy,Cloud Glider,Button
K4I,120252,Roy,Biddybuggy,Paper Glider,Leaf Tires
Brandon,78869,King Boo,Streetle,Paper Glider,Roller
SuperFX,81576,Black Yoshi,Mr. Scooty,Cloud Glider,Roller
Demon,120221,Donkey Kong,Biddybuggy,Hylian Kite,Azure Roller
おまえモナー,105239,Rosalina,Streetle,Paper Glider,Azure Roller
SuperFX,98154,Dry Bowser,Mach 8,Paper Glider,Leaf Tires
おまえモナー,101965,Roy,Biddybuggy,Cloud Glider,Azure Roller
Kou,62733,Peach,Mr. Scooty,Cloud Glider,Button
おまえモナー,101850,Roy,Biddybuggy,Cloud Glider,Azure Roller
Lemon,87542,Donkey Kong,Wild Wiggler,Paper Glider,Leaf Tires
Thomus,87224,Dry Bowser,Blue Falcon,Gold Glider,Crimson Slim
Thomus,87185,Dry Bowser,Blue Falcon,Gold Glider,Crimson Slim
そうめん,84352,Donkey Kong,Pipe Frame,Gold Glider,Roller
おまえモナー,101814,Roy,Biddybuggy,Cloud Glider,Azure Roller
crack,108955,Waluigi,Biddybuggy,Cloud Glider,Azure Roller
Kevin,76994,Heavy Mii PAC-MAN,Landship,Plane Glider,Azure Roller
Brandon,78764,King Boo,Streetle,Paper Glider,Roller
Darky,87176,Wario,Blue Falcon,Gold Glider,Crimson Slim
Darren,62578,Pink Yoshi,Mr. Scooty,Paper Glider,Leaf Tires
おまえモナー,101775,Roy,Biddybuggy,Cloud Glider,Azure Roller
Alberto,76983,Dry Bowser,Landship,Super Glider,Azure Roller
おまえモナー,101755,Roy,Biddybuggy,Cloud Glider,Azure Roller
Alberto,76921,Dry Bowser,Landship,Super Glider,Azure Roller
Kevin,76987,Heavy Mii PAC-MAN,Landship,Plane Glider,Azure Roller
Kevin,76916,Heavy Mii PAC-MAN,Landship,Plane Glider,Azure Roller
Alberto,76916,Dry Bowser,Landship,Super Glider,Azure Roller
Alberto,76834,Dry Bowser,Landship,Super Glider,Azure Roller
おまえモナー,101738,Roy,Biddybuggy,Cloud Glider,Azure Roller
Kevin,76813,Heavy Mii Fox,Landship,Hylian Kite,Azure Roller
Kevin,76795,Heavy Mii Pikmin,Landship,Hylian Kite,Azure Roller
Doodle,76728,Wario,Landship,Super Glider,Azure Roller
めめ,102444,Baby Daisy,Biddybuggy,Paper Glider,Roller
Swift,102433,Baby Daisy,Biddybuggy,Paper Glider,Azure Roller
おまえモナー,102284,Baby Daisy,Biddybuggy,Cloud Glider,Azure Roller
めめ,102504,Baby Daisy,Biddybuggy,Paper Glider,Roller
Swift,102185,Baby Daisy,Biddybuggy,Paper Glider,Azure Roller
おまえモナー,102055,Baby Daisy,Biddybuggy,Cloud Glider,Azure Roller
おまえモナー,102138,Baby Daisy,Biddybuggy,Cloud Glider,Azure Roller
Axel,102039,Lemmy,Biddybuggy,Paper Glider,Azure Roller
Axel,102013,Lemmy,Biddybuggy,Paper Glider,Azure Roller
Peze,104519,Waluigi,Biddybuggy,Parachute,Azure Roller
おまえモナー,105147,Baby Daisy,Biddybuggy,Paper Glider,Azure Roller
おまえモナー,104972,Baby Daisy,Biddybuggy,Paper Glider,Azure Roller
おまえモナー,104882,Baby Daisy,Biddybuggy,Paper Glider,Azure Roller
Carson,75207,Roy,Splat Buggy,Cloud Glider,Slim
Axel,101996,Lemmy,Biddybuggy,Paper Glider,Azure Roller
Kevin,76752,Heavy Mii Splatoon,Landship,Hylian Kite,Azure Roller
Jimmy,87511,Roy,Wild Wiggler,Cloud Glider,Leaf Tires
おまえモナー,104815,Baby Daisy,Biddybuggy,Paper Glider,Azure Roller
Kevin,76655,Heavy Mii Splatoon,Landship,Hylian Kite,Azure Roller
Kevin,76721,Heavy Mii Splatoon,Landship,Hylian Kite,Azure Roller
おまえモナー,104873,Baby Daisy,Biddybuggy,Paper Glider,Azure Roller
おまえモナー,104744,Baby Daisy,Biddybuggy,Paper Glider,Azure Roller
Ziline,99247,Baby Daisy,Biddybuggy,Cloud Glider,Azure Roller
AK,104684,Baby Daisy,Biddybuggy,Paper Glider,Roller
K4I,99207,Waluigi,Biddybuggy,Paper Glider,Azure Roller
こまち,112437,Wario,Sports Coupe,Gold Glider,Azure Roller
Ziline,99114,Baby Daisy,Biddybuggy,Cloud Glider,Azure Roller
AK,104619,Baby Daisy,Biddybuggy,Paper Glider,Roller
ゆゆゆ,111849,Roy,Yoshi Bike,Paper Glider,Azure Roller
AK,104625,Baby Daisy,Biddybuggy,Paper Glider,Roller
K4I,101972,Baby Rosalina,Biddybuggy,Parachute,Azure Roller
K4I,98991,Baby Rosalina,Biddybuggy,Cloud Glider,Azure Roller
AK,104485,Baby Daisy,Biddybuggy,Paper Glider,Roller
めめ,101887,Baby Daisy,Biddybuggy,Paper Glider,Roller
AK,104467,Baby Daisy,Biddybuggy,Paper Glider,Azure Roller
ミソねば,104452,Baby Peach,Biddybuggy,Paper Glider,Roller
ふゆいろ,104377,Baby Daisy,Biddybuggy,Paper Glider,Azure Roller
ふゆいろ,80471,Baby Daisy,Biddybuggy,Paper Glider,Azure Roller
ふゆいろ,104323,Baby Daisy,Biddybuggy,Paper Glider,Azure Roller
AK,104174,Baby Daisy,Biddybuggy,Paper Glider,Roller
Axel,104163,Baby Peach,Biddybuggy,Paper Glider,Azure Roller
おまえモナー,104126,Baby Daisy,Biddybuggy,Paper Glider,Azure Roller
Ziline,120172,Baby Daisy,Biddybuggy,Cloud Glider,Azure Roller
Ziline,120070,Baby Daisy,Biddybuggy,Cloud Glider,Azure Roller
Ziline,120128,Baby Daisy,Biddybuggy,Cloud Glider,Azure Roller
K4I,119762,Baby Peach,Biddybuggy,Cloud Glider,Azure Roller
おまえモナー,119949,Baby Rosalina,Biddybuggy,Paper Glider,Azure Roller
Axel,104122,Baby Peach,Biddybuggy,Paper Glider,Azure Roller
Axel,104058,Baby Peach,Biddybuggy,Paper Glider,Azure Roller
おまえモナー,104003,Baby Daisy,Biddybuggy,Paper Glider,Azure Roller
おまえモナー,103900,Baby Daisy,Biddybuggy,Paper Glider,Azure Roller
K4I,119462,Baby Peach,Biddybuggy,Cloud Glider,Azure Roller
おまえモナー,119739,Baby Rosalina,Biddybuggy,Paper Glider,Azure Roller
StervtL,84510,Donkey Kong,W 25 Silver Arrow,Waddle Wing,Roller
StervtL,84410,Donkey Kong,W 25 Silver Arrow,Waddle Wing,Roller
えぢから,84454,Waluigi,W 25 Silver Arrow,Super Glider,Azure Roller
Alberto,78432,Link,Streetle,Paper Glider,Azure Roller
StervtL,84345,Donkey Kong,W 25 Silver Arrow,Waddle Wing,Roller
Matt,57166,Dry Bowser,Mach 8,Cloud Glider,Leaf Tires
Matt,57159,Dry Bowser,Mach 8,Cloud Glider,Leaf Tires
Matt,57183,Dry Bowser,Mach 8,Cloud Glider,Leaf Tires
Matt,57191,Dry Bowser,Mach 8,Cloud Glider,Leaf Tires
StervtL,84305,Donkey Kong,W 25 Silver Arrow,Waddle Wing,Roller
おまえモナー,112286,Wario,Mach 8,Flower Glider,Leaf Tires
Jimmy,57120,Dry Bowser,Mach 8,Cloud Glider,Leaf Tires
Ziline,109848,Baby Daisy,Biddybuggy,Cloud Glider,Azure Roller
おまえモナー,109659,Baby Daisy,Biddybuggy,Paper Glider,Azure Roller
おまえモナー,109768,Baby Daisy,Biddybuggy,Paper Glider,Azure Roller
おまえモナー,109599,Baby Daisy,Biddybuggy,Paper Glider,Azure Roller
おまえモナー,109568,Baby Daisy,Biddybuggy,Paper Glider,Azure Roller
AK,109417,Baby Peach,Biddybuggy,Parachute,Azure Roller
AK,109210,Baby Peach,Biddybuggy,Parachute,Azure Roller
Nick,76483,Wario,Biddybuggy,Paper Glider,Azure Roller
Nick,76500,Wario,Biddybuggy,Paper Glider,Azure Roller
Lemon,109183,Baby Daisy,Biddybuggy,Paper Glider,Roller
Jimmy,78288,Champion Link,Streetle,Cloud Glider,Azure Roller
Kevin,71615,Heavy Mii Crossing,Teddy Buggy,Super Glider,Azure Roller
Lemon,109074,Baby Daisy,Biddybuggy,Paper Glider,Roller
おまえモナー,110338,Baby Rosalina,Biddybuggy,Paper Glider,Azure Roller
Kevin,71598,Heavy Mii Crossing,Teddy Buggy,Super Glider,Azure Roller
おまえモナー,110145,Baby Rosalina,Biddybuggy,Paper Glider,Azure Roller
おまえモナー,110000,Baby Rosalina,Biddybuggy,Paper Glider,Azure Roller
Lemon,109134,Baby Daisy,Biddybuggy,Paper Glider,Roller
Lemon,108974,Baby Daisy,Biddybuggy,Paper Glider,Roller
こまち,112434,Wario,Sports Coupe,Gold Glider,Azure Roller
こまち,112418,Wario,Sports Coupe,Gold Glider,Azure Roller
Kevin,71567,Heavy Mii Crossing,Teddy Buggy,Super Glider,Azure Roller
Davi,83762,Donkey Kong,Streetle,Paper Glider,Azure Roller
こまち,112374,Wario,Sports Coupe,Gold Glider,Azure Roller
Lyte,103516,Wario,Wild Wiggler,Paper Glider,Roller
おまえモナー,109917,Baby Rosalina,Biddybuggy,Paper Glider,Azure Roller
Lemon,108777,Baby Daisy,Biddybuggy,Paper Glider,Roller
おまえモナー,109889,Baby Rosalina,Biddybuggy,Paper Glider,Azure Roller
Kevin,71519,Heavy Mii Crossing,Teddy Buggy,Super Glider,Azure Roller
SuperFX,105701,Champion Link,Wild Wiggler,Paper Glider,Roller
StervtL,84210,Donkey Kong,W 25 Silver Arrow,Waddle Wing,Roller
Kevin,71514,Heavy Mii Crossing,Teddy Buggy,Super Glider,Azure Roller
Lyte,123269,Heavy Mii,Splat Buggy,Gold Glider,Slim
Kevin,71502,Heavy Mii Crossing,Teddy Buggy,Super Glider,Azure Roller
Espurr,77912,Wario,Biddybuggy,Flower Glider,Azure Roller
Davi,105678,Baby Peach,Biddybuggy,Paper Glider,Roller
ちゃあああ,120774,Roy,Biddybuggy,Cloud Glider,Azure Roller
Kevin,71499,Heavy Mii Crossing,Teddy Buggy,Super Glider,Azure Roller
Matt,82328,Waluigi,Wild Wiggler,Cloud Glider,Azure Roller
Matt,82302,Waluigi,Wild Wiggler,Cloud Glider,Roller
Matt,82323,Waluigi,Wild Wiggler,Cloud Glider,Azure Roller
Alberto,78085,Link,Streetle,Cloud Glider,Azure Roller
Matt,82291,Waluigi,Wild Wiggler,Cloud Glider,Roller
Matt,82231,Waluigi,Wild Wiggler,Cloud Glider,Roller
Carson,112680,Yoshi,Biddybuggy,Paper Glider,Roller
vxlocity,108716,Baby Peach,Biddybuggy,Cloud Glider,Azure Roller
Jimmy,57088,Dry Bowser,Mach 8,Cloud Glider,Leaf Tires
Alberto,77969,Link,Streetle,Paper Glider,Azure Roller
Jimmy,57067,Dry Bowser,Mach 8,Cloud Glider,Leaf Tires
Unreal,89123,Donkey Kong,Wild Wiggler,Cloud Glider,Roller
Maxarx,75134,Roy,Biddybuggy,Cloud Glider,Azure Roller
Army,75017,Roy,Biddybuggy,Cloud Glider,Azure Roller
Alberto,89123,Waluigi,Wild Wiggler,Cloud Glider,Azure Roller
ふゆいろ,80306,Baby Daisy,Biddybuggy,Paper Glider,Azure Roller
Carson,74714,Roy,Biddybuggy,Cloud Glider,Roller
Carson,74805,Roy,Biddybuggy,Cloud Glider,Roller
vxlocity,123027,Wario,Splat Buggy,Gold Glider,Slim
Carson,74668,Roy,Biddybuggy,Cloud Glider,Roller
ふゆいろ,80412,Baby Daisy,Biddybuggy,Paper Glider,Azure Roller
Alberto,89094,Roy,Wild Wiggler,Paper Glider,Azure Roller
Army,74666,Roy,Biddybuggy,Cloud Glider,Azure Roller
Carson,74558,Roy,Biddybuggy,Cloud Glider,Roller
Carson,74502,Roy,Biddybuggy,Cloud Glider,Roller
Carson,74359,Roy,Biddybuggy,Cloud Glider,Roller
Jimmy,57053,Dry Bowser,Mach 8,Cloud Glider,Leaf Tires
Kevin,74211,Heavy Mii Luigi,Pipe Frame,Parachute,Azure Roller
Anthony,85426,Morton,Sport Bike,Hylian Kite,Slim
Jimmy,57006,Dry Bowser,Mach 8,Cloud Glider,Leaf Tires
Jimmy,57035,Dry Bowser,Mach 8,Cloud Glider,Leaf Tires
SuperFX,105118,Baby Daisy,Biddybuggy,Cloud Glider,Roller
SuperFX,104880,Baby Daisy,Biddybuggy,Cloud Glider,Roller
Carson,74246,Roy,Biddybuggy,Cloud Glider,Roller
Alberto,89065,Waluigi,Wild Wiggler,Paper Glider,Azure Roller
Alberto,89055,Waluigi,Wild Wiggler,Paper Glider,Azure Roller
Jimmy,56921,Dry Bowser,Mach 8,Cloud Glider,Leaf Tires
Jimmy,56991,Dry Bowser,Mach 8,Cloud Glider,Leaf Tires
Carson,74231,Roy,Biddybuggy,Cloud Glider,Roller
Jimmy,56962,Dry Bowser,Mach 8,Cloud Glider,Leaf Tires
SuperFX,104695,Baby Daisy,Biddybuggy,Cloud Glider,Roller
Alberto,89034,Waluigi,Wild Wiggler,Paper Glider,Azure Roller
StervtL,61217,Waluigi,Wild Wiggler,Flower Glider,Leaf Tires
Jimmy,56912,Dry Bowser,Mach 8,Cloud Glider,Leaf Tires
Alberto,88991,Waluigi,Wild Wiggler,Paper Glider,Azure Roller
Darky,57814,Baby Daisy,Biddybuggy,Paper Glider,Roller
Carson,74129,Roy,Biddybuggy,Cloud Glider,Roller
そうめん,80218,Baby Daisy,Biddybuggy,Paper Glider,Roller
StervtL,61107,Waluigi,Wild Wiggler,Flower Glider,Leaf Tires
StervtL,61180,Waluigi,Wild Wiggler,Flower Glider,Leaf Tires
Jimmy,56909,Dry Bowser,Mach 8,Cloud Glider,Leaf Tires
おまえモナー,117375,Waluigi,Wild Wiggler,Paper Glider,Roller
Doodle,57723,Baby Peach,Biddybuggy,Cloud Glider,Azure Roller
Nick,76466,Wario,Biddybuggy,Paper Glider,Azure Roller
もみ,102388,Roy,Biddybuggy,Cloud Glider,Leaf Tires
San,80566,Dry Bowser,Mach 8,Paper Glider,Leaf Tires
Jimmy,56903,Dry Bowser,Mach 8,Cloud Glider,Leaf Tires
Jimmy,56893,Dry Bowser,Mach 8,Cloud Glider,Leaf Tires
Fleza,57704,Koopa Troopa,Biddybuggy,Paper Glider,Roller
Nick,76416,Wario,Biddybuggy,Paper Glider,Azure Roller
Matt,82162,Waluigi,Wild Wiggler,Cloud Glider,Roller
StervtL,61175,Waluigi,Wild Wiggler,Flower Glider,Leaf Tires
Matt,82140,Waluigi,Wild Wiggler,Cloud Glider,Roller
さーもん,84033,Wario,Mach 8,Paper Glider,Leaf Tires
さーもん,84016,Wario,Mach 8,Paper Glider,Leaf Tires
そうめん,80067,Baby Daisy,Biddybuggy,Paper Glider,Roller
もみ,102366,Roy,Biddybuggy,Cloud Glider,Leaf Tires
さーもん,83933,Wario,Mach 8,Paper Glider,Leaf Tires
Matt,82095,Waluigi,Wild Wiggler,Cloud Glider,Roller
Matt,82057,Waluigi,Wild Wiggler,Cloud Glider,Roller
Davi,74285,Waluigi,Pipe Frame,Parachute,Azure Roller
Espurr,62878,Waluigi,Biddybuggy,Paper Glider,Azure Roller
StervtL,61042,Waluigi,Wild Wiggler,Flower Glider,Leaf Tires
Matt,82020,Waluigi,Wild Wiggler,Cloud Glider,Roller
Jimmy,82031,Roy,Wild Wiggler,Cloud Glider,Azure Roller
vxlocity,122988,Wario,Splat Buggy,Gold Glider,Slim
Matt,81976,Waluigi,Wild Wiggler,Cloud Glider,Roller
Matt,81930,Waluigi,Wild Wiggler,Cloud Glider,Roller
Thimo,81340,Link,Biddybuggy,Paper Glider,Roller
Matt,81920,Waluigi,Wild Wiggler,Cloud Glider,Roller
Kevin,74146,Heavy Mii Luigi,Pipe Frame,Parachute,Azure Roller
Kevin,74119,Heavy Mii Varia,Pipe Frame,Parachute,Azure Roller
StervtL,60982,Waluigi,Wild Wiggler,Flower Glider,Leaf Tires
Kevin,74095,Heavy Mii Varia,Pipe Frame,Parachute,Azure Roller
Matt,81888,Waluigi,Wild Wiggler,Cloud Glider,Roller
Matt,81887,Waluigi,Wild Wiggler,Cloud Glider,Roller
そうめん,80013,Baby Daisy,Biddybuggy,Paper Glider,Roller
Darky,57627,Baby Daisy,Landship,Paper Glider,Roller
Azuza,73589,Dry Bowser,W 25 Silver Arrow,Cloud Glider,Leaf Tires
おまえモナー,117296,Roy,Mr. Scooty,Paper Glider,Azure Roller
Alberto,57575,Koopa Troopa,Streetle,Paper Glider,Azure Roller
Fleza,57552,Koopa Troopa,Streetle,Paper Glider,Roller
そうめん,79961,Baby Daisy,Biddybuggy,Paper Glider,Roller
Matt,81878,Waluigi,Flame Rider,Cloud Glider,Roller
おまえモナー,117277,Roy,Mr. Scooty,Flower Glider,Azure Roller
おまえモナー,117117,Roy,Mr. Scooty,Flower Glider,Azure Roller
おまえモナー,117011,Roy,Mr. Scooty,Flower Glider,Azure Roller
Kevin,74078,Heavy Mii Rosalina,Pipe Frame,Parachute,Azure Roller
Unreal,88972,Waluigi,Wild Wiggler,Paper Glider,Azure Roller
Kevin,74065,Heavy Mii Rosalina,Pipe Frame,Parachute,Azure Roller
Anthony,85399,Morton,Sport Bike,Hylian Kite,Slim
おまえモナー,117023,Roy,Mr. Scooty,Flower Glider,Azure Roller
Kevin,74039,Heavy Mii Rosalina,Pipe Frame,Parachute,Azure Roller
Carson,80182,Waluigi,Biddybuggy,Plane Glider,Azure Roller
Kevin,73997,Heavy Mii Rosalina,Pipe Frame,Parachute,Azure Roller
Kevin,74013,Heavy Mii Rosalina,Pipe Frame,Parachute,Azure Roller
Espurr,62968,Waluigi,Biddybuggy,Hylian Kite,Azure Roller
おまえモナー,116975,Roy,Mr. Scooty,Flower Glider,Azure Roller
Swift,116190,Roy,Mr. Scooty,Cloud Glider,Roller
Jimmy,73558,Dry Bowser,W 25 Silver Arrow,Cloud Glider,Leaf Tires
Alberto,57258,Koopa Troopa,Streetle,Parachute,Azure Roller
Tane,56878,Dry Bowser,Mach 8,Cloud Glider,Leaf Tires
SuperFX,116071,Roy,Mr. Scooty,Cloud Glider,Roller
Tane,56833,Dry Bowser,Mach 8,Cloud Glider,Leaf Tires
Thimo,81378,Link,Biddybuggy,Paper Glider,Roller
とれいん。,117079,Roy,Biddybuggy,Paper Glider,Azure Roller
とれいん。,117034,Roy,Biddybuggy,Paper Glider,Azure Roller
K4I,116031,Roy,Mr. Scooty,Flower Glider,Azure Roller
Axel,115947,Roy,Mr. Scooty,Paper Glider,Azure Roller
4laps2win,71491,Heavy Mii Crossing,Teddy Buggy,Super Glider,Azure Roller
Thimo,81569,Link,Biddybuggy,Paper Glider,Roller
Kou,62567,White Yoshi,Mr. Scooty,Paper Glider,Leaf Tires
Davi,78134,Wario,Wild Wiggler,Paper Glider,Azure Roller
とれいん。,117022,Roy,Biddybuggy,Paper Glider,Azure Roller
Thimo,81429,Link,Biddybuggy,Paper Glider,Roller
StervtL,78086,Wario,Wild Wiggler,Flower Glider,Roller
Tane,87462,Roy,Wild Wiggler,Cloud Glider,Leaf Tires
Tane,56810,Dry Bowser,Mach 8,Cloud Glider,Leaf Tires
Lyte,103466,Wario,Wild Wiggler,Paper Glider,Azure Roller
Thimo,81083,Link,Biddybuggy,Paper Glider,Roller
Davi,83742,Waluigi,Streetle,Paper Glider,Azure Roller
Davi,83718,Waluigi,Streetle,Paper Glider,Azure Roller
Davi,83668,Waluigi,Streetle,Paper Glider,Azure Roller
Jared,102332,Roy,Biddybuggy,Paper Glider,Leaf Tires
Darky,46582,Luigi,Standard Bike,Paper Glider,Leaf Tires
StervtL,78025,Wario,Wild Wiggler,Flower Glider,Roller
Doodle,71878,Waluigi,Biddybuggy,Cloud Glider,Azure Roller
StervtL,77933,Wario,Wild Wiggler,Flower Glider,Roller
そうめん,74900,Baby Daisy,Biddybuggy,Cloud Glider,Roller
さーもん,120444,Roy,Biddybuggy,Cloud Glider,Azure Roller
StervtL,78010,Wario,Wild Wiggler,Flower Glider,Roller
Brandon,78746,King Boo,Streetle,Paper Glider,Roller
Doodle,71844,Waluigi,Biddybuggy,Cloud Glider,Azure Roller
Brandon,78645,King Boo,Streetle,Paper Glider,Roller
Carson,87368,Roy,Wild Wiggler,Cloud Glider,Leaf Tires
Carson,76126,Waluigi,Biddybuggy,Parachute,Roller
Lation,108676,Baby Peach,Biddybuggy,Paper Glider,Roller
めめ,101843,Baby Daisy,Biddybuggy,Paper Glider,Roller
Thimo,72372,Wario,Sport Bike,Super Glider,Gold Tires
Tane,87334,Roy,Wild Wiggler,Cloud Glider,Leaf Tires
おまえモナー,116952,Waluigi,Mr. Scooty,Cloud Glider,Azure Roller
おまえモナー,116860,Waluigi,Mr. Scooty,Cloud Glider,Azure Roller
Kou,62549,White Yoshi,Mr. Scooty,Paper Glider,Leaf Tires
こまち,112344,Wario,Sports Coupe,Gold Glider,Azure Roller
こまち,112286,Wario,Sports Coupe,Gold Glider,Azure Roller
そうめん,74635,Baby Daisy,Biddybuggy,Cloud Glider,Roller
Roberto,72376,Wario,Sport Bike,Wario Wing,Gold Tires
Davi,83658,Waluigi,Streetle,Paper Glider,Azure Roller
Davi,83607,Waluigi,Streetle,Paper Glider,Azure Roller
おまえモナー,101772,Baby Rosalina,Biddybuggy,Paper Glider,Azure Roller
Roberto,72294,Wario,Sport Bike,Wario Wing,Gold Tires
Lation,108647,Baby Peach,Biddybuggy,Paper Glider,Roller
ありす,104516,Roy,Biddybuggy,Flower Glider,Azure Roller
Carson,87255,Roy,Wild Wiggler,Cloud Glider,Leaf Tires
Thunderfire,81337,Wario,Mach 8,Cloud Glider,Wood
Jimmy,86226,Dry Bowser,Sports Coupe,Gold Glider,Crimson Slim
くるせいだー,108912,Roy,Biddybuggy,Cloud Glider,Roller
Thunderfire,81303,Wario,Mach 8,Cloud Glider,Wood
Doodle,86171,Wario,Mach 8,Paraglider,Slim
Jared,102299,Roy,Biddybuggy,Paper Glider,Leaf Tires
Jimmy,86127,Dry Bowser,Sports Coupe,Gold Glider,Crimson Slim
Doodle,86064,Wario,Mach 8,Paraglider,Slim
Thunderfire,81264,Wario,Mach 8,Cloud Glider,Wood
Paco,88232,Waluigi,Biddybuggy,Paper Glider,Roller
Matt,81732,Waluigi,Wild Wiggler,Cloud Glider,Roller
Paco,88012,Waluigi,Biddybuggy,Paper Glider,Azure Roller
SuperFX,77870,Wario,Wild Wiggler,Cloud Glider,Roller
Kevin,84684,Heavy Mii Luigi,Biddybuggy,Plane Glider,Azure Roller
Doodle,86037,Wario,Mach 8,Plane Glider,Slim
SuperFX,77833,Wario,Wild Wiggler,Cloud Glider,Roller
Paco,87438,Donkey Kong,Biddybuggy,Cloud Glider,Azure Roller
Jimmy,86055,Dry Bowser,Sports Coupe,Gold Glider,Crimson Slim
SuperFX,77804,Wario,Wild Wiggler,Cloud Glider,Roller
Rio,112271,Wario,Mach 8,Paper Glider,Leaf Tires
こまち,112195,Wario,Sports Coupe,Gold Glider,Azure Roller
Doodle,86017,Wario,Mach 8,Plane Glider,Slim
Lemon,87665,Donkey Kong,Biddybuggy,Paper Glider,Roller
Paco,87535,Donkey Kong,Biddybuggy,Cloud Glider,Azure Roller
Unreal,81257,Wario,Mach 8,Cloud Glider,Wood
Carloos,87423,Waluigi,Biddybuggy,Cloud Glider,Azure Roller
Paco,87403,Donkey Kong,Biddybuggy,Cloud Glider,Azure Roller
Paco,87329,Donkey Kong,Biddybuggy,Cloud Glider,Azure Roller
Kou,62538,Pink Yoshi,Mr. Scooty,Paper Glider,Leaf Tires
Carloos,87306,Waluigi,Biddybuggy,Paper Glider,Azure Roller
Carloos,87288,Waluigi,Biddybuggy,Cloud Glider,Azure Roller
ヨシ,87192,Donkey Kong,Biddybuggy,Paper Glider,Roller
おまえモナー,112247,Wario,Mach 8,Parachute,Leaf Tires
そうめん,68865,Wario,Wild Wiggler,Paper Glider,Leaf Tires
Jimmy,85981,Dry Bowser,Sports Coupe,Gold Glider,Crimson Slim
Hande,115697,Roy,Biddybuggy,Paper Glider,Azure Roller
Kou,62461,Pink Yoshi,Mr. Scooty,Paper Glider,Leaf Tires
そうめん,68815,Wario,Wild Wiggler,Paper Glider,Leaf Tires
Darky,46525,Luigi,Standard Bike,Cloud Glider,Leaf Tires
Carloos,87134,Waluigi,Biddybuggy,Cloud Glider,Azure Roller
Thomus,86968,Dry Bowser,Blue Falcon,Gold Glider,Crimson Slim
Paco,87093,Waluigi,Biddybuggy,Cloud Glider,Azure Roller
Paco,87122,Waluigi,Biddybuggy,Cloud Glider,Azure Roller
ヨシ,87089,Roy,Biddybuggy,Paper Glider,Roller
K4I,111765,Waluigi,Yoshi Bike,Cloud Glider,Azure Roller
おまえモナー,111847,Roy,Yoshi Bike,Cloud Glider,Azure Roller
ヨシ,87062,Roy,Biddybuggy,Paper Glider,Roller
そうめん,68782,Wario,Wild Wiggler,Paper Glider,Leaf Tires
ヨシ,86999,Waluigi,Biddybuggy,Paper Glider,Roller
Davi,83563,Waluigi,Streetle,Paper Glider,Azure Roller
Davi,83410,Waluigi,Streetle,Paper Glider,Azure Roller
Darky,46563,Luigi,Standard Bike,Cloud Glider,Leaf Tires
Davi,83575,Waluigi,Streetle,Paper Glider,Azure Roller
Davi,83478,Waluigi,Streetle,Paper Glider,Azure Roller
おまえモナー,117798,Wario,Mach 8,Paper Glider,Leaf Tires
おまえモナー,117685,Heavy Mii,Mach 8,Paper Glider,Leaf Tires
ヨシ,86944,Waluigi,Biddybuggy,Cloud Glider,Azure Roller
おまえモナー,117624,Heavy Mii,Mach 8,Paper Glider,Leaf Tires
StervtL,77776,Wario,Wild Wiggler,Flower Glider,Roller
おまえモナー,117637,Heavy Mii,Mach 8,Paper Glider,Leaf Tires
ヨシ,86880,Waluigi,Biddybuggy,Cloud Glider,Azure Roller
Fleza,77713,Koopa Troopa,Biddybuggy,Paper Glider,Roller
めめ,101588,Baby Daisy,Biddybuggy,Paper Glider,Roller
そうめん,68684,Wario,Wild Wiggler,Paper Glider,Leaf Tires
おまえモナー,117588,Heavy Mii,Mach 8,Paper Glider,Leaf Tires
Lemon,120358,Donkey Kong,Biddybuggy,Paper Glider,Roller
ちゃあああ,115685,Waluigi,Biddybuggy,Paper Glider,Azure Roller
おまえモナー,117536,Heavy Mii,Mach 8,Paper Glider,Leaf Tires
Axel,103470,Waluigi,Biddybuggy,Paper Glider,Azure Roller
Paco,86865,Waluigi,Biddybuggy,Cloud Glider,Azure Roller
Tane,87135,Roy,Wild Wiggler,Cloud Glider,Leaf Tires
Jimmy,77612,Baby Daisy,Biddybuggy,Cloud Glider,Leaf Tires
おまえモナー,101573,Baby Rosalina,Biddybuggy,Paper Glider,Azure Roller
おまえモナー,101522,Lemmy,Biddybuggy,Cloud Glider,Azure Roller
おまえモナー,101459,Baby Rosalina,Biddybuggy,Flower Glider,Azure Roller
Carloos,86845,Waluigi,Biddybuggy,Cloud Glider,Azure Roller
K4I,119449,Baby Rosalina,Biddybuggy,Flower Glider,Azure Roller
K4I,119368,Baby Rosalina,Biddybuggy,Flower Glider,Azure Roller
Jimmy,77546,Baby Daisy,Biddybuggy,Cloud Glider,Leaf Tires
はなみん,108532,Dry Bowser,Wild Wiggler,Paper Glider,Azure Roller
はなみん,108455,Dry Bowser,Wild Wiggler,Paper Glider,Azure Roller
ふうすけ,120736,Roy,Biddybuggy,Paper Glider,Roller
とれいん。,108446,Wario,Wild Wiggler,Paper Glider,Azure Roller
とれいん。,108425,Wario,Wild Wiggler,Paper Glider,Azure Roller
Lation,108562,Baby Peach,Biddybuggy,Paper Glider,Roller
めめ,101516,Baby Daisy,Biddybuggy,Paper Glider,Roller
Brandon,78407,King Boo,Landship,Paper Glider,Roller
ちゃあああ,120487,Donkey Kong,Biddybuggy,Flower Glider,Azure Roller
Doodle,71739,Roy,Biddybuggy,Parachute,Roller
Jared,102279,Roy,Biddybuggy,Paper Glider,Leaf Tires
おまえモナー,117504,Dry Bowser,Mach 8,Paper Glider,Leaf Tires
Brandon,78641,King Boo,Landship,Paper Glider,Roller
おまえモナー,117418,Dry Bowser,Mach 8,Cloud Glider,Leaf Tires
わみ,117485,Heavy Mii,Mach 8,Paper Glider,Leaf Tires
Brandon,78520,King Boo,Landship,Paper Glider,Roller
とれいん。,108374,Wario,Wild Wiggler,Paper Glider,Azure Roller
Nick,76300,Wario,Biddybuggy,Paper Glider,Azure Roller
とれいん。,108354,Wario,Wild Wiggler,Paper Glider,Azure Roller
はなみん,108315,Dry Bowser,Wild Wiggler,Paper Glider,Azure Roller
とれいん。,108319,Wario,Wild Wiggler,Paper Glider,Azure Roller
とれいん。,108300,Wario,Wild Wiggler,Paper Glider,Azure Roller
とれいん。,108285,Wario,Wild Wiggler,Paper Glider,Azure Roller
めめ,101449,Baby Daisy,Biddybuggy,Paper Glider,Roller
ゆゆゆ,111742,Donkey Kong,Yoshi Bike,Cloud Glider,Azure Roller
Anthony,71729,Roy,Biddybuggy,Paper Glider,Roller
おまえモナー,101395,Baby Rosalina,Mr. Scooty,Cloud Glider,Azure Roller
FleeT,119680,Bowser,Sneeker,Super Glider,Roller
FleeT,119657,Bowser,Sneeker,Super Glider,Roller
FleeT,119604,Bowser,Sneeker,Super Glider,Roller
FleeT,119580,Bowser,Sneeker,Super Glider,Roller
FleeT,119332,Dry Bowser,Sneeker,Cloud Glider,Roller
FleeT,119202,Dry Bowser,Sneeker,Cloud Glider,Roller
FleeT,119048,Dry Bowser,Cat Cruiser,Super Glider,Roller
とれいん。,125858,Morton,W 25 Silver Arrow,Plane Glider,Roller
とれいん。,125723,Morton,W 25 Silver Arrow,Plane Glider,Roller
K4I,125305,Morton,Mach 8,Plane Glider,Azure Roller
Espurr,88882,Wario,Biddybuggy,Paper Glider,Azure Roller
Doodle,71726,Roy,Biddybuggy,Parachute,Roller
Doodle,71672,Roy,Biddybuggy,Parachute,Roller
K4I,112518,Yoshi,Biddybuggy,Paper Glider,Azure Roller
おまえモナー,109193,Wario,Streetle,Hylian Kite,Azure Roller
Espurr,88880,Wario,Biddybuggy,Paper Glider,Azure Roller
StervtL,79945,Baby Daisy,Biddybuggy,Flower Glider,Roller
Jimmy,77931,Dry Bowser,W 25 Silver Arrow,Cloud Glider,Azure Roller
Darky,46526,Luigi,Standard Bike,Cloud Glider,Leaf Tires
Espurr,88859,Wario,Biddybuggy,Paper Glider,Azure Roller
Espurr,88808,Wario,Biddybuggy,Paper Glider,Azure Roller
おまえモナー,109172,Wario,Streetle,Hylian Kite,Azure Roller
おまえモナー,109093,Wario,Streetle,Hylian Kite,Azure Roller
Espurr,88763,Wario,Biddybuggy,Paper Glider,Azure Roller
Espurr,88726,Wario,Biddybuggy,Paper Glider,Azure Roller
おまえモナー,109171,Wario,Streetle,Hylian Kite,Azure Roller
おまえモナー,109142,Wario,Streetle,Hylian Kite,Azure Roller
Jimmy,77866,Dry Bowser,W 25 Silver Arrow,Cloud Glider,Azure Roller
おまえモナー,109091,Wario,Streetle,Hylian Kite,Azure Roller
そうめん,79895,Baby Daisy,Biddybuggy,Paper Glider,Roller
Darren,75039,Waluigi,Streetle,Cloud Glider,Roller
とれいん。,108150,Wario,Wild Wiggler,Paper Glider,Azure Roller
Fleza,57162,Koopa Troopa,Streetle,Paper Glider,Roller
Darren,74925,Waluigi,Streetle,Cloud Glider,Roller
おまえモナー,119639,Roy,Biddybuggy,Paper Glider,Roller
そうめん,79912,Baby Daisy,Biddybuggy,Paper Glider,Roller
そうめん,79885,Baby Daisy,Biddybuggy,Paper Glider,Roller
そうめん,79841,Baby Daisy,Biddybuggy,Paper Glider,Roller
そうめん,79828,Baby Daisy,Biddybuggy,Paper Glider,Roller
そうめん,79749,Baby Daisy,Biddybuggy,Paper Glider,Roller
Lemon,89888,Dry Bowser,Wild Wiggler,Paper Glider,Roller
K4I,112516,Tanooki Mario,Biddybuggy,Cloud Glider,Azure Roller
そうめん,79675,Baby Daisy,Biddybuggy,Paper Glider,Roller
そうめん,79652,Baby Daisy,Biddybuggy,Paper Glider,Roller
そうめん,79631,Baby Daisy,Biddybuggy,Paper Glider,Roller
SuperFX,104587,Baby Daisy,Biddybuggy,Cloud Glider,Roller
おまえモナー,119731,Heavy Mii,Wild Wiggler,Plane Glider,Roller
Jared,102267,Roy,Biddybuggy,Paper Glider,Leaf Tires
Lemon,106840,Donkey Kong,W 25 Silver Arrow,Paper Glider,Leaf Tires
Darky,46507,Luigi,Standard Bike,Cloud Glider,Leaf Tires
Davi,83404,Waluigi,Streetle,Paper Glider,Azure Roller
Swift,115931,Roy,Mr. Scooty,Paper Glider,Azure Roller
Darky,46471,Luigi,Standard Bike,Cloud Glider,Leaf Tires
おまえモナー,119688,Wario,Wild Wiggler,Plane Glider,Azure Roller
Lemon,106705,Donkey Kong,W 25 Silver Arrow,Paper Glider,Leaf Tires
そうめん,79620,Baby Daisy,Biddybuggy,Paper Glider,Roller
Ryan's,122958,Dry Bowser,Splat Buggy,Gold Glider,Slim
Kou,62450,Yellow Yoshi,Mr. Scooty,Paper Glider,Leaf Tires
Axel,115865,Roy,Mr. Scooty,Paper Glider,Azure Roller
そうめん,79595,Baby Daisy,Biddybuggy,Paper Glider,Roller
Matt,81840,Waluigi,Wild Wiggler,Cloud Glider,Roller
K4I,119667,Roy,Biddybuggy,Cloud Glider,Azure Roller
Jimmy,89881,Dry Bowser,Wild Wiggler,Cloud Glider,Azure Roller
Paco,86826,Waluigi,Biddybuggy,Paper Glider,Roller
vxlocity,122932,Wario,Splat Buggy,Paraglider,Slim
Espurr,88656,Wario,Biddybuggy,Paper Glider,Azure Roller
Espurr,88658,Wario,Biddybuggy,Paper Glider,Azure Roller
Espurr,88525,Wario ,Biddybuggy,Paper Glider,Azure Roller
おまえモナー,119662,Dry Bowser,Biddybuggy,Paper Glider,Azure Roller
おまえモナー,119621,Donkey Kong,Biddybuggy,Paper Glider,Roller
おまえモナー,119581,Donkey Kong,Biddybuggy,Paper Glider,Roller
おまえモナー,119547,Donkey Kong,Biddybuggy,Paper Glider,Roller
おまえモナー,119449,Roy,Biddybuggy,Paper Glider,Roller
Jimmy,84712,Roy,Cat Cruiser,Cloud Glider,Azure Roller
おまえモナー,119468,Donkey Kong,Biddybuggy,Paper Glider,Azure Roller
Espurr,88643,Wario,Biddybuggy,Paper Glider,Azure Roller
Matt,81839,Waluigi,Wild Wiggler,Cloud Glider,Roller
Matt,81810,Waluigi,Wild Wiggler,Cloud Glider,Roller
Matt,81778,Waluigi,Wild Wiggler,Cloud Glider,Roller
Matt,81763,Waluigi,Wild Wiggler,Cloud Glider,Roller
おまえモナー,119451,Roy,Biddybuggy,Paper Glider,Roller
Matt,81751,Waluigi,Wild Wiggler,Cloud Glider,Roller
おまえモナー,119393,Waluigi,Biddybuggy,Paper Glider,Azure Roller
ふゆいろ,116500,Champion Link,Streetle,Paper Glider,Azure Roller
Ryan's,122902,Dry Bowser,Splat Buggy,Gold Glider,Slim
おまえモナー,119379,Waluigi,Biddybuggy,Paper Glider,Azure Roller
おまえモナー,119284,Roy,Biddybuggy,Cloud Glider,Azure Roller
Espurr,76233,Wario ,Biddybuggy,Paper Glider,Azure Roller
おまえモナー,108447,Roy,Biddybuggy,Cloud Glider,Leaf Tires
Kevin,84318,Heavy Mii Luigi,Biddybuggy,Plane Glider,Azure Roller
Kevin,84501,Heavy Mii Luigi,Biddybuggy,Plane Glider,Azure Roller
Kevin,84495,Heavy Mii Luigi,Biddybuggy,Plane Glider,Azure Roller
Espurr,76216,Wario ,Biddybuggy,Paper Glider,Azure Roller
ふゆいろ,116441,Champion Link,Streetle,Paper Glider,Azure Roller
ふゆいろ,116480,Champion Link,Streetle,Paper Glider,Azure Roller
Kevin,84292,Heavy Mii Luigi,Biddybuggy,Plane Glider,Azure Roller
Kevin,84274,Heavy Mii Luigi,Cat Cruiser,Plane Glider,Azure Roller
Espurr,76150,Wario,Biddybuggy,Paper Glider,Azure Roller
Espurr,76050,Wario,Biddybuggy,Paper Glider,Azure Roller
Kevin,84249,Heavy Mii Luigi,Biddybuggy,Plane Glider,Azure Roller
おまえモナー,109060,Wario,Streetle,Paper Glider,Azure Roller
おまえモナー,109038,Wario,Streetle,Flower Glider,Azure Roller
おまえモナー,108977,Wario,Streetle,Paper Glider,Azure Roller
Kevin,84234,Heavy Mii Mario,Biddybuggy,Plane Glider,Azure Roller
Kevin,84180,Heavy Mii Mario,Biddybuggy,Plane Glider,Azure Roller
Davi,83341,Waluigi,Streetle,Paper Glider,Azure Roller
Swift,115847,Roy,Mr. Scooty,Cloud Glider,Azure Roller
そうめん,73528,Wario,W 25 Silver Arrow,Paper Glider,Leaf Tires
vxlocity,59059,Dry Bowser,Prancer,Hylian Kite,Crimson Slim
vxlocity,59009,Dry Bowser,Prancer,Hylian Kite,Crimson Slim
Kevin,84177,Heavy Mii Mario,Cat Cruiser,Cloud Glider,Azure Roller
Kevin,84162,Heavy Mii Mario,Cat Cruiser,Parachute,Azure Roller
Roberto,72289,Wario,Sport Bike,Gold Glider,Metal
Kevin,84153,Heavy Mii Mario,Cat Cruiser,Parachute,Azure Roller
Roberto,72287,Wario,Sport Bike,Gold Glider,Metal
Roberto,72286,Wario,Sport Bike,Gold Glider,Metal
Kevin,84147,Heavy Mii Mario,Cat Cruiser,Parachute,Azure Roller
SuperFX,81532,White Yoshi,Mr. Scooty,Cloud Glider,Roller
Kevin,84137,Heavy Mii Mario,Cat Cruiser,Parachute,Azure Roller
Kevin,84132,Heavy Mii Mario,Cat Cruiser,Parachute,Azure Roller
Kevin,84047,Heavy Mii Mario,Cat Cruiser,Parachute,Azure Roller
Kevin,83991,Heavy Mii Mario,Cat Cruiser,Parachute,Azure Roller
おまえモナー,88967,Waluigi,Wild Wiggler,Paper Glider,Azure Roller
Roberto,72274,Wario,Sport Bike,Gold Glider,Metal
Roberto,72237,Wario,Sport Bike,Gold Glider,Metal
SuperFX,81434,White Yoshi,Mr. Scooty,Cloud Glider,Roller
Axel,115776,Roy,Mr. Scooty,Paper Glider,Azure Roller
alpha,46367,Baby Peach,Biddybuggy,Paper Glider,Roller
alpha,46243,Baby Daisy,Mr. Scooty,Paper Glider,Roller
alpha,46191,Baby Peach,Mr. Scooty,Paper Glider,Roller
alpha,46149,Baby Daisy,Mr. Scooty,Paper Glider,Roller
alpha,46104,Baby Peach,Mr. Scooty,Paper Glider,Roller
alpha,46005,Baby Daisy,Mr. Scooty,Paper Glider,Roller
vxlocity,58955,Dry Bowser,Prancer ,Hylian Kite,Slim
Kevin,71448,Heavy Mii Crossing,Teddy Buggy,Super Glider,Azure Roller
ふゆいろ,116324,Champion Link,Streetle,Paper Glider,Azure Roller
Swift,115678,Roy,Mr. Scooty,Paper Glider,Azure Roller
ふゆいろ,116149,Champion Link,Streetle,Paper Glider,Azure Roller
Espurr,62966,Waluigi,Biddybuggy,Paper Glider,Azure Roller
Espurr,62958,Waluigi,Biddybuggy,Paper Glider,Azure Roller
Espurr,62960,Waluigi,Biddybuggy,Paper Glider,Azure Roller
Matt,81734,Waluigi,Wild Wiggler,Cloud Glider,Roller
Matt,81696,Waluigi,Wild Wiggler,Cloud Glider,Roller
Matt,81709,Waluigi,Wild Wiggler,Cloud Glider,Roller
おまえモナー,108615,Donkey Kong,Biddybuggy,Cloud Glider,Leaf Tires
おまえモナー,108862,Roy,Biddybuggy,Paper Glider,Leaf Tires
alpha,45985,Baby Peach,Mr. Scooty,Paper Glider,Roller
おまえモナー,108770,Roy,Biddybuggy,Cloud Glider,Leaf Tires
Matt,73513,Waluigi,W 25 Silver Arrow,Cloud Glider,Leaf Tires
Swift,85127,Wario,Mach 8,Paper Glider,Leaf Tires
Espurr,62914,Waluigi,Biddybuggy,Paper Glider,Azure Roller
SuperFX,122874,Dry Bowser,Splat Buggy,Gold Glider,Slim
おまえモナー,108796,Roy,Biddybuggy,Cloud Glider,Leaf Tires
おまえモナー,108707,Roy,Biddybuggy,Cloud Glider,Leaf Tires
おまえモナー,108631,Roy,Biddybuggy,Cloud Glider,Leaf Tires
SuperFX,122862,Dry Bowser,Splat Buggy,Gold Glider,Slim
SuperFX,122760,Dry Bowser,Splat Buggy,Gold Glider,Slim
Jimmy,83958,Roy,Cat Cruiser,Cloud Glider,Azure Roller
そうめん,73502,Waluigi,W 25 Silver Arrow,Paper Glider,Leaf Tires
クローリン,103466,Wario,Wild Wiggler,Paper Glider,Azure Roller
そうめん,73469,Waluigi,W 25 Silver Arrow,Paper Glider,Leaf Tires
Kou,62373,Yoshi,Mr. Scooty,Paper Glider,Button
AK,103843,Baby Daisy,Biddybuggy,Paper Glider,Azure Roller
Swift,85108,Wario,Mach 8,Paper Glider,Leaf Tires
Matt,73383,Waluigi,W 25 Silver Arrow,Cloud Glider,Button
おまえモナー,108507,Roy,Biddybuggy,Cloud Glider,Leaf Tires
Army,80144,Waluigi,Biddybuggy,Plane Glider,Azure Roller
こまち,112162,Dry Bowser,Mach 8,Gold Glider,Azure Roller
おまえモナー,108415,Waluigi,Biddybuggy,Cloud Glider,Leaf Tires
Matt,73437,Waluigi,W 25 Silver Arrow,Cloud Glider,Leaf Tires
Espurr,77811,Wario,Biddybuggy,Paper Glider,Azure Roller
Army,80052,Waluigi,Biddybuggy,Plane Glider,Azure Roller
Army,79970,Waluigi,Biddybuggy,Paper Glider,Azure Roller
Dashi,78952,Dark Blue Yoshi,Biddybuggy,Paper Glider,Azure Roller
Kevin,71488,Heavy Mii Crossing,Teddy Buggy,Super Glider,Azure Roller
Kevin,71470,Heavy Mii Crossing,Teddy Buggy,Super Glider,Azure Roller
Espurr,77759,Wario,Biddybuggy,Paper Glider,Azure Roller
Dashi,78868,Red Yoshi,Biddybuggy,Paper Glider,Roller
Dashi,78937,Light-blue Yoshi,Biddybuggy,Paper Glider,Azure Roller
Kevin,71462,Heavy Mii Crossing,Teddy Buggy,Super Glider,Azure Roller
Matt,73423,Waluigi,W 25 Silver Arrow,Cloud Glider,Button
Espurr,77697,Wario,Biddybuggy,Paper Glider,Azure Roller
SuperFX,122736,Dry Bowser,Splat Buggy,Gold Glider,Slim
Sebas,85076,Roy,Biddybuggy,Paper Glider,Leaf Tires
Kevin,71442,Heavy Mii Crossing,Teddy Buggy,Waddle Wing,Azure Roller
Y.Y,78843,Black Yoshi,Biddybuggy,Cloud Glider,Azure Roller
Davi,84202,Waluigi,W 25 Silver Arrow,Super Glider,Azure Roller
おまえモナー,101681,Lemmy,Biddybuggy,Paper Glider,Azure Roller
Dashi,78513,Yellow Yoshi,Biddybuggy,Paper Glider,Roller
Alberto,57012,Koopa Troopa,Streetle,Paper Glider,Azure Roller
Kevin,71430,Heavy Mii Crossing,Teddy Buggy,Waddle Wing,Azure Roller
Sebas,85014,Roy,Biddybuggy,Paper Glider,Leaf Tires
Kevin,71418,Heavy Mii Crossing,Teddy Buggy,Waddle Wing,Azure Roller
SuperFX,122696,Dry Bowser,Splat Buggy,Gold Glider,Slim
Kevin,71398,Heavy Mii Crossing,Teddy Buggy,Waddle Wing,Azure Roller
Davi,84192,Waluigi,W 25 Silver Arrow,Super Glider,Azure Roller
SuperFX,122680,Dry Bowser,Splat Buggy,Gold Glider,Slim
Dashi,78427,Yoshi,Biddybuggy,Paper Glider,Roller
Davi,84172,Waluigi,W 25 Silver Arrow,Super Glider,Azure Roller
Swift,85009,Donkey Kong,Biddybuggy,Paper Glider,Leaf Tires
Lemon,84944,Donkey Kong,Biddybuggy,Paper Glider,Leaf Tires
Y.Y,93263,Black Yoshi,Biddybuggy,Cloud Glider,Azure Roller
ちゃあああ,85011,Roy,Biddybuggy,Paper Glider,Leaf Tires
Lemon,84896,Donkey Kong,Biddybuggy,Paper Glider,Leaf Tires
Y.Y,93352,Black Yoshi,Biddybuggy,Cloud Glider,Azure Roller
Y.Y,93209,Black Yoshi,Biddybuggy,Cloud Glider,Azure Roller
Y.Y,93299,Black Yoshi,Biddybuggy,Cloud Glider,Azure Roller
いたくら,115586,Roy,Biddybuggy,Paper Glider,Roller
Lemon,84775,Donkey Kong,Biddybuggy,Paper Glider,Leaf Tires
Lemon,84735,Donkey Kong,Biddybuggy,Paper Glider,Leaf Tires
Davi,84110,Waluigi,W 25 Silver Arrow,Super Glider,Azure Roller
Darren,101765,Baby Peach,Biddybuggy,Paper Glider,Roller
Matt,73394,Waluigi,W 25 Silver Arrow,Cloud Glider,Button
starxlx,89781,Wario,Wild Wiggler,Paper Glider,Azure Roller
Army,76624,Heavy Mii Wario,Landship,Hylian Kite,Azure Roller
そうめん,88927,Waluigi,Wild Wiggler,Paper Glider,Roller
Kevin,76617,Heavy Mii Splatoon,Landship,Hylian Kite,Azure Roller
Lemon,84691,Donkey Kong,Biddybuggy,Paper Glider,Leaf Tires
Yui Funami,120443,Roy,Biddybuggy,Cloud Glider,Azure Roller
おまえモナー,103829,Baby Daisy,Biddybuggy,Paper Glider,Azure Roller
ポッチ,61366,Dry Bowser,Inkstriker,Paper Glider,Wood
Y.Y,93156,Black Yoshi,Biddybuggy,Cloud Glider,Azure Roller
Yui Funami,120414,Roy,Biddybuggy,Paper Glider,Azure Roller
Yui Funami,120373,Roy,Biddybuggy,Cloud Glider,Azure Roller
Matt,73376,Waluigi,W 25 Silver Arrow,Cloud Glider,Button
Kevin,76613,Heavy Mii Splatoon,Landship,Hylian Kite,Azure Roller
そうめん,88910,Waluigi,Wild Wiggler,Paper Glider,Roller
Espurr,62906,Waluigi,Biddybuggy,Paper Glider,Azure Roller
Davi,84102,Waluigi,W 25 Silver Arrow,Super Glider,Azure Roller
vxlocity,108511,Baby Daisy,Biddybuggy,Cloud Glider,Roller
Espurr,62880,Waluigi,Biddybuggy,Paper Glider,Azure Roller
Jimmy,89732,Dry Bowser,Wild Wiggler,Cloud Glider,Azure Roller
Grant,79962,Roy,Biddybuggy,Paper Glider,Azure Roller
ありす,104488,Roy,Biddybuggy,Flower Glider,Roller
Anthony,71653,Roy,Biddybuggy,Paper Glider,Roller
Grant,79830,Roy,Biddybuggy,Paper Glider,Azure Roller
Grant,79779,Roy,Biddybuggy,Paper Glider,Azure Roller
むし,102498,Roy,Biddybuggy,Paper Glider,Roller
Lemon,106647,Donkey Kong,W 25 Silver Arrow,Paper Glider,Roller
Army,79755,Waluigi,Biddybuggy,Paper Glider,Azure Roller
Army,79681,Waluigi,Biddybuggy,Paper Glider,Azure Roller
Hikki,79693,Roy,Biddybuggy,Paper Glider,Azure Roller
Army,79510,Waluigi,Biddybuggy,Paper Glider,Azure Roller
Army,79315,Waluigi,Biddybuggy,Paper Glider,Azure Roller
ヨシ,79396,Waluigi,Biddybuggy,Paper Glider,Azure Roller
Army,79195,Waluigi,Biddybuggy,Paper Glider,Azure Roller
ヨシ,79170,Roy,Biddybuggy,Paper Glider,Azure Roller
Army,79075,Waluigi,Biddybuggy,Paper Glider,Azure Roller
Army,79058,Waluigi,Biddybuggy,Paper Glider,Azure Roller
Army,79020,Waluigi,Biddybuggy,Paper Glider,Azure Roller
Lemon,106607,Donkey Kong,W 25 Silver Arrow,Paper Glider,Roller
Army,78877,Waluigi,Biddybuggy,Paper Glider,Azure Roller
Anthony,85369,Wario,Sport Bike,Hylian Kite,Slim
Kevin,76602,Heavy Mii Splatoon,Landship,Hylian Kite,Azure Roller
Kevin,76599,Heavy Mii Splatoon,Landship,Hylian Kite,Azure Roller
SuperFX,78721,Roy,Biddybuggy,Cloud Glider,Roller
SuperFX,78530,Roy,Biddybuggy,Cloud Glider,Roller
SuperFX,78487,Roy,Biddybuggy,Cloud Glider,Roller
Army,78445,Waluigi,Biddybuggy,Paper Glider,Azure Roller
Dashi,78210,Black Yoshi,Biddybuggy,Paper Glider,Roller
AK,82912,Wario,Biddybuggy,Cloud Glider,Azure Roller
Army,78421,Waluigi,Biddybuggy,Paper Glider,Azure Roller
Army,78311,Waluigi,Biddybuggy,Paper Glider,Azure Roller
Army,78249,Waluigi,Biddybuggy,Paper Glider,Azure Roller
Lemon,106600,Donkey Kong,W 25 Silver Arrow,Paper Glider,Roller
Army,78264,Waluigi,Biddybuggy,Paper Glider,Azure Roller
vxlocity,108496,Baby Peach,Biddybuggy,Cloud Glider,Roller
そうめん,88894,Waluigi,Wild Wiggler,Paper Glider,Roller
そうめん,73353,Waluigi,W 25 Silver Arrow,Paper Glider,Button
Espurr,75983,Wario,Biddybuggy,Paper Glider,Azure Roller
SuperFX,78117,Roy,Biddybuggy,Cloud Glider,Roller
SuperFX,78037,Roy,Biddybuggy,Cloud Glider,Roller
Lation,108467,Baby Daisy,Biddybuggy,Paper Glider,Roller
ケーべルト,115567,Roy,Biddybuggy,Paper Glider,Roller
ケーべルト,115399,Roy,Biddybuggy,Paper Glider,Azure Roller
おまえモナー,123343,Dry Bowser,Sports Coupe,Paper Glider,Azure Roller
Alberto,77823,Link,Streetle,Paper Glider,Azure Roller
ケーべルト,115431,Roy,Biddybuggy,Paper Glider,Roller
Thunderfire,81257,Wario,Mach 8,Cloud Glider,Wood
SuperFX,78009,Roy,Biddybuggy,Cloud Glider,Roller
Espurr,88510,Wario,Biddybuggy,Paper Glider,Azure Roller
なすの,123849,Dry Bowser,Splat Buggy,Super Glider,Slim
ケーべルト,115395,Roy,Biddybuggy,Paper Glider,Roller
とれいん。,123163,Wario,Sports Coupe,Paper Glider,Azure Roller
ヨシ,81324,Roy,Biddybuggy,Cloud Glider,Roller
ポッチ,61333,Dry Bowser,Inkstriker,Paper Glider,Wood
SuperFX,81170,Roy,Mr. Scooty,Cloud Glider,Roller
SuperFX,80964,Roy,Mr. Scooty,Cloud Glider,Roller
SuperFX,80789,Roy,Mr. Scooty,Cloud Glider,Roller
SuperFX,80956,Roy,Mr. Scooty,Cloud Glider,Roller
そうめん,83799,Waluigi,Cat Cruiser,Paper Glider,Roller
TylerR,84402,Waluigi,Mach 8,Cloud Glider,Leaf Tires
そうめん,77837,Wario,W 25 Silver Arrow,Paper Glider,Roller
ケーべルト,115344,Roy,Biddybuggy,Parachute,Roller
こまち,112151,Dry Bowser,Mach 8,Gold Glider,Azure Roller
ふゆいろ,108887,Waluigi,Biddybuggy,Paper Glider,Azure Roller
ポッチ,61316,Dry Bowser,Inkstriker,Paper Glider,Wood
¥146,81223,Dry Bowser,Sports Coupe,Paper Glider,Wood
そうめん,87302,Waluigi,Wild Wiggler,Paper Glider,Leaf Tires
ふゆいろ,108884,Waluigi,Biddybuggy,Paper Glider,Azure Roller
TylerR,83791,Donkey Kong,Biddybuggy,Cloud Glider,Azure Roller
TylerR,107529,Morton,Streetle,Parafoil,Azure Roller
Bosna,108433,Morton,Biddybuggy,Cloud Glider,Roller
Jimmy,77824,Dry Bowser,W 25 Silver Arrow,Cloud Glider,Azure Roller
Tane,77823,Wario,W 25 Silver Arrow,Cloud Glider,Azure Roller
TylerR,82547,Light-blue Yoshi,Streetle,Cloud Glider,Leaf Tires
Peze,104478,Waluigi,Biddybuggy,Paper Glider,Azure Roller
Espurr,75950,Wario,Biddybuggy,Paper Glider,Azure Roller
Espurr,75783,Wario,Biddybuggy,Paper Glider,Azure Roller
そうめん,77741,Wario,W 25 Silver Arrow,Paper Glider,Roller
Lemon,106594,Donkey Kong,W 25 Silver Arrow,Paper Glider,Roller
TylerR,82354,Light-blue Yoshi,Streetle,Cloud Glider,Leaf Tires
TylerR,73324,Morton,Streetle,Super Glider,Leaf Tires
Rio,112228,Wario,Mach 8,Paper Glider,Leaf Tires
Peze,104399,Waluigi,Biddybuggy,Paper Glider,Roller
StervtL,77763,Wario,Wild Wiggler,Paper Glider,Roller
Lyte,103400,Wario,Wild Wiggler,Paper Glider,Roller
Thunderfire,81212,Wario,Mach 8,Cloud Glider,Wood
TylerR,86922,Link,Standard Kart,Super Glider,Slim
TylerR,78112,Morton,Streetle,Super Glider,Azure Roller
StervtL,77722,Wario,Wild Wiggler,Paper Glider,Roller
ポッチ,61283,Dry Bowser,Inkstriker,Paper Glider,Wood
Alberto,77676,Wario,Biddybuggy,Paper Glider,Azure Roller
TylerR,86156,Dry Bowser,Streetle,Super Glider,Roller
StervtL,77696,Wario,Wild Wiggler,Paper Glider,Roller
もみ,102239,Roy,Biddybuggy,Paper Glider,Leaf Tires
Army,87263,Waluigi,Wild Wiggler,Paper Glider,Leaf Tires
Army,87238,Waluigi,Wild Wiggler,Paper Glider,Leaf Tires
ポッチ,61266,Dry Bowser,Inkstriker,Paper Glider,Wood
Army,87186,Waluigi,Wild Wiggler,Paper Glider,Leaf Tires
Army,87132,Waluigi,Wild Wiggler,Paper Glider,Leaf Tires
Lyte,103366,Wario,Wild Wiggler,Paper Glider,Roller
ths,77701,Wario,W 25 Silver Arrow,Paper Glider,Roller
Army,87168,Waluigi,Wild Wiggler,Paper Glider,Leaf Tires
Army,87084,Waluigi,Wild Wiggler,Paper Glider,Leaf Tires
Thimo,72229,Wario,Sport Bike,Gold Glider,Gold Tires
くさあん,102408,Baby Daisy,Biddybuggy,Paper Glider,Roller
Army,87011,Waluigi,Wild Wiggler,Paper Glider,Leaf Tires
Lemon,102118,Baby Rosalina,Biddybuggy,Paper Glider,Roller
えぢから,83001,Roy,Comet,Paper Glider,Button
Lemon,102204,Baby Rosalina,Biddybuggy,Paper Glider,Roller
Lemon,102116,Baby Rosalina,Biddybuggy,Paper Glider,Roller
Lemon,102044,Baby Rosalina,Biddybuggy,Paper Glider,Roller
Roberto,72225,Wario,Sport Bike,Gold Glider,Metal
Lemon,101737,Baby Rosalina,Biddybuggy,Paper Glider,Roller
そうめん,77676,Wario,W 25 Silver Arrow,Paper Glider,Roller
Thimo,82961,Roy,Comet,Paper Glider,Button
Army,87053,Waluigi,Wild Wiggler,Paper Glider,Leaf Tires
Army,86906,Waluigi,Wild Wiggler,Paper Glider,Leaf Tires
そうめん,84298,Waluigi,Cat Cruiser,Super Glider,Roller
Rio,112217,Wario,Mach 8,Paper Glider,Leaf Tires
Lemon,101901,Baby Rosalina,Biddybuggy,Paper Glider,Roller
Army,86764,Waluigi,Wild Wiggler,Paper Glider,Leaf Tires
Lemon,101867,Baby Rosalina,Biddybuggy,Paper Glider,Roller
K4I,112408,Yoshi,Biddybuggy,Cloud Glider,Azure Roller
Army,86882,Waluigi,Wild Wiggler,Paper Glider,Leaf Tires
Jimmy,77482,Baby Daisy,Biddybuggy,Cloud Glider,Leaf Tires
Espurr,62868,Waluigi,Biddybuggy,Paper Glider,Azure Roller
Espurr,62821,Waluigi,Biddybuggy,Paper Glider,Azure Roller
Army,82941,Waluigi,Comet,Paper Glider,Button
Thimo,82831,Roy,Comet,Paper Glider,Button
Doodle,74762,Waluigi,Streetle,Cloud Glider,Azure Roller
Espurr,62779,Waluigi,Biddybuggy,Paper Glider,Azure Roller
Thimo,82810,Wario,Yoshi Bike,Paper Glider,Button
StervtL,85111,Waluigi,Cat Cruiser,Super Glider,Roller
Thimo,82797,Heavy Mii DK,Yoshi Bike,Paper Glider,Button
Army,82796,Wario,Yoshi Bike,Paper Glider,Button
StervtL,85085,Waluigi,Wild Wiggler,Gold Glider,Roller
そうめん,73263,Waluigi,W 25 Silver Arrow,Paper Glider,Button
StervtL,85060,Waluigi,Wild Wiggler,Gold Glider,Roller
StervtL,85031,Waluigi,Wild Wiggler,Gold Glider,Roller
StervtL,84994,Waluigi,Wild Wiggler,Gold Glider,Roller
vxlocity,109824,Baby Rosalina,Biddybuggy,Paper Glider,Roller
Thimo,82769,Wario,Yoshi Bike,Paper Glider,Button
Jimmy,77545,Baby Daisy,Biddybuggy,Cloud Glider,Leaf Tires
Army,82697,Wario,Yoshi Bike,Paper Glider,Button
Lemon,101561,Baby Rosalina,Biddybuggy,Paper Glider,Roller
そうめん,84952,Waluigi,Wild Wiggler,Gold Glider,Roller
Matt,81667,Waluigi,Wild Wiggler,Cloud Glider,Roller
SuperFX,98143,Dry Bowser,Mach 8,Paper Glider,Leaf Tires
ふゆいろ,108719,Waluigi,Biddybuggy,Paper Glider,Azure Roller
Alberto,77951,Link,Streetle,Paper Glider,Azure Roller
Alberto,77838,Link,Streetle,Paper Glider,Azure Roller
Matt,81680,Waluigi,Wild Wiggler,Cloud Glider,Roller
SuperFX,98064,Dry Bowser,Mach 8,Paper Glider,Leaf Tires
Alberto,77809,Champion Link,Streetle,Paper Glider,Azure Roller
Dragnir,103709,Baby Peach,Biddybuggy,Cloud Glider,Roller
ふゆいろ,108878,Waluigi,Biddybuggy,Paper Glider,Azure Roller
Alberto,77820,Link,Streetle,Paper Glider,Azure Roller
Alberto,77618,Champion Link,Streetle,Paper Glider,Azure Roller
Alberto,77751,Champion Link,Streetle,Paper Glider,Azure Roller
Alberto,77746,Champion Link,Streetle,Paper Glider,Azure Roller
そうめん,84927,Waluigi,Wild Wiggler,Gold Glider,Roller
Lyte,103183,Wario,Wild Wiggler,Paper Glider,Roller
そうめん,101394,Baby Rosalina,Mr. Scooty,Paper Glider,Roller
SuperFX,98047,Dry Bowser,Mach 8,Paper Glider,Leaf Tires
SuperFX,98034,Dry Bowser,Mach 8,Paper Glider,Leaf Tires
SuperFX,97993,Dry Bowser,Mach 8,Paper Glider,Leaf Tires
3-UP,71646,Roy,Yoshi Bike,Flower Glider,Roller
¥146,81155,Dry Bowser,Sports Coupe,Paper Glider,Wood
Lyte,103350,Wario,Wild Wiggler,Paper Glider,Roller
vxlocity,109875,Baby Rosalina,Biddybuggy,Paper Glider,Roller
Lyte,103266,Wario,Wild Wiggler,Paper Glider,Roller
Jimmy,77470,Baby Daisy,Biddybuggy,Cloud Glider,Leaf Tires
Matt,81643,Waluigi,Wild Wiggler,Cloud Glider,Roller
3-UP,71589,Roy,Yoshi Bike,Flower Glider,Roller
Anthony,71610,Roy,Biddybuggy,Paper Glider,Roller
Lyte,103100,Wario,Wild Wiggler,Paper Glider,Roller
vxlocity,109778,Baby Rosalina,Biddybuggy,Paper Glider,Azure Roller
vxlocity,109766,Baby Rosalina,Biddybuggy,Paper Glider,Azure Roller
vxlocity,109719,Baby Rosalina,Biddybuggy,Cloud Glider,Azure Roller
Purple,108018,Roy,Biddybuggy,Paper Glider,Azure Roller
Purple,107928,Roy,Biddybuggy,Paper Glider,Azure Roller
Purple,107874,Roy,Biddybuggy,Paper Glider,Azure Roller
Alberto,107822,Waluigi,Biddybuggy,Paper Glider,Azure Roller
Purple,108144,Roy,Biddybuggy,Paper Glider,Azure Roller
Purple,108125,Roy,Biddybuggy,Paper Glider,Azure Roller
Purple,107861,Waluigi,Biddybuggy,Paper Glider,Azure Roller
Alberto,107745,Waluigi,Biddybuggy,Paper Glider,Azure Roller
Alberto,107771,Waluigi,Biddybuggy,Paper Glider,Azure Roller
おまえモナー,108393,Roy,Biddybuggy,Paper Glider,Leaf Tires
おまえモナー,108403,Roy,Biddybuggy,Paper Glider,Leaf Tires
Alberto,107680,Waluigi,Biddybuggy,Paper Glider,Azure Roller
Alberto,107676,Waluigi,Biddybuggy,Paper Glider,Azure Roller
Alberto,107666,Waluigi,Biddybuggy,Paper Glider,Azure Roller
おまえモナー,108357,Waluigi,Biddybuggy,Paper Glider,Leaf Tires
おまえモナー,108391,Roy,Biddybuggy,Cloud Glider,Leaf Tires
Alberto,107649,Waluigi,Biddybuggy,Paper Glider,Azure Roller
Swift,115656,Roy,Mr. Scooty,Paper Glider,Azure Roller
Alberto,56973,Lakitu,Streetle,Paper Glider,Azure Roller
おまえモナー,123104,Wario,Sports Coupe,Paper Glider,Azure Roller
Alberto,56882,Koopa Troopa,Streetle,Paper Glider,Azure Roller
vxlocity,108464,Baby Daisy,Biddybuggy,Flower Glider,Roller
Alberto,107594,Waluigi,Biddybuggy,Paper Glider,Azure Roller
Lemon,121364,Wario,Wild Wiggler,Paper Glider,Roller
vxlocity,108461,Baby Daisy,Biddybuggy,Flower Glider,Roller
おまえモナー,123015,Wario,Sports Coupe,Paper Glider,Azure Roller
Lemon,121284,Wario,Wild Wiggler,Paper Glider,Roller
Lemon,121240,Wario,Wild Wiggler,Paper Glider,Roller
こんこん,121322,Wario,Wild Wiggler,Paper Glider,Roller
Lemon,121163,Wario,Wild Wiggler,Paper Glider,Roller
Lemon,121169,Wario,Wild Wiggler,Paper Glider,Roller
Espurr,88501,Wario,Biddybuggy,Paper Glider,Azure Roller
Lemon,121139,Wario,Wild Wiggler,Paper Glider,Roller
Lemon,121082,Wario,Wild Wiggler,Paper Glider,Roller
おまえモナー,122964,Wario,Sports Coupe,Paper Glider,Azure Roller
StervtL,103066,Roy,Biddybuggy,Paper Glider,Roller
Army,77419,Baby Daisy,Biddybuggy,Paper Glider,Leaf Tires
Army,77262,Baby Daisy,Biddybuggy,Paper Glider,Leaf Tires
Espurr,88426,Wario,Biddybuggy,Paper Glider,Azure Roller
Lemon,121080,Wario,Wild Wiggler,Paper Glider,Roller
Alberto,77626,Wario,Biddybuggy,Cloud Glider,Azure Roller
Yui Funami,120365,Roy,Biddybuggy,Cloud Glider,Azure Roller
DavidFire,77639,Heavy Mii Sonic,Biddybuggy,Paper Glider,Roller
Lemon,121070,Wario,Wild Wiggler,Paper Glider,Roller
Espurr,88411,Wario,Biddybuggy,Paper Glider,Azure Roller
Lemon,120971,Wario,Wild Wiggler,Paper Glider,Roller
Alberto,77514,Wario,Biddybuggy,Paper Glider,Azure Roller
alpha,45960,Baby Daisy,Mr. Scooty,Cloud Glider,Roller
こまち,112131,Dry Bowser,Mach 8,Gold Glider,Azure Roller
vxlocity,109549,Waluigi,Wild Wiggler,Paper Glider,Roller
vxlocity,109532,Waluigi,Wild Wiggler,Paper Glider,Roller
K4I,111721,Waluigi,Yoshi Bike,Cloud Glider,Azure Roller
Lation,108405,Baby Daisy,Biddybuggy,Paper Glider,Roller
Yui Funami,120349,Roy,Biddybuggy,Paper Glider,Azure Roller
vxlocity,109354,Waluigi,Wild Wiggler,Paper Glider,Roller
K4I,111707,Waluigi,Yoshi Bike,Cloud Glider,Azure Roller
Lemon,98935,Baby Rosalina,Biddybuggy,Paper Glider,Roller
K4I,98710,Baby Peach,Biddybuggy,Cloud Glider,Azure Roller
Lemon,98906,Baby Rosalina,Biddybuggy,Paper Glider,Roller
Grant,84357,Roy,Mach 8,Paper Glider,Leaf Tires
Army,84321,Waluigi,Mach 8,Paper Glider,Leaf Tires
Alberto,84267,Waluigi,Mach 8,Paper Glider,Leaf Tires
Lation,108363,Baby Daisy,Biddybuggy,Paper Glider,Roller
SuperFX,84171,Roy,W 25 Silver Arrow,Paper Glider,Leaf Tires
Alberto,84156,Waluigi,Mach 8,Paper Glider,Leaf Tires
そうめん,88893,Waluigi,Wild Wiggler,Paper Glider,Roller
そうめん,88871,Waluigi,Wild Wiggler,Paper Glider,Roller
Alberto,88845,Waluigi,Wild Wiggler,Paper Glider,Azure Roller
SuperFX,84138,Roy,W 25 Silver Arrow,Paper Glider,Leaf Tires
Dashi,78145,Baby Daisy,Biddybuggy,Paper Glider,Roller
そうめん,88808,Waluigi,Wild Wiggler,Paper Glider,Roller
そうめん,84135,Waluigi,Cat Cruiser,Super Glider,Roller
なすの,123790,Dry Bowser,Splat Buggy,Super Glider,Slim
SuperFX,84047,Roy,W 25 Silver Arrow,Paper Glider,Leaf Tires
ゆゆゆ,111590,Donkey Kong,Yoshi Bike,Cloud Glider,Azure Roller
Peze,101466,Baby Rosalina,Biddybuggy,Cloud Glider,Azure Roller
Peze,101155,Baby Rosalina,Biddybuggy,Paper Glider,Azure Roller
ふゆいろ,116068,Champion Link,Streetle,Paper Glider,Azure Roller
ふゆいろ,115830,Champion Link,Streetle,Paper Glider,Azure Roller
Alberto,88777,Waluigi,Wild Wiggler,Paper Glider,Azure Roller
そうめん,88683,Waluigi,Wild Wiggler,Paper Glider,Roller
いたくら,115298,Roy,Biddybuggy,Paper Glider,Roller
Thunderfire,81149,Wario,Mach 8,Cloud Glider,Wood
おまえモナー,108953,Wario,Streetle,Cloud Glider,Azure Roller
Alberto,108936,Waluigi,Streetle,Paper Glider,Azure Roller
Dashi,77867,Baby Daisy,Biddybuggy,Paper Glider,Azure Roller
オトヒメ,61183,Wario,Inkstriker,Paper Glider,Wood
おまえモナー,108881,Waluigi,Streetle,Paper Glider,Azure Roller
おまえモナー,108865,Waluigi,Streetle,Paper Glider,Azure Roller
ポッチ,61150,Dry Bowser,Inkstriker,Paper Glider,Wood
Mees,84325,Donkey Kong,Cat Cruiser,Gold Glider,Roller
alpha,77790,Baby Daisy,Biddybuggy,Cloud Glider,Roller
ポッチ,61116,Dry Bowser,Inkstriker,Paper Glider,Wood
ケーべルト,115176,Roy,Biddybuggy,Paper Glider,Azure Roller
ポッチ,61066,Dry Bowser,Inkstriker,Paper Glider,Wood
そうめん,84198,Waluigi,Cat Cruiser,Super Glider,Roller
ケーべルト,115197,Roy,Biddybuggy,Paper Glider,Roller
ケーべルト,115099,Roy,Biddybuggy,Parachute,Roller
おまえモナー,122920,Wario,Inkstriker,Flower Glider,Azure Roller
そうめん,84028,Waluigi,Cat Cruiser,Super Glider,Roller
StervtL,111918,Roy,Mr. Scooty,Paper Glider,Leaf Tires
ケーべルト,115235,Roy,Biddybuggy,Paper Glider,Roller
StervtL,112120,Roy,Mr. Scooty,Paper Glider,Leaf Tires
おまえモナー,122908,Heavy Mii,Sports Coupe,Paper Glider,Azure Roller
おまえモナー,122781,Wario,Sports Coupe,Paper Glider,Azure Roller
Davi,75995,Waluigi,Biddybuggy,Paper Glider,Azure Roller
ths,101666,Baby Rosalina,Biddybuggy,Paper Glider,Azure Roller
vxlocity,83933,Heavy Mii Cpt Falcon,Mach 8,Paper Glider,Leaf Tires
K4I,101638,Lemmy,Biddybuggy,Parachute,Azure Roller
Army,101619,Baby Daisy,Biddybuggy,Paper Glider,Azure Roller
なえトル,74625,Roy,Streetle,Paper Glider,Azure Roller
Matt,81610,Waluigi,Wild Wiggler,Cloud Glider,Roller
ポッチ,61033,Dry Bowser,Inkstriker,Paper Glider,Wood
クローリン,84621,Waluigi,Biddybuggy,Paper Glider,Leaf Tires
Matt,81639,Waluigi,Wild Wiggler,Cloud Glider,Roller
Matt,81628,Waluigi,Wild Wiggler,Cloud Glider,Roller
StervtL,60981,Waluigi,Wild Wiggler,Paper Glider,Leaf Tires
StervtL,60873,Waluigi,Wild Wiggler,Paper Glider,Leaf Tires
Alberto,74485,Waluigi,Streetle,Paper Glider,Azure Roller
おまえモナー,122749,Dry Bowser,Sports Coupe,Flower Glider,Azure Roller
おまえモナー,122644,Wario,Sports Coupe,Paper Glider,Azure Roller
Alberto,74472,Waluigi,Streetle,Paper Glider,Azure Roller
こまち,112058,Dry Bowser,Inkstriker,Gold Glider,Azure Roller
こまち,112059,Dry Bowser,Inkstriker,Gold Glider,Azure Roller
そうめん,120195,Waluigi,Biddybuggy,Paper Glider,Roller
めめ,101576,Baby Rosalina,Biddybuggy,Paper Glider,Azure Roller
Jimmy,82805,Dry Bowser,Biddybuggy,Cloud Glider,Azure Roller
Alberto,101640,Baby Peach,Biddybuggy,Paper Glider,Azure Roller
ヨシ,102202,Baby Daisy,Biddybuggy,Paper Glider,Roller
Roberto,72211,Wario,Sport Bike,Gold Glider,Metal
Roberto,72204,Wario,Sport Bike,Gold Glider,Metal
Darren,101495,Baby Daisy,Biddybuggy,Cloud Glider,Azure Roller
Army,101489,Baby Daisy,Biddybuggy,Paper Glider,Azure Roller
Army,101445,Baby Daisy,Biddybuggy,Paper Glider,Azure Roller
Doodle,101913,Baby Peach,Biddybuggy,Cloud Glider,Azure Roller
K4I,101706,Baby Peach,Biddybuggy,Paper Glider,Azure Roller
Alberto,101703,Baby Peach,Biddybuggy,Paper Glider,Azure Roller
そうめん,101379,Baby Rosalina,Mr. Scooty,Paper Glider,Roller
Alberto,101683,Baby Peach,Biddybuggy,Paper Glider,Azure Roller
K4I,101540,Baby Peach,Biddybuggy,Cloud Glider,Azure Roller
Alberto,101507,Baby Peach,Biddybuggy,Paper Glider,Azure Roller
そうめん,101349,Baby Rosalina,Mr. Scooty,Paper Glider,Roller
Alberto,101423,Baby Peach,Biddybuggy,Paper Glider,Azure Roller
Jimmy,61016,Dry Bowser,Mach 8,Cloud Glider,Leaf Tires
alpha,45920,Baby Peach,Mr. Scooty,Paper Glider,Roller
Army,82762,Wario,Biddybuggy,Paper Glider,Azure Roller
Victor,75888,Roy,Biddybuggy,Paper Glider,Azure Roller
Victor,75960,Waluigi,Biddybuggy,Paper Glider,Azure Roller
そうめん,101148,Baby Daisy,Biddybuggy,Paper Glider,Roller
Alberto,101420,Baby Peach,Biddybuggy,Paper Glider,Azure Roller
Alberto,101354,Baby Peach,Biddybuggy,Paper Glider,Azure Roller
おまえモナー,117336,Wario,Biddybuggy,Paper Glider,Azure Roller
おまえモナー,117183,Roy,Biddybuggy,Paper Glider,Azure Roller
Army,117084,Roy,Biddybuggy,Paper Glider,Azure Roller
Alberto,101284,Baby Peach,Biddybuggy,Flower Glider,Azure Roller
Victor,75856,Roy,Biddybuggy,Paper Glider,Azure Roller
そうめん,101231,Baby Daisy,Biddybuggy,Paper Glider,Roller
Alberto,101137,Baby Peach,Biddybuggy,Cloud Glider,Azure Roller
Alberto,101073,Baby Peach,Biddybuggy,Paper Glider,Azure Roller
StervtL,112053,Dry Bowser,Inkstriker,Gold Glider,Azure Roller
StervtL,111992,Dry Bowser,Inkstriker,Gold Glider,Azure Roller
Army,117171,Roy,Biddybuggy,Paper Glider,Azure Roller
Army,117073,Roy,Biddybuggy,Paper Glider,Azure Roller
Army,116980,Roy,Biddybuggy,Paper Glider,Azure Roller
Army,117006,Roy,Biddybuggy,Paper Glider,Azure Roller
Lemon,98651,Baby Daisy,Biddybuggy,Paper Glider,Azure Roller
StervtL,112034,Dry Bowser,Inkstriker,Gold Glider,Azure Roller
おまえモナー,116961,Waluigi,Biddybuggy,Cloud Glider,Azure Roller
おまえモナー,116873,Donkey Kong,Biddybuggy,Cloud Glider,Azure Roller
そうめん,100975,Baby Daisy,Biddybuggy,Paper Glider,Roller
ありす,104368,Roy,Biddybuggy,Paper Glider,Roller
ポッチ,61016,Dry Bowser,Mach 8,Cloud Glider,Leaf Tires
Thimo,80519,Dry Bowser,Mach 8,Paper Glider,Leaf Tires
Victor,75799,Roy,Biddybuggy,Paper Glider,Azure Roller
そうめん,120476,Waluigi,Biddybuggy,Paper Glider,Roller
ありす,104351,Roy,Biddybuggy,Paper Glider,Roller
ポッチ,60983,Dry Bowser,Mach 8,Cloud Glider,Leaf Tires
Anthony,85354,Wario,Sport Bike,Hylian Kite,Slim
Alberto,77470,Waluigi,Biddybuggy,Paper Glider,Leaf Tires
vxlocity,58951,Wario,Prancer,Hylian Kite,Crimson Slim
Jimmy,61000,Dry Bowser,Mach 8,Cloud Glider,Leaf Tires
Alberto,119248,Waluigi,Biddybuggy,Paper Glider,Azure Roller
おまえモナー,119231,Waluigi,Biddybuggy,Paper Glider,Azure Roller
おまえモナー,119179,Waluigi,Biddybuggy,Paper Glider,Azure Roller
おまえモナー,119176,Waluigi,Biddybuggy,Paper Glider,Azure Roller
おまえモナー,119168,Waluigi,Biddybuggy,Paper Glider,Azure Roller
Miguel,60983,Dry Bowser,Mach 8,Cloud Glider,Button
Thimo,86900,Waluigi,Wild Wiggler,Paper Glider,Leaf Tires
ポッチ,60950,Dry Bowser,Mach 8,Paper Glider,Leaf Tires
AK,82679,Dry Bowser,Biddybuggy,Flower Glider,Azure Roller
ふゆいろ,108606,Waluigi,Biddybuggy,Paper Glider,Azure Roller
Aarón,104345,Waluigi,Biddybuggy,Paper Glider,Azure Roller
StervtL,111986,Dry Bowser,Inkstriker,Gold Glider,Azure Roller
StervtL,111985,Dry Bowser,Inkstriker,Gold Glider,Azure Roller
StervtL,111975,Dry Bowser,Inkstriker,Gold Glider,Azure Roller
ありす,104274,Roy,Biddybuggy,Bowser Kite,Azure Roller
StervtL,111956,Dry Bowser,Inkstriker,Gold Glider,Azure Roller
alpha,45876,Baby Peach,Mr. Scooty,Cloud Glider,Roller
オトヒメ,60950,Wario,Mach 8,Paper Glider,Leaf Tires
StervtL,111942,Dry Bowser,Inkstriker,Gold Glider,Azure Roller
StervtL,111917,Dry Bowser,Inkstriker,Gold Glider,Azure Roller
Jimmy,60916,Dry Bowser,Mach 8,Cloud Glider,Leaf Tires
StervtL,111922,Dry Bowser,Inkstriker,Gold Glider,Azure Roller
StervtL,111941,Dry Bowser,Inkstriker,Gold Glider,Azure Roller
ちゃあああ,120417,Roy,Biddybuggy,Cloud Glider,Roller
ポッチ,60916,Dry Bowser,Mach 8,Paper Glider,Leaf Tires
alpha,77638,Baby Daisy,Biddybuggy,Cloud Glider,Roller
なすの,116849,Waluigi,Mr. Scooty,Cloud Glider,Azure Roller
そうめん,120332,Waluigi,Biddybuggy,Paper Glider,Roller
StervtL,111871,Dry Bowser,Inkstriker,Gold Glider,Azure Roller
いたくら,115085,Roy,Biddybuggy,Paper Glider,Roller
そうめん,120317,Waluigi,Biddybuggy,Paper Glider,Roller
ケーべルト,115056,Roy,Biddybuggy,Parachute,Roller
ポッチ,60900,Dry Bowser,Mach 8,Paper Glider,Leaf Tires
ケーべルト,114990,Roy,Biddybuggy,Paper Glider,Roller
そうめん,120264,Waluigi,Biddybuggy,Paper Glider,Roller
ポッチ,60883,Dry Bowser,Mach 8,Paper Glider,Leaf Tires
Thimo,87129,Waluigi,Wild Wiggler,Paper Glider,Leaf Tires
ポッチ,60850,Dry Bowser,Mach 8,Paper Glider,Leaf Tires
ポッチ,60866,Dry Bowser,Mach 8,Paper Glider,Leaf Tires
Thimo,87128,Waluigi,Wild Wiggler,Paper Glider,Leaf Tires
Thimo,87086,Waluigi,Wild Wiggler,Paper Glider,Leaf Tires
StervtL,111832,Waluigi,Mr. Scooty,Paper Glider,Leaf Tires
CreepGanon,71365,Dry Bowser,Wild Wiggler,Paper Glider,Azure Roller
そうめん,73971,Waluigi,Biddybuggy,Paper Glider,Roller
Thimo,87054,Waluigi,Wild Wiggler,Paper Glider,Leaf Tires
Thimo,87035,Waluigi,Wild Wiggler,Paper Glider,Leaf Tires
Brandon,78376,King Boo,Landship,Paper Glider,Roller
Lemon,120307,Donkey Kong,Biddybuggy,Paper Glider,Roller
Lemon,120267,Donkey Kong,Biddybuggy,Paper Glider,Roller
StervtL,111782,Waluigi,Mr. Scooty,Paper Glider,Leaf Tires
ths,77654,Wario,W 25 Silver Arrow,Paper Glider,Azure Roller
ケーべルト,114975,Roy,Biddybuggy,Paper Glider,Roller
オトヒメ,60833,Wario,Mach 8,Paper Glider,Leaf Tires
StervtL,111738,Waluigi,Mr. Scooty,Paper Glider,Leaf Tires
Lemon,120248,Roy,Biddybuggy,Paper Glider,Roller
なすの,116839,Donkey Kong,Mr. Scooty,Paper Glider,Roller
StervtL,111674,Waluigi,Mr. Scooty,Paper Glider,Leaf Tires
ちゃあああ,120066,Roy,Biddybuggy,Paper Glider,Roller
Alberto,76590,Wario,Landship,Super Glider,Azure Roller
Thimo,86868,Wario,Wild Wiggler,Paper Glider,Leaf Tires
Alberto,76596,Wario,Landship,Super Glider,Azure Roller
Alberto,76573,Wario,Landship,Super Glider,Azure Roller
Alberto,76593,Wario,Landship,Super Glider,Azure Roller
そうめん,120049,Waluigi,Biddybuggy,Paper Glider,Roller
¥146,111606,Waluigi,Mr. Scooty,Paper Glider,Leaf Tires
いたくら,114937,Roy,Biddybuggy,Paper Glider,Roller
ケーべルト,114971,Roy,Biddybuggy,Paper Glider,Azure Roller
Alberto,76548,Wario,Landship,Super Glider,Azure Roller
Thimo,82673,Wario,Yoshi Bike,Paper Glider,Button
Thimo,82656,Wario,Yoshi Bike,Paper Glider,Button
そうめん,119915,Waluigi,Biddybuggy,Paper Glider,Roller
Thimo,82598,Wario,Yoshi Bike,Paper Glider,Button
そうめん,77620,Wario,W 25 Silver Arrow,Paper Glider,Roller
そうめん,77602,Wario,W 25 Silver Arrow,Paper Glider,Roller
そうめん,77535,Wario,W 25 Silver Arrow,Paper Glider,Roller
CreepGanon,71398,Dry Bowser,Wild Wiggler,Paper Glider,Azure Roller
DavidFire,77433,Waluigi,Biddybuggy,Paper Glider,Leaf Tires
CreepGanon,71397,Dry Bowser,Wild Wiggler,Paper Glider,Azure Roller
Panda,77532,Yellow Yoshi,Biddybuggy,Cloud Glider,Azure Roller
Alberto,76540,Wario,Landship,Super Glider,Azure Roller
4laps2win,71386,Heavy Mii Crossing,Teddy Buggy,Waddle Wing,Azure Roller
Alberto,76514,Wario,Landship,Super Glider,Azure Roller
StervtL,111559,Waluigi,Mr. Scooty,Paper Glider,Leaf Tires
4laps2win,71340,Heavy Mii Crossing,Teddy Buggy,Waddle Wing,Azure Roller
そうめん,77645,Wario,Wild Wiggler,Paper Glider,Roller
StervtL,111511,Waluigi,Mr. Scooty,Paper Glider,Leaf Tires
Panda,77368,Yellow Yoshi,Biddybuggy,Cloud Glider,Azure Roller
エル,108541,Waluigi,Biddybuggy,Paper Glider,Azure Roller
alpha,62724,Waluigi,Biddybuggy,Flower Glider,Roller
CreepGanon,71331,Dry Bowser,Wild Wiggler,Paper Glider,Azure Roller
エル,108511,Waluigi,Biddybuggy,Paper Glider,Azure Roller
なすの,123761,Dry Bowser,Splat Buggy,Waddle Wing,Slim
4laps2win,71271,Heavy Mii Crossing,Teddy Buggy,Waddle Wing,Azure Roller
エル,108535,Waluigi,Biddybuggy,Paper Glider,Azure Roller
ふゆいろ,108516,Waluigi,Biddybuggy,Paper Glider,Azure Roller
エル,108486,Waluigi,Biddybuggy,Paper Glider,Azure Roller
エル,108449,Waluigi,Biddybuggy,Paper Glider,Azure Roller
alpha,77294,Baby Daisy,Biddybuggy,Cloud Glider,Roller
Alberto,107370,Baby Peach,Biddybuggy,Paper Glider,Azure Roller
Alberto,106945,Baby Peach,Biddybuggy,Paper Glider,Azure Roller
Alberto,107162,Baby Peach,Biddybuggy,Paper Glider,Azure Roller
そうめん,74094,Waluigi,Biddybuggy,Paper Glider,Roller
そうめん,74074,Waluigi,Biddybuggy,Paper Glider,Roller
そうめん,74077,Waluigi,Biddybuggy,Paper Glider,Roller
Alberto,107141,Baby Peach,Biddybuggy,Paper Glider,Azure Roller
Alberto,107134,Baby Peach,Biddybuggy,Paper Glider,Azure Roller
Lation,108361,Baby Daisy,Biddybuggy,Paper Glider,Roller
Lation,108301,Baby Daisy,Biddybuggy,Paper Glider,Roller
Alberto,107097,Baby Peach,Biddybuggy,Paper Glider,Azure Roller
StervtL,74076,Waluigi,Biddybuggy,Paper Glider,Azure Roller
StervtL,74054,Waluigi,Biddybuggy,Paper Glider,Azure Roller
アーモンド,60833,Dry Bowser,Mach 8,Cloud Glider,Leaf Tires
StervtL,74056,Waluigi,Biddybuggy,Paper Glider,Azure Roller
Doodle,74460,Waluigi,Streetle,Cloud Glider,Azure Roller
そうめん,73991,Waluigi,Biddybuggy,Paper Glider,Roller
Alberto,77359,Waluigi,Biddybuggy,Paper Glider,Leaf Tires
Thimo,62370,Waluigi,Mr. Scooty,Paper Glider,Leaf Tires
Panda,77287,Yellow Yoshi,Biddybuggy,Cloud Glider,Azure Roller
StervtL,73952,Waluigi,Biddybuggy,Paper Glider,Azure Roller
StervtL,73932,Waluigi,Biddybuggy,Paper Glider,Azure Roller
ざるすけ,81146,Heavy Mii Bowser,Mach 8,Flower Glider,Wood
Matt,81588,Wario,Biddybuggy,Cloud Glider,Leaf Tires
アーモンド,60816,Dry Bowser,Mach 8,Cloud Glider,Leaf Tires
Army,77986,Roy,Biddybuggy,Paper Glider,Azure Roller
StervtL,73913,Waluigi,Biddybuggy,Paper Glider,Azure Roller
そうめん,73820,Waluigi,Biddybuggy,Paper Glider,Roller
Army,77856,Roy,Biddybuggy,Paper Glider,Azure Roller
Alberto,84043,Waluigi,W 25 Silver Arrow,Super Glider,Azure Roller
StervtL,77641,Wario,Wild Wiggler,Paper Glider,Azure Roller
StervtL,77597,Wario,Wild Wiggler,Paper Glider,Azure Roller
Army,106924,Baby Peach,Biddybuggy,Paper Glider,Azure Roller
Alberto,106886,Baby Peach,Biddybuggy,Parachute,Azure Roller
Army,106927,Baby Peach,Biddybuggy,Paper Glider,Azure Roller
Jimmy,83321,Roy,Streetle,Cloud Glider,Azure Roller
ありす,104249,Roy,Biddybuggy,Paper Glider,Roller
アーモンド,60750,Dry Bowser,Mach 8,Cloud Glider,Leaf Tires
Alberto,109264,Baby Peach,Biddybuggy,Paper Glider,Azure Roller
Alberto,109195,Baby Peach,Biddybuggy,Paper Glider,Azure Roller
Alberto,109161,Baby Peach,Biddybuggy,Paper Glider,Azure Roller
クロト,85352,Waluigi,Biddybuggy,Paper Glider,Azure Roller
Matt,81581,Wario,Biddybuggy,Cloud Glider,Button
Rhys,82553,Wario,Yoshi Bike,Paper Glider,Button
Alberto,83238,Roy,Streetle,Paper Glider,Azure Roller
Alberto,83317,Waluigi,Streetle,Paper Glider,Azure Roller
Zakaria,85348,Wario,Sport Bike,Plane Glider,Slim
ありす,104203,Roy,Biddybuggy,Paper Glider,Roller
Zakaria,85317,Wario,Sport Bike,Plane Glider,Slim
Army,77735,Roy,Biddybuggy,Paper Glider,Azure Roller
Army,77836,Roy,Biddybuggy,Paper Glider,Azure Roller
とれいん。,116991,Roy,Biddybuggy,Paper Glider,Azure Roller
Matt,81566,Wario,Biddybuggy,Cloud Glider,Button
Matt,81543,Wario,Biddybuggy,Cloud Glider,Button
Matt,81560,Wario,Biddybuggy,Cloud Glider,Button
Matt,81519,Wario,Biddybuggy,Cloud Glider,Button
Matt,81515,Wario,Biddybuggy,Cloud Glider,Button
クローリン,84616,Waluigi,Biddybuggy,Cloud Glider,Leaf Tires
Jimmy,83209,Roy,Streetle,Cloud Glider,Azure Roller
そうめん,77574,Wario,Wild Wiggler,Paper Glider,Roller
Alberto,89711,Wario,Wild Wiggler,Paper Glider,Azure Roller
Alberto,89686,Dry Bowser,Wild Wiggler,Paper Glider,Azure Roller
vxlocity,120948,Heavy Mii PAC-MAN,Wild Wiggler,Paper Glider,Roller
vxlocity,120890,Heavy Mii Peach,Wild Wiggler,Paper Glider,Azure Roller
Alberto,89694,Dry Bowser,Wild Wiggler,Paper Glider,Azure Roller
Alberto,89579,Dry Bowser,Wild Wiggler,Paper Glider,Azure Roller
Alberto,89539,Dry Bowser,Wild Wiggler,Paper Glider,Azure Roller
Army,109158,Baby Daisy,Biddybuggy,Paper Glider,Azure Roller
おまえモナー,117014,Waluigi,Biddybuggy,Paper Glider,Azure Roller
alpha,77106,Baby Daisy,Biddybuggy,Cloud Glider,Roller
alpha,76841,Baby Daisy,Biddybuggy,Cloud Glider,Roller
Alberto,89504,Waluigi,Wild Wiggler,Paper Glider,Azure Roller
Army,108918,Baby Daisy,Biddybuggy,Paper Glider,Azure Roller
Army,109047,Baby Daisy,Biddybuggy,Paper Glider,Azure Roller
Jimmy,83159,Roy,Streetle,Cloud Glider,Azure Roller
Matt,81504,Wario,Biddybuggy,Cloud Glider,Button
Alberto,89515,Waluigi,Wild Wiggler,Paper Glider,Azure Roller
alpha,45851,Baby Daisy,Mr. Scooty,Cloud Glider,Roller
alpha,45681,Baby Daisy,Mr. Scooty,Cloud Glider,Roller
Alberto,108903,Baby Peach,Biddybuggy,Paper Glider,Azure Roller
Jimmy,83087,Roy,Streetle,Cloud Glider,Azure Roller
Doodle,85267,Donkey Kong,Biddybuggy,Cloud Glider,Azure Roller
Sebas,106408,Roy,Biddybuggy,Cloud Glider,Leaf Tires
Aarón,104137,Waluigi,Biddybuggy,Paper Glider,Azure Roller
Kevin,56807,Heavy Mii Luigi,Mach 8,Parachute,Leaf Tires
K4I,106406,Roy,Biddybuggy,Paper Glider,Leaf Tires
Matt,73254,Waluigi,W 25 Silver Arrow,Cloud Glider,Button
Matt,73250,Waluigi,W 25 Silver Arrow,Cloud Glider,Button
おまえモナー,108352,Waluigi,Biddybuggy,Paper Glider,Leaf Tires
おまえモナー,108248,Waluigi,Biddybuggy,Paper Glider,Leaf Tires
SuperFX,87092,Roy,W 25 Silver Arrow,Cloud Glider,Leaf Tires
Tane,56779,Heavy Mii Mario,Mach 8,Gold Glider,Leaf Tires
SuperFX,86987,Roy,W 25 Silver Arrow,Cloud Glider,Leaf Tires
そうめん,116838,Waluigi,Biddybuggy,Paper Glider,Roller
とれいん。,116937,Roy,Biddybuggy,Paper Glider,Azure Roller
Matt,73208,Waluigi,W 25 Silver Arrow,Cloud Glider,Button
frog,74404,Waluigi,Streetle,Paper Glider,Azure Roller
CreepGanon,71249,Heavy Mii,Wild Wiggler,Paper Glider,Azure Roller
Alberto,115635,Baby Peach,Biddybuggy,Paper Glider,Azure Roller
Alberto,115580,Baby Peach,Biddybuggy,Paper Glider,Azure Roller
Alberto,115616,Baby Peach,Biddybuggy,Paper Glider,Azure Roller
Alberto,115567,Baby Peach,Biddybuggy,Paper Glider,Azure Roller
Alberto,115487,Baby Peach,Biddybuggy,Paper Glider,Azure Roller
Alberto,111557,Waluigi,Mr. Scooty,Paper Glider,Azure Roller
Axel,115428,Baby Daisy,Biddybuggy,Paper Glider,Azure Roller
Axel,115455,Baby Daisy,Biddybuggy,Paper Glider,Azure Roller
Axel,115397,Baby Daisy,Biddybuggy,Paper Glider,Azure Roller
Sebas,106375,Roy,Biddybuggy,Cloud Glider,Leaf Tires
Sebas,106391,Roy,Biddybuggy,Cloud Glider,Leaf Tires
Rhys,82523,Wario,Yoshi Bike,Paper Glider,Button
Paco,86743,Waluigi,Biddybuggy,Cloud Glider,Azure Roller
Paco,86769,Waluigi,Biddybuggy,Cloud Glider,Azure Roller
そうめん,100803,Baby Daisy,Biddybuggy,Paper Glider,Roller
Pii,86639,Roy,W 25 Silver Arrow,Cloud Glider,Leaf Tires
Alberto,111467,Waluigi,Mr. Scooty,Paper Glider,Azure Roller
Alberto,82647,Wario,Biddybuggy,Paper Glider,Azure Roller
Alberto,89460,Waluigi,Wild Wiggler,Paper Glider,Azure Roller
Alberto,82609,Dry Bowser,Biddybuggy,Paper Glider,Azure Roller
Jimmy,82617,Dry Bowser,Biddybuggy,Cloud Glider,Azure Roller
Alberto,82541,Dry Bowser,Biddybuggy,Paper Glider,Azure Roller
Alberto,82482,Wario,Biddybuggy,Paper Glider,Azure Roller
Alberto,82383,Wario,Biddybuggy,Paper Glider,Azure Roller
Alberto,86740,Waluigi,Biddybuggy,Paper Glider,Azure Roller
Alberto,86709,Waluigi,Biddybuggy,Paper Glider,Azure Roller
Alberto,86682,Waluigi,Biddybuggy,Cloud Glider,Azure Roller
Tane,86947,Dry Bowser,Blue Falcon,Gold Glider,Crimson Slim
Tane,83796,Roy,Cat Cruiser,Cloud Glider,Azure Roller
そうめん,83534,Waluigi,Cat Cruiser,Paper Glider,Roller
Yui Funami,120336,Roy,Biddybuggy,Paper Glider,Azure Roller
Army,86853,Wario,Blue Falcon,Gold Glider,Crimson Slim
Army,86660,Wario,Blue Falcon,Gold Glider,Crimson Slim
Tane,83775,Roy,Cat Cruiser,Cloud Glider,Azure Roller
ざるすけ,81143,Heavy Mii Bowser,Mach 8,Flower Glider,Wood
Tane,83636,Roy,Cat Cruiser,Cloud Glider,Azure Roller
Yui Funami,120238,Roy,Biddybuggy,Paper Glider,Azure Roller
Tane,83498,Roy,Cat Cruiser,Cloud Glider,Azure Roller
なすの,116795,Waluigi,Mr. Scooty,Cloud Glider,Azure Roller
Jimmy,82298,Dry Bowser,Biddybuggy,Cloud Glider,Azure Roller
Panda,80965,Champion Link,Biddybuggy,Paper Glider,Azure Roller
Army,98625,Baby Daisy,Biddybuggy,Paper Glider,Azure Roller
Army,98468,Baby Daisy,Biddybuggy,Paper Glider,Azure Roller
Army,98448,Baby Daisy,Biddybuggy,Paper Glider,Azure Roller
Tane,83457,Roy,Cat Cruiser,Cloud Glider,Azure Roller
るるりっく,85267,Roy,Biddybuggy,Cloud Glider,Roller
Yui Funami,120196,Roy,Biddybuggy,Cloud Glider,Azure Roller
Alberto,120178,Baby Peach,Biddybuggy,Paper Glider,Azure Roller
るるりっく,85197,Roy,Biddybuggy,Cloud Glider,Roller
Alberto,120142,Baby Peach,Biddybuggy,Paper Glider,Azure Roller
Tane,83427,Roy,Cat Cruiser,Cloud Glider,Azure Roller
るるりっく,85230,Roy,Biddybuggy,Cloud Glider,Roller
Alberto,120148,Baby Peach,Biddybuggy,Paper Glider,Azure Roller
Alberto,120111,Baby Peach,Biddybuggy,Paper Glider,Azure Roller
Nick,101331,Baby Rosalina,Biddybuggy,Cloud Glider,Azure Roller
Lemon,119952,Roy,Biddybuggy,Paper Glider,Roller
クローリン,111452,Waluigi,Mr. Scooty,Paper Glider,Azure Roller
Jimmy,82277,Dry Bowser,Biddybuggy,Cloud Glider,Azure Roller
Army,80888,Champion Link,Biddybuggy,Paper Glider,Azure Roller
Army,80806,Champion Link,Biddybuggy,Paper Glider,Azure Roller
めいず,120223,Waluigi,Biddybuggy,Paper Glider,Azure Roller
Royal,119267,Baby Daisy,Biddybuggy,Paper Glider,Roller
クローリン,111324,Waluigi,Mr. Scooty,Paper Glider,Azure Roller
そうめん,83306,Waluigi,Cat Cruiser,Paper Glider,Roller
Jimmy,82197,Dry Bowser,Biddybuggy,Cloud Glider,Azure Roller
Alberto,62661,Waluigi,Biddybuggy,Paper Glider,Azure Roller
クローリン,111261,Waluigi,Mr. Scooty,Paper Glider,Azure Roller
ths,101292,Baby Peach,Biddybuggy,Cloud Glider,Roller
Army,106176,Waluigi,Biddybuggy,Paper Glider,Leaf Tires
クローリン,111256,Waluigi,Mr. Scooty,Paper Glider,Azure Roller
クローリン,111227,Waluigi,Mr. Scooty,Paper Glider,Azure Roller
クローリン,111214,Waluigi,Mr. Scooty,Paper Glider,Azure Roller
K4I,106303,Waluigi,Biddybuggy,Cloud Glider,Leaf Tires
るるりっく,111166,Donkey Kong,Mr. Scooty,Cloud Glider,Roller
K4I,106289,Waluigi,Biddybuggy,Paper Glider,Leaf Tires
K4I,106219,Waluigi,Biddybuggy,Paper Glider,Leaf Tires
K4I,106191,Waluigi,Biddybuggy,Paper Glider,Leaf Tires
Nick,101275,Baby Rosalina,Biddybuggy,Cloud Glider,Azure Roller
Tane,85979,Dry Bowser,Sports Coupe,Gold Glider,Crimson Slim
Army,106163,Waluigi,Biddybuggy,Paper Glider,Leaf Tires
Lation,108262,Baby Daisy,Biddybuggy,Paper Glider,Roller
クローリン,111156,Roy,Mr. Scooty,Cloud Glider,Azure Roller
なと,120198,Donkey Kong,Biddybuggy,Paper Glider,Roller
Alberto,119236,Baby Rosalina,Biddybuggy,Paper Glider,Azure Roller
Lemon,98448,Baby Daisy,Biddybuggy,Paper Glider,Roller
StervtL,77557,Wario,Wild Wiggler,Paper Glider,Azure Roller
Paco,86660,Waluigi,Biddybuggy,Cloud Glider,Roller
Alberto,119226,Lemmy,Biddybuggy,Parachute,Azure Roller
Alberto,119181,Lemmy,Biddybuggy,Parachute,Azure Roller
Alberto,119126,Baby Rosalina,Biddybuggy,Cloud Glider,Azure Roller
そうめん,101266,Baby Rosalina,Mr. Scooty,Paper Glider,Roller
Lemon,120152,Roy,Biddybuggy,Paper Glider,Roller
K4I,123739,Waluigi,Mr. Scooty,Cloud Glider,Azure Roller
そうめん,101113,Baby Rosalina,Mr. Scooty,Paper Glider,Roller
Jimmy,85931,Dry Bowser,Sports Coupe,Gold Glider,Crimson Slim
Army,108584,Baby Daisy,Biddybuggy,Paper Glider,Azure Roller
Alberto,119167,Roy,Biddybuggy,Paper Glider,Azure Roller
Alberto,119145,Waluigi,Biddybuggy,Paper Glider,Azure Roller
Alberto,119160,Donkey Kong,Biddybuggy,Paper Glider,Azure Roller
Alberto,119131,Waluigi,Biddybuggy,Paper Glider,Azure Roller
Army,108551,Baby Daisy,Biddybuggy,Paper Glider,Azure Roller
Army,108287,Baby Daisy,Biddybuggy,Paper Glider,Azure Roller
Jimmy,85906,Dry Bowser,Sports Coupe,Gold Glider,Crimson Slim
Hande,114859,Roy,Biddybuggy,Paper Glider,Azure Roller
StervtL,102983,Roy,Biddybuggy,Paper Glider,Azure Roller
Thimo,72193,Wario,Sport Bike,Gold Glider,Gold Tires
Pii,86929,Roy,W 25 Silver Arrow,Cloud Glider,Leaf Tires
Lemon,120146,Roy,Biddybuggy,Paper Glider,Roller
StervtL,102933,Roy,Biddybuggy,Paper Glider,Azure Roller
Jimmy,85903,Dry Bowser,Sports Coupe,Gold Glider,Crimson Slim
いたくら,114813,Roy,Biddybuggy,Paper Glider,Roller
StervtL,102900,Roy,Biddybuggy,Paper Glider,Azure Roller
Jimmy,85849,Dry Bowser,Sports Coupe,Gold Glider,Crimson Slim
StervtL,102883,Roy,Biddybuggy,Paper Glider,Azure Roller
StervtL,102850,Roy,Biddybuggy,Paper Glider,Azure Roller
Panda,80474,Champion Link,Biddybuggy,Paper Glider,Azure Roller
おまえモナー,122634,Wario,Sports Coupe,Paper Glider,Azure Roller
StervtL,102783,Roy,Biddybuggy,Paper Glider,Azure Roller
Aketx,84592,Waluigi,Biddybuggy,Paper Glider,Leaf Tires
StervtL,77555,Wario,Wild Wiggler,Paper Glider,Azure Roller
Army,85845,Wario,Mach 8,Gold Glider,Crimson Slim
そうめん,77541,Wario,Wild Wiggler,Paper Glider,Roller
StervtL,77537,Wario,Wild Wiggler,Paper Glider,Azure Roller
noah,89417,Waluigi,Wild Wiggler,Paper Glider,Roller
noah,89459,Waluigi,Wild Wiggler,Paper Glider,Roller
おまえモナー,122636,Wario,Sports Coupe,Paper Glider,Azure Roller
おまえモナー,122627,Wario,Sports Coupe,Paper Glider,Azure Roller
StervtL,77536,Wario,Wild Wiggler,Paper Glider,Azure Roller
Jimmy,85838,Dry Bowser,Sports Coupe,Gold Glider,Crimson Slim
StervtL,77501,Wario,Wild Wiggler,Paper Glider,Azure Roller
SuperFX,86898,Roy,W 25 Silver Arrow,Cloud Glider,Leaf Tires
Alberto,89388,Waluigi,Wild Wiggler,Paper Glider,Azure Roller
Army,85838,Wario,Mach 8,Gold Glider,Crimson Slim
Army,85824,Wario,Mach 8,Gold Glider,Crimson Slim
Army,85817,Wario,Mach 8,Gold Glider,Crimson Slim
Army,85794,Wario,Mach 8,Gold Glider,Crimson Slim
Pii,86802,Roy,W 25 Silver Arrow,Cloud Glider,Leaf Tires
Alberto,89354,Roy,Wild Wiggler,Cloud Glider,Azure Roller
Alberto,89348,Donkey Kong,Wild Wiggler,Cloud Glider,Roller
Alberto,89344,Donkey Kong,Wild Wiggler,Cloud Glider,Roller
ざるすけ,81058,Dry Bowser,Mach 8,Flower Glider,Wood
Alberto,89317,Roy,Wild Wiggler,Paper Glider,Azure Roller
Alberto,89261,Waluigi,Wild Wiggler,Paper Glider,Azure Roller
StervtL,77481,Wario,Wild Wiggler,Paper Glider,Azure Roller
Jimmy,85731,Dry Bowser,Sports Coupe,Gold Glider,Crimson Slim
StervtL,77499,Wario,Wild Wiggler,Paper Glider,Azure Roller
StervtL,77463,Wario,Wild Wiggler,Paper Glider,Azure Roller
StervtL,77456,Wario,Wild Wiggler,Paper Glider,Azure Roller
Jimmy,85589,Dry Bowser,Sports Coupe,Gold Glider,Crimson Slim
Alberto,77451,Rosalina,Streetle,Cloud Glider,Azure Roller
そうめん,116814,Waluigi,Biddybuggy,Paper Glider,Roller
エル,119078,Waluigi,Biddybuggy,Paper Glider,Azure Roller
alpha,45652,Baby Daisy,Mr. Scooty,Cloud Glider,Roller
Army,77028,Baby Daisy,Biddybuggy,Paper Glider,Leaf Tires
Army,77134,Baby Daisy,Biddybuggy,Paper Glider,Leaf Tires
Jimmy,85527,Dry Bowser,Sports Coupe,Gold Glider,Crimson Slim
SuperFX,86644,Roy,W 25 Silver Arrow,Cloud Glider,Leaf Tires
Doodle,74317,Waluigi,Streetle,Cloud Glider,Azure Roller
Panda,78277,Champion Link,Landship,Paper Glider,Azure Roller
Alberto,108195,Baby Peach,Biddybuggy,Paper Glider,Azure Roller
Panda,78116,Champion Link,Landship,Paper Glider,Azure Roller
ふゆいろ,115723,Champion Link,Streetle,Paper Glider,Azure Roller
Brandon,78272,King Boo,Landship,Paper Glider,Roller
kaimin,122623,Wario,Sports Coupe,Paper Glider,Roller
おまえモナー,122606,Heavy Mii,Sports Coupe,Paper Glider,Azure Roller
おまえモナー,122617,Heavy Mii,Sports Coupe,Paper Glider,Roller
Panda,78017,Champion Link,Landship,Paper Glider,Azure Roller
Alberto,114732,Baby Daisy,Biddybuggy,Paper Glider,Roller
noah,89190,Waluigi,Wild Wiggler,Paper Glider,Roller
Panda,78089,Champion Link,Landship,Paper Glider,Azure Roller
Paco,86629,Waluigi,Biddybuggy,Cloud Glider,Roller
Grant,83971,Roy,Mach 8,Cloud Glider,Leaf Tires
Panda,77928,Champion Link,Landship,Paper Glider,Azure Roller
Alberto,114857,Baby Peach,Biddybuggy,Paper Glider,Azure Roller
SuperFX,83944,Roy,Mach 8,Cloud Glider,Leaf Tires
Rhys,82509,Wario,Yoshi Bike,Paper Glider,Button
Alberto,114825,Baby Daisy,Biddybuggy,Paper Glider,Azure Roller
kaimin,122560,Wario,Sports Coupe,Paper Glider,Roller
おまえモナー,122220,Dry Bowser,Sports Coupe,Paper Glider,Azure Roller
おまえモナー,122554,Bowser,Sports Coupe,Paper Glider,Azure Roller
クローリン,84540,Waluigi,Biddybuggy,Paper Glider,Leaf Tires
Alberto,108807,Waluigi,Streetle,Paper Glider,Azure Roller
Alberto,108790,Roy,Streetle,Paper Glider,Azure Roller
noah,89153,Waluigi,Wild Wiggler,Paper Glider,Roller
StervtL,73784,Waluigi,Biddybuggy,Paper Glider,Azure Roller
Grant,83970,Wario,Mach 8,Cloud Glider,Leaf Tires
Jimmy,85518,Dry Bowser,Mach 8,Gold Glider,Crimson Slim
SuperFX,83939,Roy,Mach 8,Cloud Glider,Leaf Tires
Alberto,106719,Baby Peach,Biddybuggy,Paper Glider,Azure Roller
Alberto,106674,Baby Peach,Biddybuggy,Paper Glider,Azure Roller
おまえモナー,122183,Wario,Sports Coupe,Paper Glider,Azure Roller
Alberto,108789,Waluigi,Streetle,Paper Glider,Azure Roller
Alberto,108752,Waluigi,Streetle,Paper Glider,Azure Roller
Alberto,108745,Donkey Kong,Streetle,Paper Glider,Azure Roller
FalcoX,84498,Waluigi,Biddybuggy,Paper Glider,Leaf Tires
Alberto,108645,Roy,Streetle,Paper Glider,Azure Roller
SuperFX,83877,Roy,Mach 8,Cloud Glider,Leaf Tires
Alberto,106642,Baby Peach,Biddybuggy,Paper Glider,Azure Roller
クローリン,84414,Waluigi,Biddybuggy,Paper Glider,Leaf Tires
ありす,104136,Roy,Biddybuggy,Paper Glider,Azure Roller
おまえモナー,122036,Wario,Sports Coupe,Cloud Glider,Roller
Alberto,114637,Baby Peach,Biddybuggy,Paper Glider,Azure Roller
Jimmy,85495,Dry Bowser,Mach 8,Gold Glider,Crimson Slim
Army,114501,Baby Daisy,Biddybuggy,Paper Glider,Azure Roller
Alberto,114391,Baby Peach,Biddybuggy,Flower Glider,Azure Roller
おまえモナー,122118,Wario,Sports Coupe,Paper Glider,Azure Roller
Alberto,108576,Roy,Streetle,Flower Glider,Azure Roller
Alberto,103350,Waluigi,Biddybuggy,Paper Glider,Azure Roller
Alberto,84393,Roy,Biddybuggy,Paper Glider,Leaf Tires
Alberto,73868,Roy,Pipe Frame,Gold Glider,Azure Roller
Axel,103303,Roy,Biddybuggy,Paper Glider,Roller
Alberto,73901,Waluigi,Pipe Frame,Wario Wing,Azure Roller
Axel,103255,Roy,Biddybuggy,Paper Glider,Roller
おまえモナー,122033,Wario,Sports Coupe,Gold Glider,Azure Roller
おまえモナー,121991,Wario,Sports Coupe,Flower Glider,Azure Roller
alpha,62352,Waluigi,Mr. Scooty,Cloud Glider,Leaf Tires
Jimmy L,77346,Waluigi,Biddybuggy,Flower Glider,Leaf Tires
Jimmy L,77358,Waluigi,Biddybuggy,Flower Glider,Leaf Tires
Alberto,123619,Waluigi,Mr. Scooty,Parachute,Azure Roller
StervtL,121965,Wario,Sports Coupe,Paper Glider,Azure Roller
K4I,123593,Waluigi,Mr. Scooty,Paper Glider,Azure Roller
Alberto,77282,Waluigi,Biddybuggy,Paper Glider,Leaf Tires
Alberto,77160,Waluigi,Biddybuggy,Paper Glider,Leaf Tires
Army,114205,Baby Daisy,Biddybuggy,Flower Glider,Azure Roller
エル,108400,Waluigi,Biddybuggy,Paper Glider,Roller
Alberto,77084,Waluigi,Biddybuggy,Paper Glider,Leaf Tires
Matt,81481,Wario,Biddybuggy,Cloud Glider,Button
Panda,80414,Link,Biddybuggy,Paper Glider,Azure Roller
Panda,80336,Link,Biddybuggy,Paper Glider,Azure Roller
Alberto,88628,Waluigi,Wild Wiggler,Paper Glider,Azure Roller
Army,103198,Baby Daisy,Biddybuggy,Cloud Glider,Azure Roller
Army,103143,Baby Daisy,Biddybuggy,Flower Glider,Azure Roller
Aarón,104136,Waluigi,Biddybuggy,Paper Glider,Azure Roller
エル,108367,Waluigi,Biddybuggy,Paper Glider,Roller
るるりっく,85173,Roy,Biddybuggy,Parachute,Roller
StervtL,116796,Roy,Biddybuggy,Paper Glider,Azure Roller
alpha,62238,Waluigi,Mr. Scooty,Cloud Glider,Leaf Tires
エル,108342,Waluigi,Biddybuggy,Paper Glider,Roller
エル,108355,Waluigi,Biddybuggy,Paper Glider,Roller
クローリン,84364,Waluigi,Biddybuggy,Paper Glider,Leaf Tires
ゆて,120080,Roy,Biddybuggy,Cloud Glider,Azure Roller
Alberto,120037,Baby Peach,Biddybuggy,Paper Glider,Azure Roller
Alberto,119996,Baby Peach,Biddybuggy,Paper Glider,Azure Roller
Panda,80303,Champion Link,Biddybuggy,Paper Glider,Azure Roller
StervtL,116766,Roy,Biddybuggy,Paper Glider,Azure Roller
StervtL,116757,Roy,Biddybuggy,Paper Glider,Azure Roller
Panda,80297,Champion Link,Biddybuggy,Paper Glider,Azure Roller
Army,119971,Baby Daisy,Biddybuggy,Paper Glider,Roller
StervtL,116737,Roy,Biddybuggy,Paper Glider,Azure Roller
ありす,104051,Roy,Biddybuggy,Paper Glider,Roller
StervtL,116731,Roy,Biddybuggy,Paper Glider,Azure Roller
StervtL,116681,Roy,Biddybuggy,Paper Glider,Azure Roller
StervtL,116691,Roy,Biddybuggy,Paper Glider,Azure Roller
Alberto,119939,Baby Daisy,Biddybuggy,Paper Glider,Azure Roller
Alberto,103672,Baby Peach,Biddybuggy,Paper Glider,Azure Roller
Alberto,103599,Baby Peach,Biddybuggy,Paper Glider,Azure Roller
Alberto,103605,Baby Peach,Biddybuggy,Paper Glider,Azure Roller
Alberto,103588,Baby Peach,Biddybuggy,Paper Glider,Azure Roller
Lemon,101155,Baby Rosalina,Biddybuggy,Paper Glider,Roller
Panda,88409,Donkey Kong,Biddybuggy,Flower Glider,Azure Roller
Alberto,103525,Baby Peach,Biddybuggy,Paper Glider,Azure Roller
Panda,80219,Champion Link,Biddybuggy,Paper Glider,Azure Roller
Panda,80194,Champion Link,Biddybuggy,Paper Glider,Azure Roller
Tane,56778,Dry Bowser,Mach 8,Cloud Glider,Leaf Tires
Tane,56732,Dry Bowser,Mach 8,Cloud Glider,Leaf Tires
Tane,56772,Dry Bowser,Mach 8,Cloud Glider,Leaf Tires
Tane,56737,Dry Bowser,Mach 8,Cloud Glider,Leaf Tires
そうめん,116671,Waluigi,Biddybuggy,Paper Glider,Roller
StervtL,116596,Roy,Biddybuggy,Paper Glider,Azure Roller
わみ,109689,Baby Rosalina,Biddybuggy,Paper Glider,Roller
SuperFX,80754,Roy,Mr. Scooty,Cloud Glider,Roller
ありす,104025,Roy,Biddybuggy,Paper Glider,Azure Roller
Rhys,82502,Wario,Yoshi Bike,Paper Glider,Button
SuperFX,80667,Roy,Mr. Scooty,Cloud Glider,Roller
Panda,80113,Champion Link,Biddybuggy,Paper Glider,Azure Roller
ありす,104016,Roy,Biddybuggy,Parachute,Azure Roller
Alberto,56711,Dry Bowser,Mach 8,Paper Glider,Leaf Tires
Army,119911,Baby Daisy,Biddybuggy,Paper Glider,Azure Roller
StervtL,116507,Roy,Biddybuggy,Paper Glider,Azure Roller
Army,119826,Baby Daisy,Biddybuggy,Paper Glider,Azure Roller
Tane,56704,Dry Bowser,Mach 8,Cloud Glider,Leaf Tires
Panda,80013,Champion Link,Biddybuggy,Paper Glider,Azure Roller
Tane,56691,Dry Bowser,Mach 8,Cloud Glider,Leaf Tires
Lemon,106523,Roy,W 25 Silver Arrow,Paper Glider,Azure Roller
Lemon,106474,Roy,W 25 Silver Arrow,Paper Glider,Azure Roller
Lemon,106518,Roy,W 25 Silver Arrow,Paper Glider,Azure Roller
Peze,100965,Baby Rosalina,Biddybuggy,Paper Glider,Azure Roller
Anthony,71506,Roy,Biddybuggy,Paper Glider,Roller
Lemon,106457,Roy,W 25 Silver Arrow,Paper Glider,Azure Roller
るるりっく,85055,Roy,Biddybuggy,Parachute,Roller
Lemon,106391,Roy,W 25 Silver Arrow,Paper Glider,Azure Roller
alpha,62657,Roy,Biddybuggy,Parachute,Azure Roller
そうめん,98351,Baby Daisy,Biddybuggy,Paper Glider,Roller
そうめん,98244,Baby Daisy,Biddybuggy,Paper Glider,Roller
Vincent,80508,Dry Bowser,Mach 8,Paper Glider,Leaf Tires
Paco,86613,Waluigi,Biddybuggy,Cloud Glider,Roller
Vincent,80502,Dry Bowser,Mach 8,Paper Glider,Leaf Tires
ぴっくー,88394,Donkey Kong,Biddybuggy,Paper Glider,Azure Roller
Vincent,80465,Dry Bowser,Mach 8,Paper Glider,Leaf Tires
クローリン,111131,Waluigi,Mr. Scooty,Paper Glider,Azure Roller
Paco,86570,Waluigi,Biddybuggy,Cloud Glider,Roller
Dragnir,103381,Baby Peach,Biddybuggy,Cloud Glider,Roller
Panda,88390,Donkey Kong,Biddybuggy,Paper Glider,Azure Roller
Panda,88341,Donkey Kong,Biddybuggy,Paper Glider,Azure Roller
Army,98176,Baby Daisy,Biddybuggy,Paper Glider,Azure Roller
Army,98137,Baby Daisy,Biddybuggy,Paper Glider,Azure Roller
るるりっく,123589,Waluigi,Mr. Scooty,Parachute,Roller
alpha,45602,Baby Daisy,Mr. Scooty,Cloud Glider,Roller
るるりっく,123530,Waluigi,Mr. Scooty,Cloud Glider,Roller
Army,98040,Baby Daisy,Biddybuggy,Paper Glider,Azure Roller
K4I,123408,Waluigi,Mr. Scooty,Paper Glider,Azure Roller
noah,98094,Baby Daisy,Biddybuggy,Cloud Glider,Roller
Alberto,98027,Baby Peach,Biddybuggy,Paper Glider,Azure Roller
Alberto,97989,Baby Peach,Biddybuggy,Paper Glider,Azure Roller
Army,97881,Baby Daisy,Biddybuggy,Paper Glider,Azure Roller
Army,97880,Baby Daisy,Biddybuggy,Paper Glider,Azure Roller
クローリン,111082,Roy,Mr. Scooty,Paper Glider,Azure Roller
クローリン,111059,Roy,Mr. Scooty,Paper Glider,Azure Roller
Ronny,60750,Dry Bowser,Mach 8,Paper Glider,Leaf Tires
3-UP,71503,Roy,Yoshi Bike,Flower Glider,Roller
Ronny,60733,Dry Bowser,Mach 8,Cloud Glider,Leaf Tires
Alberto,86726,Waluigi,Wild Wiggler,Paper Glider,Leaf Tires
Army,86475,Waluigi,Wild Wiggler,Paper Glider,Leaf Tires
Alberto,86626,Waluigi,Wild Wiggler,Paper Glider,Leaf Tires
Alberto,86615,Waluigi,Wild Wiggler,Paper Glider,Leaf Tires
SuperFX,104502,Baby Daisy,Biddybuggy,Cloud Glider,Roller
Army,86583,Waluigi,Wild Wiggler,Paper Glider,Leaf Tires
Paco,86566,Waluigi,Biddybuggy,Cloud Glider,Roller
パンプ,121964,Wario,Sports Coupe,Paper Glider,Roller
Etena,106135,Waluigi,Biddybuggy,Paper Glider,Leaf Tires
ありす,103992,Roy,Biddybuggy,Paper Glider,Roller
SuperFX,104301,Baby Daisy,Biddybuggy,Cloud Glider,Roller
るるりっく,83883,Heavy Mii Crossing,Mach 8,Paper Glider,Leaf Tires
るるりっく,83866,Heavy Mii Crossing,Mach 8,Paper Glider,Leaf Tires
Tane,93125,White Yoshi,Biddybuggy,Cloud Glider,Azure Roller
るるりっく,83850,Heavy Mii Crossing,Mach 8,Paper Glider,Leaf Tires
kaimin,121942,Wario,Sports Coupe,Paper Glider,Roller
こんこん,106372,Roy,Biddybuggy,Paper Glider,Azure Roller
クローリン,120890,Heavy Mii Splatoon,Wild Wiggler,Paper Glider,Azure Roller
Lemon,106370,Roy,W 25 Silver Arrow,Paper Glider,Azure Roller
Pii,80998,Heavy Mii Cpt Falcon,Mach 8,Paper Glider,Wood
Army,86453,Waluigi,Wild Wiggler,Paper Glider,Leaf Tires
Army,86434,Waluigi,Wild Wiggler,Paper Glider,Leaf Tires
Landros,106359,Waluigi,Biddybuggy,Paper Glider,Azure Roller
Army,86379,Waluigi,Wild Wiggler,Paper Glider,Leaf Tires
kaimin,121936,Wario,Sports Coupe,Paper Glider,Roller
ヨシ,106281,Roy,Biddybuggy,Cloud Glider,Roller
ヨシ,106272,Roy,Biddybuggy,Cloud Glider,Roller
Lemon,106268,Roy,W 25 Silver Arrow,Paper Glider,Azure Roller
クローリン,102716,Waluigi,Biddybuggy,Paper Glider,Azure Roller
なすの,120855,Heavy Mii Crossing,Wild Wiggler,Paper Glider,Azure Roller
Panda,114749,Donkey Kong,Biddybuggy,Paper Glider,Azure Roller
frog,122653,Wario,Splat Buggy,Gold Glider,Slim
いたくら,114743,Roy,Biddybuggy,Paper Glider,Roller
Etena,105850,Waluigi,Biddybuggy,Paper Glider,Leaf Tires
Hande,114593,Roy,Biddybuggy,Paper Glider,Azure Roller
Braydon,74270,Baby Peach,Biddybuggy,Parachute,Azure Roller
Hande,114718,Roy,Biddybuggy,Paper Glider,Azure Roller
Alberto,119062,Roy,Biddybuggy,Paper Glider,Azure Roller
Hande,114575,Roy,Biddybuggy,Paper Glider,Azure Roller
K4I,120755,Waluigi,Wild Wiggler,Paper Glider,Azure Roller
Hande,114513,Roy,Biddybuggy,Paper Glider,Azure Roller
StervtL,111870,Dry Bowser,Inkstriker,Gold Glider,Azure Roller
Hande,114384,Roy,Biddybuggy,Paper Glider,Azure Roller
Hikki,86370,Waluigi,Wild Wiggler,Paper Glider,Leaf Tires
Pii,75791,Waluigi,Biddybuggy,Flower Glider,Azure Roller
4laps2win,71246,Heavy Mii Hylian,Teddy Buggy,Waddle Wing,Azure Roller
4laps2win,71236,Heavy Mii Hylian,Teddy Buggy,Waddle Wing,Azure Roller
StervtL,111860,Dry Bowser,Inkstriker,Gold Glider,Azure Roller
ヨシ,106098,Waluigi,Biddybuggy,Paper Glider,Azure Roller
Army,86367,Waluigi,Wild Wiggler,Paper Glider,Leaf Tires
Army,86310,Waluigi,Wild Wiggler,Paper Glider,Leaf Tires
Hikki,86364,Waluigi,Wild Wiggler,Paper Glider,Leaf Tires
Army,86196,Waluigi,Wild Wiggler,Paper Glider,Leaf Tires
StervtL,111855,Dry Bowser,Inkstriker,Gold Glider,Azure Roller
クロト,85032,Waluigi,Biddybuggy,Paper Glider,Azure Roller
StervtL,111824,Dry Bowser,Inkstriker,Gold Glider,Azure Roller
Pii,75741,Roy,Biddybuggy,Flower Glider,Azure Roller
るるりっく,108125,Waluigi,Biddybuggy,Cloud Glider,Leaf Tires
なすの,103927,Roy,Biddybuggy,Cloud Glider,Roller
ths,115396,Baby Daisy,Biddybuggy,Paper Glider,Roller
K4I,105828,Waluigi,Biddybuggy,Paper Glider,Leaf Tires
Army,86193,Waluigi,Wild Wiggler,Paper Glider,Leaf Tires
K4I,105815,Waluigi,Biddybuggy,Paper Glider,Leaf Tires
K4I,105769,Waluigi,Biddybuggy,Paper Glider,Leaf Tires
StervtL,111838,Dry Bowser,Inkstriker,Gold Glider,Azure Roller
StervtL,111809,Dry Bowser,Inkstriker,Gold Glider,Azure Roller
StervtL,111790,Dry Bowser,Inkstriker,Gold Glider,Azure Roller
Panda,88318,Donkey Kong,Biddybuggy,Paper Glider,Azure Roller
Pii,75651,Roy,Biddybuggy,Flower Glider,Azure Roller
Tane,83085,Roy,Streetle,Cloud Glider,Azure Roller
StervtL,102700,Roy,Biddybuggy,Paper Glider,Azure Roller
StervtL,102683,Roy,Biddybuggy,Paper Glider,Azure Roller
StervtL,102583,Roy,Biddybuggy,Paper Glider,Azure Roller
Tane,83024,Roy,Streetle,Cloud Glider,Azure Roller
Tane,82910,Roy,Streetle,Cloud Glider,Azure Roller
るるりっく,84991,Roy,Biddybuggy,Parachute,Roller
Army,100892,Baby Daisy,Biddybuggy,Paper Glider,Roller
Panda,88305,Donkey Kong,Biddybuggy,Paper Glider,Azure Roller
Panda,88278,Donkey Kong,Biddybuggy,Paper Glider,Azure Roller
Aarón,103908,Waluigi,Biddybuggy,Paper Glider,Azure Roller
Army,76487,Wario,Landship,Super Glider,Azure Roller
Army,76440,Wario,Landship,Super Glider,Azure Roller
K4I,112373,King Boo,Biddybuggy,Paper Glider,Azure Roller
Aarón,103872,Waluigi,Biddybuggy,Paper Glider,Azure Roller
StervtL,121912,Wario,Sports Coupe,Paper Glider,Azure Roller
Panda,74555,Baby Peach,Biddybuggy,Paper Glider,Azure Roller
StervtL,121844,Wario,Sports Coupe,Paper Glider,Azure Roller
なすの,123336,Waluigi,Mr. Scooty,Cloud Glider,Azure Roller
るるりっく,107932,Roy,Biddybuggy,Cloud Glider,Leaf Tires
るるりっく,107994,Roy,Biddybuggy,Cloud Glider,Leaf Tires
るるりっく,107777,Roy,Biddybuggy,Cloud Glider,Leaf Tires
Army,58930,Wario,Sneeker,Hylian Kite,Crimson Slim
StervtL,121841,Wario,Sports Coupe,Paper Glider,Azure Roller
そうめん,74176,Baby Daisy,Biddybuggy,Paper Glider,Roller
StervtL,121759,Wario,Sports Coupe,Paper Glider,Azure Roller
StervtL,111500,Waluigi,Mr. Scooty,Paper Glider,Leaf Tires
クローリン,84334,Waluigi,Biddybuggy,Paper Glider,Leaf Tires
Army,74054,Baby Daisy,Biddybuggy,Paper Glider,Azure Roller
クローリン,84282,Waluigi,Biddybuggy,Paper Glider,Leaf Tires
alpha,45559,Baby Peach,Mr. Scooty,Cloud Glider,Roller
Vincent,80449,Dry Bowser,Mach 8,Paper Glider,Leaf Tires
StervtL,111441,Waluigi,Mr. Scooty,Paper Glider,Leaf Tires
Vincent,80421,Dry Bowser,Mach 8,Paper Glider,Leaf Tires
StervtL,111429,Waluigi,Mr. Scooty,Paper Glider,Leaf Tires
StervtL,111417,Waluigi,Mr. Scooty,Paper Glider,Leaf Tires
crack,115357,Baby Daisy,Biddybuggy,Paper Glider,Azure Roller
クローリン,84148,Waluigi,Biddybuggy,Paper Glider,Leaf Tires
StervtL,111369,Waluigi,Mr. Scooty,Paper Glider,Leaf Tires
StervtL,111363,Waluigi,Mr. Scooty,Paper Glider,Leaf Tires
StervtL,111349,Waluigi,Mr. Scooty,Paper Glider,Leaf Tires
StervtL,111347,Waluigi,Mr. Scooty,Paper Glider,Leaf Tires
StervtL,111301,Waluigi,Mr. Scooty,Paper Glider,Leaf Tires
るるりっく,116848,Waluigi,Biddybuggy,Paper Glider,Roller
Vincent,80411,Dry Bowser,Mach 8,Paper Glider,Leaf Tires
Vincent,80396,Dry Bowser,Mach 8,Paper Glider,Leaf Tires
alpha,45357,Baby Daisy,Mr. Scooty,Cloud Glider,Button
るるりっく,116831,Roy,Biddybuggy,Paper Glider,Roller
ふゆいろ,115555,Champion Link,Streetle,Paper Glider,Azure Roller
なすの,116773,Waluigi,Mr. Scooty,Cloud Glider,Azure Roller
おまえモナー,116841,Waluigi,Biddybuggy,Paper Glider,Azure Roller
なすの,116722,Waluigi,Mr. Scooty,Cloud Glider,Azure Roller
Vincent,80340,Dry Bowser,Mach 8,Paper Glider,Leaf Tires
StervtL,111278,Waluigi,Mr. Scooty,Paper Glider,Leaf Tires
TylerR,90347,Wario,Biddybuggy,Super Glider,Azure Roller
ゆず,72651,Wario,Sport Bike,Super Glider,Slim
Vincent,80321,Dry Bowser,Mach 8,Paper Glider,Leaf Tires
StervtL,83850,Wario,Mach 8,Paper Glider,Leaf Tires
Vincent,80326,Dry Bowser,Mach 8,Paper Glider,Leaf Tires
そうめん,116465,Waluigi,Biddybuggy,Paper Glider,Roller
StervtL,116417,Roy,Biddybuggy,Paper Glider,Azure Roller
Paco,86558,Waluigi,Biddybuggy,Cloud Glider,Roller
Vincent,80284,Dry Bowser,Mach 8,Paper Glider,Leaf Tires
StervtL,116271,Roy,Biddybuggy,Paper Glider,Azure Roller
Ronny,60700,Dry Bowser,Mach 8,Cloud Glider,Leaf Tires
Vincent,80273,Dry Bowser,Mach 8,Paper Glider,Leaf Tires
Braydon,74260,Baby Daisy,Biddybuggy,Parachute,Roller
Vincent,80278,Dry Bowser,Mach 8,Paper Glider,Leaf Tires
Vincent,80257,Dry Bowser,Mach 8,Paper Glider,Leaf Tires
Braydon,74142,Baby Peach,Biddybuggy,Parachute,Azure Roller
StervtL,116228,Roy,Biddybuggy,Paper Glider,Azure Roller
Etena,105736,Waluigi,Biddybuggy,Paper Glider,Leaf Tires
Vincent,80199,Dry Bowser,Mach 8,Paper Glider,Leaf Tires
Vincent,80255,Dry Bowser,Mach 8,Paper Glider,Leaf Tires
Braydon,74243,Baby Peach,Biddybuggy,Parachute,Azure Roller
K4I,119061,Roy,Biddybuggy,Paper Glider,Azure Roller
Ronny,60666,Dry Bowser,Mach 8,Cloud Glider,Leaf Tires
エル,108307,Waluigi,Biddybuggy,Paper Glider,Roller
エル,108277,Waluigi,Biddybuggy,Paper Glider,Azure Roller
エル,108273,Waluigi,Biddybuggy,Paper Glider,Azure Roller
エル,108185,Waluigi,Biddybuggy,Paper Glider,Azure Roller
Braydon,74127,Baby Peach,Biddybuggy,Parachute,Azure Roller
K4I,119037,Roy,Biddybuggy,Paper Glider,Azure Roller
StervtL,116216,Roy,Biddybuggy,Paper Glider,Azure Roller
Braydon,74037,Baby Peach,Biddybuggy,Parachute,Azure Roller
StervtL,116167,Roy,Biddybuggy,Paper Glider,Azure Roller
そうめん,116101,Waluigi,Biddybuggy,Paper Glider,Roller
Panda,88186,Donkey Kong,Biddybuggy,Paper Glider,Azure Roller
Braydon,73932,Baby Peach,Biddybuggy,Parachute,Azure Roller
Panda,79901,Champion Link,Biddybuggy,Paper Glider,Azure Roller
るるりっく,111031,Waluigi,Mr. Scooty,Paper Glider,Roller
StervtL,116084,Roy,Biddybuggy,Paper Glider,Azure Roller
StervtL,116033,Roy,Biddybuggy,Paper Glider,Azure Roller
StervtL,115959,Roy,Biddybuggy,Paper Glider,Azure Roller
Alberto,111001,Roy,Mr. Scooty,Paper Glider,Azure Roller
Alberto,110951,Roy,Mr. Scooty,Paper Glider,Azure Roller
るるりっく,110939,Waluigi,Mr. Scooty,Paper Glider,Roller
Alberto,110939,Roy,Mr. Scooty,Paper Glider,Azure Roller
Army,71471,Roy,Biddybuggy,Cloud Glider,Azure Roller
Alberto,83981,Waluigi,W 25 Silver Arrow,Super Glider,Azure Roller
Alberto,83971,Waluigi,W 25 Silver Arrow,Super Glider,Azure Roller
Alberto,83906,Waluigi,W 25 Silver Arrow,Super Glider,Azure Roller
Alberto,83897,Waluigi,W 25 Silver Arrow,Super Glider,Azure Roller
StervtL,60803,Waluigi,Wild Wiggler,Paper Glider,Leaf Tires
Alberto,119011,Roy,Biddybuggy,Paper Glider,Azure Roller
Army,60809,Waluigi,Wild Wiggler,Parachute,Leaf Tires
ありす,103843,Roy,Biddybuggy,Bowser Kite,Roller
Alberto,118990,Roy,Biddybuggy,Paper Glider,Azure Roller
Alberto,101112,Roy,Mr. Scooty,Paper Glider,Azure Roller
Alberto,118919,Roy,Biddybuggy,Paper Glider,Azure Roller
Alberto,101065,Roy,Mr. Scooty,Paper Glider,Azure Roller
Alberto,118853,Roy,Biddybuggy,Paper Glider,Azure Roller
K4I,118906,Waluigi,Biddybuggy,Paper Glider,Azure Roller
DavidFire,77042,Wario,Biddybuggy,Paper Glider,Leaf Tires
Alberto,77018,Roy,Biddybuggy,Paper Glider,Button
Alberto,77017,Roy,Biddybuggy,Paper Glider,Button
Alberto,76923,Roy,Biddybuggy,Paper Glider,Button
そうめん,101054,Waluigi,Mr. Scooty,Paper Glider,Roller
そうめん,101039,Waluigi,Mr. Scooty,Paper Glider,Roller
そうめん,100967,Waluigi,Mr. Scooty,Paper Glider,Roller
Aarón,103834,Waluigi,Biddybuggy,Paper Glider,Azure Roller
Alberto,83789,Waluigi,W 25 Silver Arrow,Super Glider,Azure Roller
そうめん,88609,Waluigi,Wild Wiggler,Paper Glider,Roller
StervtL,60757,Waluigi,Wild Wiggler,Paper Glider,Leaf Tires
StervtL,60755,Waluigi,Wild Wiggler,Paper Glider,Leaf Tires
StervtL,60731,Waluigi,Wild Wiggler,Paper Glider,Leaf Tires
StervtL,60681,Waluigi,Wild Wiggler,Paper Glider,Leaf Tires
StervtL,60640,Waluigi,Wild Wiggler,Paper Glider,Leaf Tires
StervtL,60599,Waluigi,Wild Wiggler,Paper Glider,Leaf Tires
crack,115316,Baby Daisy,Biddybuggy,Paper Glider,Azure Roller
StervtL,60366,Waluigi,Wild Wiggler,Paper Glider,Leaf Tires
Paco,86550,Roy,Biddybuggy,Cloud Glider,Roller
Alberto,106096,Waluigi,Biddybuggy,Paper Glider,Azure Roller
Braydon,109684,Lemmy,Biddybuggy,Parachute,Azure Roller
Alberto,106078,Waluigi,Biddybuggy,Paper Glider,Azure Roller
StervtL,60511,Waluigi,Wild Wiggler,Paper Glider,Leaf Tires
Alberto,109372,Lemmy,Biddybuggy,Cloud Glider,Azure Roller
Alberto,109677,Lemmy,Biddybuggy,Paper Glider,Azure Roller
Alberto,109641,Lemmy,Biddybuggy,Paper Glider,Azure Roller
Alberto,109531,Lemmy,Biddybuggy,Paper Glider,Azure Roller
Alberto,106050,Roy,Biddybuggy,Paper Glider,Azure Roller
Alberto,109514,Lemmy,Biddybuggy,Cloud Glider,Azure Roller
すわこ,82883,Waluigi,Streetle,Paper Glider,Azure Roller
Alberto,109335,Baby Peach,Biddybuggy,Paper Glider,Azure Roller
Alberto,109279,Baby Peach,Biddybuggy,Paper Glider,Azure Roller
Paco,86510,Roy,Biddybuggy,Cloud Glider,Roller
Paco,86495,Roy,Biddybuggy,Cloud Glider,Roller
Alberto,109247,Baby Peach,Biddybuggy,Paper Glider,Azure Roller
そうめん,97741,Baby Daisy,Biddybuggy,Paper Glider,Roller
なすの,97807,Dry Bowser,Mach 8,Paper Glider,Leaf Tires
Alberto,109198,Baby Peach,Biddybuggy,Paper Glider,Azure Roller
Panda,93124,Yellow Yoshi,Biddybuggy,Paper Glider,Azure Roller
ちゃあああ,100904,Waluigi,Mr. Scooty,Cloud Glider,Azure Roller
ちゃあああ,100812,Roy,Mr. Scooty,Cloud Glider,Azure Roller
ふゆいろ,115386,Champion Link,Streetle,Paper Glider,Azure Roller
Panda,93060,Yellow Yoshi,Biddybuggy,Paper Glider,Azure Roller
Technical,93067,Yoshi,Biddybuggy,Cloud Glider,Roller
Alberto,106036,Roy,Biddybuggy,Paper Glider,Azure Roller
ちゃあああ,100791,Roy,Mr. Scooty,Cloud Glider,Azure Roller
Panda,92988,Yellow Yoshi,Biddybuggy,Paper Glider,Azure Roller
Alberto,106019,Roy,Biddybuggy,Paper Glider,Azure Roller
ふゆいろ,115351,Champion Link,Streetle,Paper Glider,Azure Roller
Alberto,105967,Roy,Biddybuggy,Paper Glider,Azure Roller
Alberto,82347,Waluigi,Streetle,Paper Glider,Azure Roller
Alberto,83839,Waluigi,Mach 8,Paper Glider,Leaf Tires
ありす,103789,Roy,Biddybuggy,Paper Glider,Roller
Ronny,105855,Roy,Biddybuggy,Paper Glider,Azure Roller
Alberto,82851,Roy,Streetle,Paper Glider,Azure Roller
Panda,92931,Yellow Yoshi,Biddybuggy,Paper Glider,Azure Roller
るるりっく,119878,Waluigi,Biddybuggy,Paper Glider,Roller
alpha,76750,Baby Peach,Biddybuggy,Parachute,Azure Roller
なすの,120748,Waluigi,Wild Wiggler,Paper Glider,Roller
Alberto,105831,Waluigi,Biddybuggy,Paper Glider,Azure Roller
Panda,76632,Baby Peach,Biddybuggy,Paper Glider,Azure Roller
Panda,76504,Baby Peach,Biddybuggy,Paper Glider,Azure Roller
Panda,76464,Baby Peach,Biddybuggy,Paper Glider,Azure Roller
Ronny,97505,Baby Peach,Biddybuggy,Paper Glider,Azure Roller
StervtL,77396,Wario,Wild Wiggler,Paper Glider,Azure Roller
クローリン,97779,Heavy Mii,Mach 8,Paper Glider,Leaf Tires
Vincent,80197,Dry Bowser,Mach 8,Paper Glider,Leaf Tires
Vincent,80182,Dry Bowser,Mach 8,Paper Glider,Leaf Tires
Vincent,80189,Dry Bowser,Mach 8,Paper Glider,Leaf Tires
なすの,123333,Waluigi,Mr. Scooty,Cloud Glider,Azure Roller
Ronny,97595,Wario,Mach 8,Parachute,Leaf Tires
Ronny,97515,Dry Bowser,Mach 8,Paper Glider,Leaf Tires
すわこ,82849,Waluigi,Streetle,Paper Glider,Azure Roller
エル,108035,Waluigi,Biddybuggy,Paper Glider,Azure Roller
なすの,123218,Waluigi,Mr. Scooty,Paper Glider,Azure Roller
Lemon,119837,Roy,Biddybuggy,Paper Glider,Roller
Alberto,82804,Roy,Streetle,Paper Glider,Azure Roller
Grant,83846,Heavy Mii Splatoon,Mach 8,Cloud Glider,Leaf Tires
Alberto,82556,Waluigi,Streetle,Paper Glider,Azure Roller
Panda,92895,Yellow Yoshi,Biddybuggy,Paper Glider,Azure Roller
Panda,92879,Yellow Yoshi,Biddybuggy,Paper Glider,Azure Roller
Panda,92808,Yellow Yoshi,Biddybuggy,Paper Glider,Azure Roller
るるりっく,107634,Waluigi,Biddybuggy,Paper Glider,Leaf Tires
crack,115270,Baby Peach,Biddybuggy,Paper Glider,Azure Roller
Alberto,56689,Dry Bowser,Mach 8,Paper Glider,Leaf Tires
Alberto,56688,Dry Bowser,Mach 8,Paper Glider,Leaf Tires
Alberto,56686,Dry Bowser,Mach 8,Paper Glider,Leaf Tires
Alberto,56665,Dry Bowser,Mach 8,Paper Glider,Leaf Tires
Pii,86471,Dry Bowser,W 25 Silver Arrow,Flower Glider,Leaf Tires
Alberto,56641,Dry Bowser,Mach 8,Cloud Glider,Leaf Tires
Alberto,56660,Dry Bowser,Mach 8,Cloud Glider,Leaf Tires
Alberto,56628,Dry Bowser,Mach 8,Cloud Glider,Leaf Tires
Panda,114179,Baby Daisy,Biddybuggy,Paper Glider,Azure Roller
Alberto,56627,Dry Bowser,Mach 8,Paper Glider,Leaf Tires
Alberto,56624,Dry Bowser,Mach 8,Paper Glider,Leaf Tires
るるりっく,107440,Roy,Biddybuggy,Paper Glider,Leaf Tires
Alberto,56604,Dry Bowser,Mach 8,Paper Glider,Leaf Tires
Ronny,120731,Waluigi,Wild Wiggler,Paper Glider,Azure Roller
Ronny,120682,Roy,Wild Wiggler,Flower Glider,Azure Roller
Ronny,120574,Waluigi,Wild Wiggler,Paper Glider,Azure Roller
Ronny,120653,Wario,Wild Wiggler,Paper Glider,Azure Roller
Matt,73159,Waluigi,W 25 Silver Arrow,Cloud Glider,Button
Lemon,101402,Baby Daisy,Biddybuggy,Paper Glider,Azure Roller
DavidFire,77527,Wario,W 25 Silver Arrow,Cloud Glider,Azure Roller
Alberto,119116,Lemmy,Biddybuggy,Parachute,Azure Roller
DavidFire,77525,Wario,W 25 Silver Arrow,Cloud Glider,Azure Roller
Alberto,119013,Lemmy,Biddybuggy,Parachute,Azure Roller
StervtL,83766,Wario,Mach 8,Paper Glider,Leaf Tires
Alberto,119032,Lemmy,Biddybuggy,Parachute,Azure Roller
DavidFire,77500,Wario,W 25 Silver Arrow,Cloud Glider,Azure Roller
Alberto,118960,Lemmy,Biddybuggy,Parachute,Azure Roller
Thimo,68597,Waluigi,Wild Wiggler,Paper Glider,Leaf Tires
Pii,68447,Waluigi,Wild Wiggler,Paper Glider,Leaf Tires
Pii,68344,Waluigi,Wild Wiggler,Paper Glider,Leaf Tires
Thimo,68622,Waluigi,Wild Wiggler,Paper Glider,Leaf Tires
Mees,84025,Waluigi,Teddy Buggy,Gold Glider,Roller
Army,68033,Waluigi,Wild Wiggler,Paper Glider,Azure Roller
Army,68151,Waluigi,Wild Wiggler,Paper Glider,Azure Roller
Army,67998,Waluigi,Wild Wiggler,Paper Glider,Azure Roller
Army,67959,Wario,Wild Wiggler,Paper Glider,Azure Roller
Army,67856,Wario,Wild Wiggler,Paper Glider,Azure Roller
Army,67874,Wario,Wild Wiggler,Paper Glider,Azure Roller
Braydon,108157,Baby Daisy,Biddybuggy,Parachute,Roller
なすの,120531,Donkey Kong,Biddybuggy,Paper Glider,Azure Roller
Alberto,107904,Baby Daisy,Biddybuggy,Paper Glider,Azure Roller
Alberto,107859,Baby Daisy,Biddybuggy,Flower Glider,Azure Roller
Panda,56828,Baby Peach,Biddybuggy,Paper Glider,Azure Roller
Aarón,103750,Waluigi,Biddybuggy,Paper Glider,Azure Roller
Alberto,56766,Baby Peach,Biddybuggy,Parachute,Azure Roller
Alberto,56416,Baby Peach,Biddybuggy,Parachute,Azure Roller
Alberto,56552,Baby Peach,Biddybuggy,Parachute,Azure Roller
Alberto,56518,Baby Peach,Biddybuggy,Parachute,Azure Roller
Alberto,56273,Baby Peach,Biddybuggy,Parachute,Azure Roller
Vincent,80167,Dry Bowser,Mach 8,Paper Glider,Leaf Tires
Alberto,56364,Baby Peach,Biddybuggy,Parachute,Azure Roller
Lemon,101277,Baby Daisy,Biddybuggy,Paper Glider,Azure Roller
4laps2win,71207,Heavy Mii Crossing,Teddy Buggy,Waddle Wing,Azure Roller
Army,67776,Wario,Wild Wiggler,Paper Glider,Azure Roller
Vincent,80147,Dry Bowser,Mach 8,Paper Glider,Leaf Tires
Army,67725,Wario,Wild Wiggler,Paper Glider,Azure Roller
Alberto,76421,Dry Bowser,Landship,Super Glider,Azure Roller
Alberto,76394,Heavy Mii Sonic,Landship,Hylian Kite,Azure Roller
Matt,73152,Waluigi,W 25 Silver Arrow,Cloud Glider,Button
Alberto,76382,Dry Bowser,Landship,Super Glider,Azure Roller
そうめん,77474,Wario,W 25 Silver Arrow,Paper Glider,Roller
そうめん,83976,Waluigi,Teddy Buggy,Gold Glider,Roller
そうめん,73672,Waluigi,Biddybuggy,Paper Glider,Roller
そうめん,73769,Waluigi,Biddybuggy,Paper Glider,Roller
Ronny,97622,Baby Daisy,Biddybuggy,Paper Glider,Azure Roller
Alberto,62653,Waluigi,Biddybuggy,Paper Glider,Azure Roller
Alberto,62645,Waluigi,Biddybuggy,Paper Glider,Azure Roller
Alberto,62618,Waluigi,Biddybuggy,Paper Glider,Azure Roller
Alberto,62607,Waluigi,Biddybuggy,Paper Glider,Azure Roller
Alberto,62574,Waluigi,Biddybuggy,Paper Glider,Azure Roller
Alberto,75700,Wario,Wild Wiggler,Paper Glider,Azure Roller
Ronny,97582,Baby Peach,Biddybuggy,Paper Glider,Azure Roller
Alberto,75550,Wario,Wild Wiggler,Paper Glider,Azure Roller
alpha,62512,Roy,Biddybuggy,Parachute,Azure Roller
Matt,73120,Waluigi,W 25 Silver Arrow,Cloud Glider,Button
Matt,73113,Waluigi,W 25 Silver Arrow,Cloud Glider,Button
StervtL,83683,Wario,Mach 8,Paper Glider,Leaf Tires
Matt,73110,Waluigi,W 25 Silver Arrow,Cloud Glider,Button
StervtL,83750,Wario,Mach 8,Paper Glider,Leaf Tires
Alberto,108527,Roy,Streetle,Paper Glider,Azure Roller
Alberto,108504,Roy,Streetle,Paper Glider,Azure Roller
Ronny,96871,Dry Bowser,Mach 8,Paper Glider,Leaf Tires
Alberto,108393,Roy,Streetle,Paper Glider,Azure Roller
エル,108143,Waluigi,Biddybuggy,Paper Glider,Azure Roller
Ronny,97077,Dry Bowser,Mach 8,Paper Glider,Leaf Tires
エル,108136,Waluigi,Biddybuggy,Paper Glider,Azure Roller
Ronny,96951,Dry Bowser,Mach 8,Paper Glider,Leaf Tires
エル,108135,Waluigi,Biddybuggy,Paper Glider,Azure Roller
Alberto,77457,Wario,W 25 Silver Arrow,Paper Glider,Azure Roller
Technical,92788,Light-blue Yoshi,Biddybuggy,Cloud Glider,Azure Roller
なすの,116686,Waluigi,Mr. Scooty,Cloud Glider,Azure Roller
なすの,116653,Waluigi,Mr. Scooty,Cloud Glider,Azure Roller
なすの,116644,Waluigi,Mr. Scooty,Cloud Glider,Azure Roller
なすの,116451,Waluigi,Mr. Scooty,Cloud Glider,Azure Roller
なすの,123836,Dry Bowser,Splat Buggy,Super Glider,Slim
StervtL,84868,Waluigi,Wild Wiggler,Gold Glider,Azure Roller
エル,108003,Waluigi,Biddybuggy,Paper Glider,Azure Roller
StervtL,83733,Wario,Mach 8,Paper Glider,Leaf Tires
StervtL,83716,Wario,Mach 8,Paper Glider,Leaf Tires
Sebas,116831,Roy,Biddybuggy,Paper Glider,Azure Roller
StervtL,83700,Wario,Mach 8,Paper Glider,Leaf Tires
エル,107957,Waluigi,Biddybuggy,Paper Glider,Azure Roller
Panda,92785,Yellow Yoshi,Biddybuggy,Paper Glider,Azure Roller
Alberto,77410,Dry Bowser,W 25 Silver Arrow,Paper Glider,Azure Roller
Ronny,96609,Dry Bowser,Mach 8,Paper Glider,Leaf Tires
ゆて,119781,Roy,Biddybuggy,Cloud Glider,Azure Roller
Alberto,77419,Dry Bowser,W 25 Silver Arrow,Paper Glider,Azure Roller
Ronny,96711,Dry Bowser,Mach 8,Paper Glider,Leaf Tires
StervtL,84906,Waluigi,Wild Wiggler,Gold Glider,Azure Roller
StervtL,84871,Waluigi,Wild Wiggler,Gold Glider,Azure Roller
エル,107952,Waluigi,Biddybuggy,Paper Glider,Azure Roller
Panda,92741,Yellow Yoshi,Biddybuggy,Paper Glider,Azure Roller
Alberto,119728,Baby Peach,Biddybuggy,Paper Glider,Azure Roller
Alberto,116763,Waluigi,Biddybuggy,Paper Glider,Azure Roller
Ronny,96584,Dry Bowser,Mach 8,Paper Glider,Leaf Tires
Alberto,88567,Waluigi,Wild Wiggler,Paper Glider,Azure Roller
StervtL,84854,Waluigi,Wild Wiggler,Gold Glider,Azure Roller
Alberto,119724,Baby Peach,Biddybuggy,Paper Glider,Azure Roller
エル,107947,Waluigi,Biddybuggy,Paper Glider,Azure Roller
エル,107941,Waluigi,Biddybuggy,Paper Glider,Azure Roller
エル,107931,Waluigi,Biddybuggy,Paper Glider,Azure Roller
K4I,112358,King Boo,Biddybuggy,Cloud Glider,Azure Roller
StervtL,84832,Waluigi,Wild Wiggler,Gold Glider,Azure Roller
StervtL,84810,Waluigi,Wild Wiggler,Gold Glider,Azure Roller
StervtL,84807,Waluigi,Wild Wiggler,Gold Glider,Azure Roller
Alberto,116724,Roy,Biddybuggy,Paper Glider,Azure Roller
Alberto,116746,Roy,Biddybuggy,Paper Glider,Azure Roller
Alberto,116709,Roy,Biddybuggy,Paper Glider,Azure Roller
marimo,112353,Baby Daisy,Biddybuggy,Paper Glider,Roller
StervtL,84802,Waluigi,Wild Wiggler,Gold Glider,Azure Roller
StervtL,84790,Waluigi,Wild Wiggler,Gold Glider,Azure Roller
Alberto,112198,Baby Peach,Biddybuggy,Paper Glider,Azure Roller
Alberto,112047,Baby Peach,Biddybuggy,Parachute,Azure Roller
Alberto,112086,Baby Peach,Biddybuggy,Paper Glider,Azure Roller
Alberto,111965,Baby Peach,Biddybuggy,Parachute,Azure Roller
Alberto,111938,Baby Peach,Biddybuggy,Parachute,Azure Roller
K4I,111848,Baby Rosalina,Biddybuggy,Cloud Glider,Azure Roller
Alberto,119703,Baby Peach,Biddybuggy,Paper Glider,Azure Roller
Panda,88142,Donkey Kong,Biddybuggy,Paper Glider,Azure Roller
アーモンド,119683,Baby Daisy,Biddybuggy,Paper Glider,Azure Roller
Alberto,111887,Lemmy,Biddybuggy,Parachute,Azure Roller
Alberto,111776,Lemmy,Biddybuggy,Parachute,Azure Roller
StervtL,102550,Roy,Biddybuggy,Paper Glider,Azure Roller
Alberto,111846,Lemmy,Biddybuggy,Parachute,Azure Roller
Alberto,111822,Lemmy,Biddybuggy,Parachute,Azure Roller
Panda,88124,Donkey Kong,Biddybuggy,Paper Glider,Azure Roller
ふゆいろ,115320,Champion Link,Streetle,Paper Glider,Azure Roller
Alberto,119625,Baby Peach,Biddybuggy,Paper Glider,Azure Roller
StervtL,102533,Roy,Biddybuggy,Paper Glider,Azure Roller
Panda,88072,Donkey Kong,Biddybuggy,Paper Glider,Azure Roller
Pii,79451,Baby Daisy,Biddybuggy,Cloud Glider,Roller
StervtL,102450,Roy,Biddybuggy,Paper Glider,Azure Roller
Ronny,95807,Dry Bowser,Mach 8,Cloud Glider,Leaf Tires
Alberto,83760,Roy,Mach 8,Paper Glider,Leaf Tires
Army,95716,Wario,Wild Wiggler,Paper Glider,Azure Roller
StervtL,60350,Waluigi,Wild Wiggler,Paper Glider,Leaf Tires
Ronny,95667,Wario,Wild Wiggler,Paper Glider,Azure Roller
Alberto,111617,Lemmy,Biddybuggy,Parachute,Azure Roller
Panda,92660,Yellow Yoshi,Biddybuggy,Paper Glider,Azure Roller
StervtL,60287,Waluigi,Wild Wiggler,Paper Glider,Leaf Tires
CreepGanon,71181,Heavy Mii,Wild Wiggler,Paper Glider,Azure Roller
Alberto,103143,Baby Peach,Biddybuggy,Paper Glider,Azure Roller
¥146,101224,Baby Peach,Biddybuggy,Flower Glider,Azure Roller
StervtL,111789,Dry Bowser,Inkstriker,Gold Glider,Azure Roller
Alberto,79382,Baby Peach,Biddybuggy,Paper Glider,Azure Roller
StervtL,111737,Dry Bowser,Inkstriker,Gold Glider,Azure Roller
Ronny,95588,Wario,Wild Wiggler,Paper Glider,Azure Roller
StervtL,111781,Dry Bowser,Inkstriker,Gold Glider,Azure Roller
Braydon,73888,Baby Daisy,Biddybuggy,Parachute,Roller
Ronny,97477,Lemmy,Biddybuggy,Parachute,Azure Roller
Grant,83758,Roy,Mach 8,Cloud Glider,Leaf Tires
Alberto,119790,Roy,Biddybuggy,Paper Glider,Azure Roller
パンプ,121754,Wario,Sports Coupe,Paper Glider,Roller
クロト,84977,Waluigi,Biddybuggy,Paper Glider,Roller
StervtL,111703,Dry Bowser,Inkstriker,Gold Glider,Azure Roller
クロト,84960,Waluigi,Biddybuggy,Paper Glider,Roller
StervtL,111725,Dry Bowser,Inkstriker,Gold Glider,Azure Roller
StervtL,111686,Dry Bowser,Inkstriker,Gold Glider,Azure Roller
クロト,84958,Waluigi,Biddybuggy,Paper Glider,Roller
Alberto,76876,Waluigi,Biddybuggy,Paper Glider,Leaf Tires
¥146,101169,Baby Peach,Biddybuggy,Flower Glider,Azure Roller
Alberto,83668,Roy,Mach 8,Paper Glider,Leaf Tires
Army,76989,Baby Daisy,Biddybuggy,Cloud Glider,Leaf Tires
クロト,84920,Waluigi,Biddybuggy,Paper Glider,Roller
¥146,101136,Baby Peach,Biddybuggy,Flower Glider,Azure Roller
4laps2win,71175,Heavy Mii Crossing,Teddy Buggy,Waddle Wing,Azure Roller
4laps2win,71159,Heavy Mii Crossing,Teddy Buggy,Waddle Wing,Azure Roller
Alberto,71443,Waluigi,Biddybuggy,Paper Glider,Azure Roller
Alberto,71399,Waluigi,Biddybuggy,Paper Glider,Azure Roller
StervtL,121749,Wario,Sports Coupe,Paper Glider,Azure Roller
StervtL,121685,Wario,Sports Coupe,Paper Glider,Azure Roller
StervtL,121718,Wario,Sports Coupe,Paper Glider,Azure Roller
Alberto,71382,Waluigi,Biddybuggy,Paper Glider,Azure Roller
StervtL,121546,Wario,Sports Coupe,Paper Glider,Azure Roller
えぢから,106404,Wario,Sport Bike,Super Glider,Slim
StervtL,121663,Wario,Sports Coupe,Paper Glider,Azure Roller
クロト,84886,Waluigi,Biddybuggy,Paper Glider,Roller
¥146,101053,Baby Peach,Biddybuggy,Flower Glider,Azure Roller
italic177,76965,Baby Daisy,Biddybuggy,Paper Glider,Leaf Tires
Pii,83722,Roy,W 25 Silver Arrow,Super Glider,Azure Roller
Alberto,103547,Baby Peach,Biddybuggy,Parachute,Azure Roller
StervtL,111321,Wario,Inkstriker,Gold Glider,Azure Roller
italic177,76928,Baby Daisy,Biddybuggy,Paper Glider,Leaf Tires
4laps2win,71134,Heavy Mii Crossing,Teddy Buggy,Waddle Wing,Azure Roller
Panda,86816,Wario,Wild Wiggler,Paper Glider,Leaf Tires
Alberto,83667,Waluigi,W 25 Silver Arrow,Wario Wing,Azure Roller
StervtL,121503,Wario,Sports Coupe,Paper Glider,Azure Roller
StervtL,121468,Wario,Sports Coupe,Paper Glider,Azure Roller
4laps2win,71129,Heavy Mii Crossing,Teddy Buggy,Waddle Wing,Azure Roller
Technical,92617,Blue Yoshi,Biddybuggy,Parachute,Azure Roller
StervtL,121405,Wario,Sports Coupe,Paper Glider,Azure Roller
StervtL,113815,Rosalina,Streetle,Paper Glider,Azure Roller
Alberto,86808,Heavy Mii Bowser,Wild Wiggler,Paper Glider,Leaf Tires
Army,76902,Baby Daisy,Biddybuggy,Cloud Glider,Leaf Tires
すわこ,82510,Waluigi,Streetle,Paper Glider,Azure Roller
Alberto,106531,Baby Peach,Biddybuggy,Paper Glider,Azure Roller
Alberto,77410,Link,Streetle,Paper Glider,Azure Roller
Technical,92600,Blue Yoshi,Biddybuggy,Paper Glider,Azure Roller
Army,76856,Baby Daisy,Biddybuggy,Cloud Glider,Leaf Tires
italic177,76829,Baby Daisy,Biddybuggy,Parachute,Leaf Tires
italic177,76852,Baby Daisy,Biddybuggy,Parachute,Leaf Tires
Army,76819,Baby Daisy,Biddybuggy,Flower Glider,Leaf Tires
Army,76810,Baby Daisy,Biddybuggy,Flower Glider,Leaf Tires
Army,76779,Baby Daisy,Biddybuggy,Flower Glider,Leaf Tires
3-UP,71379,Wario,Yoshi Bike,Flower Glider,Roller
Alberto,89150,Waluigi,Wild Wiggler,Cloud Glider,Azure Roller
Alberto,71365,Roy,Biddybuggy,Paper Glider,Azure Roller
K4I,118852,Waluigi,Biddybuggy,Paper Glider,Roller
Panda,86804,Heavy Mii Yoshi,Wild Wiggler,Paper Glider,Leaf Tires
Panda,86797,Bowser,Wild Wiggler,Paper Glider,Leaf Tires
Army,76740,Baby Daisy,Biddybuggy,Flower Glider,Leaf Tires
Alberto,86774,Wario,Wild Wiggler,Paper Glider,Leaf Tires
Alberto,115085,Lemmy,Biddybuggy,Paper Glider,Azure Roller
クロト,84796,Waluigi,Biddybuggy,Paper Glider,Roller
Alberto,86725,Wario,Wild Wiggler,Paper Glider,Leaf Tires
Panda,86709,Dry Bowser,Wild Wiggler,Paper Glider,Leaf Tires
Alberto,86642,Wario,Wild Wiggler,Paper Glider,Leaf Tires
crack,115201,Lemmy,Biddybuggy,Paper Glider,Roller
3-UP,71331,Wario,Yoshi Bike,Flower Glider,Roller
Alberto,71317,Roy,Biddybuggy,Paper Glider,Azure Roller
Alberto,71276,Roy,Biddybuggy,Paper Glider,Azure Roller
Alberto,71305,Roy,Biddybuggy,Paper Glider,Azure Roller
えぢから,106373,Wario,Sport Bike,Super Glider,Slim
Alberto,71245,Roy,Biddybuggy ,Paper Glider,Azure Roller 
Alberto,71239,Roy,Biddybuggy,Paper Glider,Azure Roller
K4I,118755,Waluigi,Biddybuggy,Paper Glider,Azure Roller
StervtL,121341,Wario,Sports Coupe,Paper Glider,Azure Roller
Alberto,115138,Lemmy,Biddybuggy,Paper Glider,Azure Roller
Alberto,118843,Roy,Biddybuggy,Paper Glider,Azure Roller
Alberto,114981,Baby Daisy,Biddybuggy,Paper Glider,Azure Roller
K4I,118786,Waluigi,Biddybuggy,Paper Glider,Azure Roller
Alberto,114955,Lemmy,Biddybuggy,Paper Glider,Azure Roller
Alberto,114871,Lemmy,Biddybuggy,Paper Glider,Azure Roller
Alberto,118773,Waluigi,Biddybuggy,Paper Glider,Azure Roller
Panda,86634,Dry Bowser,Wild Wiggler,Paper Glider,Leaf Tires
Thimo,71236,Heavy Mii Yoshi,Yoshi Bike,Paper Glider,Roller
Alberto,118731,Waluigi,Biddybuggy,Paper Glider,Azure Roller
Panda,86606,Dry Bowser,Wild Wiggler,Paper Glider,Leaf Tires
Alberto,118722,Waluigi,Biddybuggy,Paper Glider,Azure Roller
Alberto,118681,Waluigi,Biddybuggy,Paper Glider,Azure Roller
Alberto,118652,Waluigi,Biddybuggy,Paper Glider,Azure Roller
Thimo,71204,Heavy Mii Wario,Yoshi Bike,Paper Glider,Roller
Panda,86602,Dry Bowser,Wild Wiggler,Paper Glider,Leaf Tires
Alberto,86551,Wario,Wild Wiggler,Paper Glider,Leaf Tires
Technical,92589,Blue Yoshi,Biddybuggy,Paper Glider,Azure Roller
Alberto,118648,Waluigi,Biddybuggy,Paper Glider,Azure Roller
Alberto,118632,Waluigi,Biddybuggy,Paper Glider,Azure Roller
Alberto,118610,Waluigi,Biddybuggy,Paper Glider,Azure Roller
Alberto,114816,Lemmy,Biddybuggy,Paper Glider,Azure Roller
Ronny,103099,Waluigi,Biddybuggy,Paper Glider,Azure Roller
Alberto,76910,Waluigi,Biddybuggy,Paper Glider,Leaf Tires
Alberto,76899,Waluigi,Biddybuggy,Paper Glider,Leaf Tires
Army,113979,Baby Daisy,Biddybuggy,Cloud Glider,Azure Roller
Jimmy L,76882,Waluigi,Biddybuggy,Flower Glider,Leaf Tires
Panda,86536,Dry Bowser,Wild Wiggler,Paper Glider,Leaf Tires
Ronny,103142,Waluigi,Biddybuggy,Paper Glider,Azure Roller
Technical,92553,Blue Yoshi,Biddybuggy,Paper Glider,Azure Roller
Ronny,103031,Waluigi,Biddybuggy,Paper Glider,Azure Roller
Alberto,76847,Waluigi,Biddybuggy,Paper Glider,Leaf Tires
Alberto,76844,Waluigi,Biddybuggy,Paper Glider,Leaf Tires
Ronny,102992,Waluigi,Biddybuggy,Paper Glider,Azure Roller
Alberto,76846,Waluigi,Biddybuggy,Paper Glider,Leaf Tires
Alberto,76754,Waluigi,Biddybuggy,Paper Glider,Leaf Tires
Braydon,73853,Baby Peach,Biddybuggy,Parachute,Azure Roller
JenZua,56208,Baby Daisy,Biddybuggy,Parachute,Azure Roller
Alberto,86507,Wario,Wild Wiggler,Paper Glider,Leaf Tires
Technical,92532,Blue Yoshi,Biddybuggy,Paper Glider,Azure Roller
Braydon,73842,Baby Peach,Biddybuggy,Parachute,Azure Roller
Braydon,73712,Baby Peach,Biddybuggy,Parachute,Azure Roller
Technical,92523,Pink Yoshi,Biddybuggy,Cloud Glider,Roller
Technical,92498,Yoshi,Biddybuggy,Cloud Glider,Roller
Technical,92520,Blue Yoshi,Biddybuggy,Paper Glider,Azure Roller
K4I,118569,Waluigi,Biddybuggy,Paper Glider,Azure Roller
AK,82185,Dry Bowser,Biddybuggy,Paper Glider,Azure Roller
Alberto,88468,Donkey Kong,Wild Wiggler,Cloud Glider,Roller
Alberto,88450,Waluigi,Wild Wiggler,Paper Glider,Azure Roller
Alberto,88501,Waluigi,Wild Wiggler,Paper Glider,Azure Roller
Technical,92430,Yoshi,Biddybuggy,Paper Glider,Roller
でんせつのとんかつ,104270,Baby Daisy,Biddybuggy,Paper Glider,Azure Roller
ろーる,73061,Heavy Mii,W 25 Silver Arrow,Paper Glider,Leaf Tires
JenZua,56174,Baby Daisy,Biddybuggy,Parachute,Azure Roller
Army,100990,Baby Daisy,Biddybuggy,Paper Glider,Azure Roller
Technical,92351,Yoshi,Biddybuggy,Paper Glider,Roller
Braydon,73680,Baby Peach,Biddybuggy,Parachute,Azure Roller
Ronny,82160,Dry Bowser,Biddybuggy,Cloud Glider,Azure Roller
Ronny,82121,Dry Bowser,Biddybuggy,Paper Glider,Azure Roller
SuperFX,104028,Baby Daisy,Biddybuggy,Cloud Glider,Roller
Panda,101043,Baby Daisy,Biddybuggy,Paper Glider,Azure Roller
Army,100929,Baby Daisy,Biddybuggy,Parachute,Azure Roller
EternalX,55992,Baby Peach,Biddybuggy,Parachute,Azure Roller
SuperFX,103832,Baby Daisy,Biddybuggy,Cloud Glider,Roller
Army,100920,Baby Daisy,Biddybuggy,Paper Glider,Azure Roller
SuperFX,103655,Baby Daisy,Biddybuggy,Cloud Glider,Roller
Army,100888,Baby Daisy,Biddybuggy,Flower Glider,Azure Roller
SuperFX,103442,Baby Daisy,Biddybuggy,Cloud Glider,Roller
StervtL,83650,Wario,Mach 8,Paper Glider,Leaf Tires
Matt,73060,Heavy Mii,W 25 Silver Arrow,Cloud Glider,Leaf Tires
Matt,73058,Heavy Mii,W 25 Silver Arrow,Cloud Glider,Leaf Tires
SuperFX,103249,Baby Daisy,Biddybuggy,Cloud Glider,Roller
なえトル,108374,Waluigi,Streetle,Cloud Glider,Azure Roller
Alberto,108351,Donkey Kong,Streetle,Paper Glider,Azure Roller
Alberto,107843,Baby Peach,Biddybuggy,Parachute,Azure Roller
Alberto,107779,Baby Peach,Biddybuggy,Parachute,Azure Roller
Alberto,107570,Baby Peach,Biddybuggy,Parachute,Azure Roller
Panda,86648,Dry Bowser,Blue Falcon,Paraglider,Crimson Slim
Alberto,108367,Waluigi,Streetle,Paper Glider,Azure Roller
Alberto,108289,Roy,Streetle,Paper Glider,Azure Roller
Alberto,118731,Lemmy,Biddybuggy,Parachute,Azure Roller
Grant,83557,Roy,Mach 8,Cloud Glider,Leaf Tires
Panda,86639,Dry Bowser,Blue Falcon,Paraglider,Crimson Slim
Panda,86545,Dry Bowser,Blue Falcon,Paraglider,Crimson Slim
Alberto,108135,Roy,Streetle,Paper Glider,Azure Roller
Braydon,73651,Lemmy,Biddybuggy,Parachute,Roller
Alberto,108087,Roy,Streetle,Paper Glider,Azure Roller
StervtL,77421,Wario,Wild Wiggler,Paper Glider,Azure Roller
Alberto,107961,Roy,Streetle,Paper Glider,Azure Roller
そうめん,115913,Waluigi,Biddybuggy,Paper Glider,Roller
StervtL,77417,Wario,Wild Wiggler,Paper Glider,Azure Roller
クローリン,84144,Waluigi,Biddybuggy,Paper Glider,Leaf Tires
StervtL,77405,Wario,Wild Wiggler,Paper Glider,Azure Roller
そうめん,115831,Waluigi,Biddybuggy,Paper Glider,Roller
Army,86493,Wario,Blue Falcon,Gold Glider,Crimson Slim
Panda,88037,Donkey Kong,Biddybuggy,Paper Glider,Azure Roller
クローリン,84092,Waluigi,Biddybuggy,Paper Glider,Leaf Tires
Army,86461,Wario,Blue Falcon,Gold Glider,Crimson Slim
StervtL,83616,Wario,Mach 8,Paper Glider,Leaf Tires
Alberto,85487,Wario,Mach 8,Wario Wing,Crimson Slim
Alberto,85462,Wario,Mach 8,Wario Wing,Crimson Slim
Alberto,85412,Heavy Mii Mega Man,Mach 8,Wario Wing,Crimson Slim
Alberto,85459,Heavy Mii Wario,Mach 8,Wario Wing,Crimson Slim
Alberto,85399,Wario,Mach 8,Wario Wing,Crimson Slim
Alberto,85384,Wario,Mach 8,Wario Wing,Crimson Slim
Panda,88014,Donkey Kong,Biddybuggy,Paper Glider,Azure Roller
Braydon,73571,Lemmy,Biddybuggy,Parachute,Azure Roller
Panda,87994,Donkey Kong,Biddybuggy,Paper Glider,Azure Roller
Alpaco,73537,Baby Rosalina,Biddybuggy,Paper Glider,Azure Roller
Army,77686,Roy,Biddybuggy,Paper Glider,Azure Roller
Alberto,119889,Roy,Biddybuggy,Paper Glider,Azure Roller
StervtL,111618,Dry Bowser,Inkstriker,Gold Glider,Azure Roller
Panda,87988,Donkey Kong,Biddybuggy,Paper Glider,Azure Roller
Alberto,119623,Donkey Kong,Biddybuggy,Paper Glider,Azure Roller
Army,77654,Roy,Biddybuggy,Paper Glider,Azure Roller
EternalX,55871,Baby Daisy,Biddybuggy,Parachute,Azure Roller
StervtL,111553,Dry Bowser,Inkstriker,Gold Glider,Azure Roller
Panda,87962,Donkey Kong,Biddybuggy,Paper Glider,Azure Roller
Panda,87929,Donkey Kong,Biddybuggy,Paper Glider,Azure Roller
StervtL,111530,Wario,Inkstriker,Gold Glider,Azure Roller
Army,119713,Roy,Biddybuggy,Paper Glider,Azure Roller
Braydon,73524,Baby Peach,Biddybuggy,Parachute,Azure Roller
Alberto,73478,Baby Daisy,Biddybuggy,Parachute,Azure Roller
StervtL,111513,Wario,Inkstriker,Gold Glider,Azure Roller
Alberto,119692,Roy,Biddybuggy,Paper Glider,Azure Roller
Alberto,119675,Roy,Biddybuggy,Paper Glider,Azure Roller
StervtL,111494,Wario,Inkstriker,Gold Glider,Azure Roller
MadSun,111432,Dry Bowser,Inkstriker,Gold Glider,Azure Roller
StervtL,111423,Wario,Inkstriker,Gold Glider,Azure Roller
Roberto,72187,Heavy Mii Bowser,Sport Bike,Super Glider,Metal
Thunderfire,80972,Wario,Mach 8,Cloud Glider,Wood
StervtL,111421,Wario,Inkstriker,Gold Glider,Azure Roller
StervtL,111349,Wario,Inkstriker,Gold Glider,Azure Roller
Panda,108183,Baby Daisy,Biddybuggy,Paper Glider,Azure Roller
Panda,73992,Baby Peach,Biddybuggy,Paper Glider,Azure Roller
Alberto,71176,Roy,Biddybuggy,Paper Glider,Azure Roller
alpha,75969,Baby Peach,Mr. Scooty,Parachute,Azure Roller
なすの,103717,Waluigi,Biddybuggy,Paper Glider,Roller
Alberto,106618,Baby Peach,Biddybuggy,Paper Glider,Azure Roller
Army,106523,Baby Daisy,Biddybuggy,Cloud Glider,Azure Roller
Alberto,106427,Baby Peach,Biddybuggy,Paper Glider,Azure Roller
Technical,92321,Yoshi,Biddybuggy,Paper Glider,Roller
Panda,108266,Baby Daisy,Biddybuggy,Paper Glider,Azure Roller
4laps2win,71083,Heavy Mii Crossing,Teddy Buggy,Waddle Wing,Azure Roller
StervtL,111319,Wario,Inkstriker,Gold Glider,Azure Roller
Panda,108131,Baby Daisy,Biddybuggy,Paper Glider,Azure Roller
Technical,92286,Yoshi,Biddybuggy,Paper Glider,Roller
StervtL,111318,Wario,Inkstriker,Gold Glider,Azure Roller
Panda,108014,Baby Daisy,Biddybuggy,Paper Glider,Azure Roller
Alberto,71164,Roy,Biddybuggy,Paper Glider,Azure Roller
Alberto,109182,Baby Daisy,Biddybuggy,Paper Glider,Azure Roller
Alberto,109170,Baby Daisy,Biddybuggy,Paper Glider,Azure Roller
Alberto,109068,Baby Daisy,Biddybuggy,Paper Glider,Azure Roller
Panda,86470,Dry Bowser,Wild Wiggler,Paper Glider,Leaf Tires
Alberto,73860,Roy,Pipe Frame,Super Glider,Azure Roller
Alberto,73793,Roy,Pipe Frame,Super Glider,Azure Roller
Alberto,73851,Roy,Pipe Frame,Super Glider,Azure Roller
Alberto,73817,Roy,Pipe Frame,Super Glider,Azure Roller
Panda,86410,Dry Bowser,Wild Wiggler,Paper Glider,Leaf Tires
Panda,86380,Dry Bowser,Wild Wiggler,Paper Glider,Leaf Tires
Panda,86365,Dry Bowser,Wild Wiggler,Paper Glider,Leaf Tires
Alberto,73719,Roy,Pipe Frame,Hylian Kite,Azure Roller
るるりっく,107373,Roy,Biddybuggy,Paper Glider,Leaf Tires
Army,58876,Wario,Sneeker,Gold Glider,Crimson Slim
もぺち,84068,Waluigi,Biddybuggy,Paper Glider,Leaf Tires
4laps2win,71068,Heavy Mii Crossing,Teddy Buggy,Waddle Wing,Azure Roller
クローリン,84044,Waluigi,Biddybuggy,Paper Glider,Leaf Tires
Alberto,77441,Rosalina,Streetle,Paper Glider,Azure Roller
Panda,114353,Donkey Kong,Biddybuggy,Paper Glider,Azure Roller
Panda,114349,Donkey Kong,Biddybuggy,Paper Glider,Azure Roller
Alberto,77409,Rosalina,Streetle,Paper Glider,Azure Roller
Army,107993,Baby Daisy,Biddybuggy,Cloud Glider,Azure Roller
Army,107830,Baby Daisy,Biddybuggy,Paper Glider,Azure Roller
Panda,114330,Donkey Kong,Biddybuggy,Paper Glider,Azure Roller
Panda,114273,Donkey Kong,Biddybuggy,Paper Glider,Azure Roller
Army,107670,Baby Daisy,Biddybuggy,Paper Glider,Azure Roller
Alberto,73653,Rosalina,Biddybuggy,Paper Glider,Azure Roller
Alberto,71107,Heavy Mii Mega Man,Biddybuggy,Paper Glider,Azure Roller
Alberto,77305,Wario,W 25 Silver Arrow,Paper Glider,Azure Roller
Panda,114238,Donkey Kong,Biddybuggy,Paper Glider,Azure Roller
Panda,114223,Donkey Kong,Biddybuggy,Paper Glider,Azure Roller
alpha,45349,Baby Daisy,Mr. Scooty,Parachute,Button
Panda,114226,Donkey Kong,Biddybuggy,Paper Glider,Azure Roller
Alberto,119668,Roy,Biddybuggy,Paper Glider,Azure Roller
Panda,114224,Donkey Kong,Biddybuggy,Paper Glider,Azure Roller
Alberto,119642,Waluigi,Biddybuggy,Paper Glider,Azure Roller
Alberto,119638,Donkey Kong,Biddybuggy,Paper Glider,Azure Roller
Alberto,119601,Roy,Biddybuggy,Paper Glider,Azure Roller
Alberto,119585,Roy,Biddybuggy,Paper Glider,Azure Roller
Panda,114161,Donkey Kong,Biddybuggy,Paper Glider,Azure Roller
Alberto,119565,Roy,Biddybuggy,Paper Glider,Azure Roller
Panda,114196,Donkey Kong,Biddybuggy,Paper Glider,Azure Roller
Panda,114042,Donkey Kong,Biddybuggy,Paper Glider,Azure Roller
Panda,113931,Donkey Kong,Biddybuggy,Paper Glider,Azure Roller
Panda,113839,Donkey Kong,Biddybuggy,Paper Glider,Azure Roller
なすの,95293,Wario,Wild Wiggler,Paper Glider,Roller
Alberto,82490,Roy,Streetle,Paper Glider,Azure Roller
Thunderfire,80947,Heavy Mii Cpt Falcon,Mach 8,Cloud Glider,Wood
Panda,113812,Donkey Kong,Biddybuggy,Paper Glider,Azure Roller
Alpaco,73476,Lemmy,Biddybuggy,Parachute,Roller
Panda,113804,Donkey Kong,Biddybuggy,Paper Glider,Azure Roller
Alberto,82477,Waluigi,Streetle,Paper Glider,Azure Roller
Alberto,82455,Waluigi,Streetle,Paper Glider,Azure Roller
EternalX,45318,Baby Peach,Mr. Scooty,Parachute,Button
Panda,113766,Donkey Kong,Biddybuggy,Paper Glider,Azure Roller
StervtL,111308,Wario,Inkstriker,Gold Glider,Azure Roller
Alberto,82449,Waluigi,Streetle,Paper Glider,Azure Roller
Alberto,82434,Waluigi,Streetle,Paper Glider,Azure Roller
Alberto,82395,Waluigi,Streetle,Paper Glider,Azure Roller
ろこあ,119623,Baby Daisy,Biddybuggy,Paper Glider,Azure Roller
EternalX,45196,Baby Peach,Mr. Scooty,Parachute,Button
Panda,77910,Rosalina,Landship,Paper Glider,Azure Roller
クローリン,83990,Waluigi,Biddybuggy,Paper Glider,Leaf Tires
Panda,77836,King Boo,Landship,Paper Glider,Azure Roller
Pii,80876,Dry Bowser,Mach 8,Cloud Glider,Wood
Panda,77848,King Boo,Landship,Paper Glider,Azure Roller
Panda,77674,King Boo,Landship,Paper Glider,Azure Roller
4laps2win,71065,Heavy Mii Crossing,Teddy Buggy,Waddle Wing,Azure Roller
Panda,113661,Donkey Kong,Biddybuggy,Paper Glider,Azure Roller
4laps2win,71001,Heavy Mii Crossing,Teddy Buggy,Waddle Wing,Azure Roller
Alberto,100786,Baby Daisy,Biddybuggy,Parachute,Azure Roller
Pii,80785,Heavy Mii Cpt Falcon,Mach 8,Cloud Glider,Wood
Technical,92174,Yoshi,Biddybuggy,Paper Glider,Roller
アーモンド,119602,Baby Daisy,Biddybuggy,Paper Glider,Azure Roller
frog,73476,Baby Peach,Biddybuggy,Paper Glider,Azure Roller
ふゆいろ,115217,Champion Link,Streetle,Paper Glider,Azure Roller
Aarón,103694,Waluigi,Biddybuggy,Paper Glider,Azure Roller
ろこあ,119506,Baby Daisy,Biddybuggy,Paper Glider,Azure Roller
Plunky,83249,Donkey Kong,Biddybuggy,Super Glider,Azure Roller
Alberto,83156,Roy,Biddybuggy,Paper Glider,Azure Roller
Army,67694,Wario,Wild Wiggler,Cloud Glider,Azure Roller
Alpaco,73589,Waluigi,Biddybuggy,Cloud Glider,Azure Roller
Pii,75464,Roy,Biddybuggy,Cloud Glider,Azure Roller
Army,67620,Wario,Wild Wiggler,Cloud Glider,Azure Roller
Aarón,103660,Waluigi,Biddybuggy,Paper Glider,Azure Roller
Army,67671,Wario,Wild Wiggler,Cloud Glider,Azure Roller
Panda,83204,Donkey Kong,Biddybuggy,Paper Glider,Azure Roller
Alberto,73530,Donkey Kong,Biddybuggy,Parachute,Azure Roller
Pii,80783,Heavy Mii Cpt Falcon,Mach 8,Cloud Glider,Wood
Panda,83106,Donkey Kong,Biddybuggy,Paper Glider,Azure Roller
Alberto,84772,Waluigi,Wild Wiggler,Wario Wing,Azure Roller
Alberto,83084,Waluigi,Biddybuggy,Paper Glider,Azure Roller
Panda,83030,Donkey Kong,Biddybuggy,Paper Glider,Azure Roller
Alberto,82989,Donkey Kong,Biddybuggy,Paper Glider,Azure Roller
Alberto,73510,Donkey Kong,Biddybuggy,Paper Glider,Azure Roller
Alberto,73445,Waluigi,Biddybuggy,Paper Glider,Azure Roller
Pii,80738,Heavy Mii Cpt Falcon,Mach 8,Cloud Glider,Wood
StervtL,73660,Roy,Biddybuggy,Paper Glider,Azure Roller
Vincent,80125,Dry Bowser,Mach 8,Paper Glider,Leaf Tires
Vincent,80123,Dry Bowser,Mach 8,Paper Glider,Leaf Tires
エル,107930,Waluigi,Biddybuggy,Paper Glider,Azure Roller
エル,107867,Waluigi,Biddybuggy,Paper Glider,Azure Roller
Alberto,103505,Baby Daisy,Biddybuggy,Paper Glider,Azure Roller
エル,107893,Waluigi,Biddybuggy,Paper Glider,Azure Roller
Panda,82925,Donkey Kong,Biddybuggy,Paper Glider,Azure Roller
エル,107877,Waluigi,Biddybuggy,Paper Glider,Azure Roller
Alberto,84748,Waluigi,Wild Wiggler,Wario Wing,Azure Roller
Alberto,110717,Waluigi,Mr. Scooty,Paper Glider,Azure Roller
StervtL,84596,Waluigi,Wild Wiggler,Gold Glider,Azure Roller
Alberto,110846,Waluigi,Mr. Scooty,Paper Glider,Azure Roller
クローリン,110938,Waluigi,Mr. Scooty,Paper Glider,Azure Roller
Alpaco,73439,Baby Peach,Biddybuggy,Parachute,Azure Roller
Alberto,110930,Waluigi,Mr. Scooty,Paper Glider,Azure Roller
Alberto,110909,Waluigi,Mr. Scooty,Paper Glider,Azure Roller
Alberto,110874,Roy,Mr. Scooty,Paper Glider,Azure Roller
Alberto,110876,Waluigi,Mr. Scooty,Paper Glider,Azure Roller
エル,107852,Waluigi,Biddybuggy,Paper Glider,Azure Roller
Alberto,110741,Waluigi,Mr. Scooty,Paper Glider,Azure Roller
StervtL,84718,Waluigi,Wild Wiggler,Gold Glider,Azure Roller
Alberto,110840,Waluigi,Mr. Scooty,Paper Glider,Azure Roller
Army,100885,Baby Daisy,Biddybuggy,Parachute,Azure Roller
Army,100873,Baby Daisy,Biddybuggy,Parachute,Azure Roller
StervtL,84717,Waluigi,Wild Wiggler,Gold Glider,Azure Roller
StervtL,84675,Waluigi,Wild Wiggler,Gold Glider,Azure Roller
StervtL,84653,Waluigi,Wild Wiggler,Gold Glider,Azure Roller
StervtL,84616,Waluigi,Wild Wiggler,Gold Glider,Azure Roller
StervtL,84604,Waluigi,Wild Wiggler,Gold Glider,Azure Roller
Army,100817,Baby Daisy,Biddybuggy,Parachute,Azure Roller
エル,107847,Waluigi,Biddybuggy,Paper Glider,Azure Roller
Army,100836,Baby Daisy,Biddybuggy,Parachute,Azure Roller
Panda,82687,Donkey Kong,Biddybuggy,Paper Glider,Azure Roller
frog,118954,Baby Rosalina,Biddybuggy,Paper Glider,Azure Roller
StervtL,84549,Waluigi,Wild Wiggler,Gold Glider,Azure Roller
JenZua,55798,Baby Daisy,Biddybuggy,Paper Glider,Azure Roller
Alberto,118953,Lemmy,Biddybuggy,Paper Glider,Azure Roller
Alberto,118825,Lemmy,Biddybuggy,Parachute,Azure Roller
Alberto,118822,Lemmy,Biddybuggy,Parachute,Azure Roller
StervtL,84543,Waluigi,Wild Wiggler,Gold Glider,Azure Roller
K4I,105703,Waluigi,Biddybuggy,Paper Glider,Leaf Tires
エル,107830,Waluigi,Biddybuggy,Paper Glider,Azure Roller
ムスカ,125795,Wario,Mach 8,Super Glider,Slick
B!KZO,125674,Morton,W 25 Silver Arrow,MKTV Parafoil,Crimson Slim
B!KZO,79765,Morton,Streetle,Plane Glider,Slim
B!KZO,79089,Dry Bowser,Streetle,Plane Glider,Slim
ゆゆゆ,116324,Bowser,Sport Bike,Wario Wing,Slick
ゆゆゆ,115720,Wario,Sport Bike,Wario Wing,Slim
Peze,109226,Wario,Streetle,Super Glider,Azure Roller
7step,107020,Wario,Biddybuggy,Paper Glider,Roller
Xander,126077,Wario,Streetle,Super Glider,Slim
むし,106096,Gold Mario,Streetle,Paper Glider,Roller
StervtL,84544,Waluigi,Wild Wiggler,Gold Glider,Azure Roller
StervtL,84470,Waluigi,Wild Wiggler,Gold Glider,Azure Roller
StervtL,84526,Waluigi,Wild Wiggler,Gold Glider,Azure Roller
Alpaco,73438,Baby Daisy,Biddybuggy,Parachute,Azure Roller
K4I,105646,Waluigi,Biddybuggy,Paper Glider,Leaf Tires
frog,73429,Baby Peach,Biddybuggy,Paper Glider,Azure Roller
Alpaco,73372,Baby Daisy,Biddybuggy,Parachute,Azure Roller
Alberto,103465,Baby Peach,Biddybuggy,Parachute,Azure Roller
Panda,77640,King Boo,Landship,Paper Glider,Azure Roller
Alberto,109051,Baby Daisy,Biddybuggy,Paper Glider,Azure Roller
Alberto,109018,Baby Daisy,Biddybuggy,Cloud Glider,Azure Roller
Alberto,109026,Baby Daisy,Biddybuggy,Cloud Glider,Azure Roller
alpha,45137,Baby Daisy,Mr. Scooty,Parachute,Button
Alberto,109005,Baby Daisy,Biddybuggy,Cloud Glider,Azure Roller
Alberto,108987,Baby Daisy,Biddybuggy,Cloud Glider,Azure Roller
JenZua,55732,Baby Daisy,Biddybuggy,Paper Glider,Azure Roller
StervtL,83583,Wario,Mach 8,Paper Glider,Leaf Tires
おまる,72187,Heavy Mii Kirby,Sport Bike,Super Glider,Metal
K4I,123213,Roy,Mr. Scooty,Paper Glider,Azure Roller
なすの,107341,Roy,Biddybuggy,Paper Glider,Leaf Tires
Alberto,77370,Rosalina,Streetle,Parachute,Azure Roller
Alberto,77298,King Boo,Streetle,Parachute,Azure Roller
Alberto,77360,Rosalina,Streetle,Parachute,Azure Roller
るるりっく,107315,Donkey Kong,Biddybuggy,Paper Glider,Leaf Tires
StervtL,60153,Waluigi,Wild Wiggler,Paper Glider,Leaf Tires
Alberto,77282,King Boo,Streetle,Parachute,Azure Roller
Army,77614,Roy,Biddybuggy,Paper Glider,Azure Roller
Army,77608,Roy,Biddybuggy,Paper Glider,Azure Roller
Alberto,77245,King Boo,Streetle,Paper Glider,Azure Roller
るるりっく,107257,Donkey Kong,Biddybuggy,Paper Glider,Leaf Tires
るるりっく,107166,Waluigi,Biddybuggy,Paper Glider,Leaf Tires
Army,77567,Roy,Biddybuggy,Paper Glider,Azure Roller
Army,77561,Roy,Biddybuggy,Paper Glider,Azure Roller
なすの,123182,Waluigi,Mr. Scooty,Cloud Glider,Roller
Alberto,120475,Waluigi,Biddybuggy,Paper Glider,Azure Roller
Alberto,120525,Roy,Biddybuggy,Paper Glider,Azure Roller
K4I,123127,Waluigi,Mr. Scooty,Paper Glider,Azure Roller
ろーる,73026,Heavy Mii,W 25 Silver Arrow,Paper Glider,Leaf Tires
Alberto,120471,Waluigi,Biddybuggy,Paper Glider,Azure Roller
Alberto,120464,Donkey Kong,Biddybuggy,Paper Glider,Azure Roller
Alberto,120446,Donkey Kong,Biddybuggy,Paper Glider,Azure Roller
alpha,45069,Baby Peach,Mr. Scooty,Parachute,Button
Alberto,120417,Roy,Biddybuggy,Paper Glider,Azure Roller
Alberto,120421,Donkey Kong,Biddybuggy,Paper Glider,Azure Roller
Alberto,120352,Roy,Biddybuggy,Paper Glider,Azure Roller
Alberto,120345,Waluigi,Biddybuggy,Paper Glider,Azure Roller
Alberto,120329,Waluigi,Biddybuggy,Paper Glider,Azure Roller
Panda,113645,Donkey Kong,Biddybuggy,Paper Glider,Azure Roller
Alberto,120285,Waluigi,Biddybuggy,Paper Glider,Azure Roller
Alberto,83657,Roy,W 25 Silver Arrow,Gold Glider,Azure Roller
EternalX,55617,Baby Daisy,Biddybuggy,Parachute,Azure Roller
Alberto,89127,Wario,Teddy Buggy,Paper Glider,Azure Roller
Alberto,100739,Roy,Mr. Scooty,Paper Glider,Azure Roller
Alberto,100693,Waluigi,Mr. Scooty,Paper Glider,Azure Roller
Alberto,100651,Waluigi,Mr. Scooty,Paper Glider,Azure Roller
Alberto,100638,Waluigi,Mr. Scooty,Paper Glider,Azure Roller
Alberto,100597,Waluigi,Mr. Scooty,Paper Glider,Azure Roller
EternalX,45056,Baby Peach,Mr. Scooty,Parachute,Button
Alberto,83618,Roy,W 25 Silver Arrow,Super Glider,Azure Roller
alpha,45023,Baby Daisy,Mr. Scooty,Parachute,Button
Panda,113616,Donkey Kong,Biddybuggy,Paper Glider,Azure Roller
おまる,72173,Heavy Mii Mario,Sport Bike,Super Glider,Metal
Panda,113565,Donkey Kong,Biddybuggy,Paper Glider,Azure Roller
EternalX,45019,Baby Peach,Mr. Scooty,Parachute,Button
StervtL,121297,Wario,Sports Coupe,Paper Glider,Azure Roller
alpha,45001,Baby Daisy,Mr. Scooty,Parachute,Button
EternalX,44967,Baby Daisy,Mr. Scooty,Parachute,Button
Alberto,88431,Waluigi,Wild Wiggler,Paper Glider,Azure Roller
Alberto,88419,Waluigi,Wild Wiggler,Paper Glider,Azure Roller
StervtL,115130,Rosalina,Streetle,Paper Glider,Azure Roller
Alberto,82113,Dry Bowser,Biddybuggy,Paper Glider,Azure Roller
Pii,82113,Wario,Biddybuggy,Paper Glider,Azure Roller
StervtL,114958,Rosalina,Streetle,Paper Glider,Azure Roller
StervtL,114784,Rosalina,Streetle,Paper Glider,Azure Roller
StervtL,114793,Rosalina,Streetle,Paper Glider,Azure Roller
StervtL,114782,Rosalina,Streetle,Paper Glider,Azure Roller
Paco,86474,Roy,Biddybuggy,Cloud Glider,Roller
StervtL,114634,Rosalina,Streetle,Paper Glider,Azure Roller
StervtL,114582,Rosalina,Streetle,Paper Glider,Azure Roller
Alberto,119535,Waluigi,Biddybuggy,Paper Glider,Azure Roller
StervtL,114534,Rosalina,Streetle,Paper Glider,Azure Roller
StervtL,114428,Rosalina,Streetle,Paper Glider,Azure Roller
StervtL,114519,Rosalina,Streetle,Paper Glider,Azure Roller
StervtL,114143,Rosalina,Streetle,Paper Glider,Azure Roller
StervtL,114217,Rosalina,Streetle,Paper Glider,Azure Roller
StervtL,114009,Rosalina,Streetle,Paper Glider,Azure Roller
StervtL,114036,Rosalina,Streetle,Paper Glider,Azure Roller
StervtL,113915,Rosalina,Streetle,Paper Glider,Azure Roller
StervtL,113870,Rosalina,Streetle,Paper Glider,Azure Roller
Alberto,103127,Baby Daisy,Biddybuggy,Paper Glider,Azure Roller
StervtL,113855,Rosalina,Streetle,Paper Glider,Azure Roller
StervtL,113842,Rosalina,Streetle,Paper Glider,Azure Roller
Pii,82065,Wario,Biddybuggy,Paper Glider,Azure Roller
Lemon,100956,Baby Daisy,Biddybuggy,Paper Glider,Azure Roller
Pii,82060,Wario,Biddybuggy,Paper Glider,Azure Roller
Pii,82032,Wario,Biddybuggy,Paper Glider,Azure Roller
Pii,82016,Wario,Biddybuggy,Cloud Glider,Azure Roller
Pii,81974,Wario,Biddybuggy,Cloud Glider,Azure Roller
Alberto,103086,Baby Daisy,Biddybuggy,Paper Glider,Azure Roller
Alberto,103094,Baby Daisy,Biddybuggy,Paper Glider,Azure Roller
StervtL,113801,Rosalina,Streetle,Paper Glider,Azure Roller
Alberto,103067,Baby Daisy,Biddybuggy,Paper Glider,Azure Roller
Alberto,103051,Baby Daisy,Biddybuggy,Paper Glider,Azure Roller
Lemon,100722,Baby Daisy,Biddybuggy,Paper Glider,Azure Roller
StervtL,113708,Rosalina,Streetle,Paper Glider,Azure Roller
Alberto,103031,Baby Daisy,Biddybuggy,Paper Glider,Azure Roller
Alberto,102918,Baby Daisy,Biddybuggy,Paper Glider,Azure Roller
StervtL,113548,Rosalina,Streetle,Paper Glider,Azure Roller
そうめん,100757,Baby Daisy,Biddybuggy,Paper Glider,Roller
Army,77299,Wario,W 25 Silver Arrow,Cloud Glider,Azure Roller
Alberto,77160,Wario,W 25 Silver Arrow,Paper Glider,Azure Roller
Army,77291,Wario,W 25 Silver Arrow,Cloud Glider,Azure Roller
そうめん,100632,Baby Daisy,Biddybuggy,Paper Glider,Roller
Army,77275,Wario,W 25 Silver Arrow,Cloud Glider,Azure Roller
Army,77222,Wario,W 25 Silver Arrow,Cloud Glider,Azure Roller
Army,77216,Wario,W 25 Silver Arrow,Cloud Glider,Azure Roller
Panda,82617,Donkey Kong,Biddybuggy,Paper Glider,Azure Roller
StervtL,113469,Rosalina,Streetle,Paper Glider,Azure Roller
Army,77081,Wario,W 25 Silver Arrow,Cloud Glider,Azure Roller
Army,76998,Wario,W 25 Silver Arrow,Cloud Glider,Azure Roller
Army,76954,Wario,W 25 Silver Arrow,Cloud Glider,Azure Roller
Army,76922,Wario,W 25 Silver Arrow,Cloud Glider,Azure Roller
Panda,82546,Donkey Kong,Biddybuggy,Paper Glider,Azure Roller
Panda,82599,Donkey Kong,Biddybuggy,Paper Glider,Azure Roller
Panda,82591,Donkey Kong,Biddybuggy,Paper Glider,Azure Roller
Vincent,80102,Dry Bowser,Mach 8,Paper Glider,Leaf Tires
Panda,82472,Donkey Kong,Biddybuggy,Paper Glider,Azure Roller
Vincent,80086,Dry Bowser,Mach 8,Paper Glider,Leaf Tires
Vincent,80092,Dry Bowser,Mach 8,Paper Glider,Leaf Tires
Alberto,100620,Baby Daisy,Biddybuggy,Paper Glider,Azure Roller
Alpaco,73294,Baby Peach,Biddybuggy,Cloud Glider,Azure Roller
Army,97243,Baby Daisy,Biddybuggy,Cloud Glider,Azure Roller
Army,97436,Baby Daisy,Biddybuggy,Cloud Glider,Azure Roller
Army,97422,Baby Daisy,Biddybuggy,Cloud Glider,Azure Roller
Army,97390,Baby Daisy,Biddybuggy,Cloud Glider,Azure Roller
Army,97351,Baby Daisy,Biddybuggy,Cloud Glider,Azure Roller
Army,97343,Baby Daisy,Biddybuggy,Cloud Glider,Azure Roller
Army,97342,Baby Daisy,Biddybuggy,Cloud Glider,Azure Roller
Vincent,80063,Dry Bowser,Mach 8,Paper Glider,Leaf Tires
Panda,73982,Baby Peach,Biddybuggy,Paper Glider,Azure Roller
Panda,73898,Baby Peach,Biddybuggy,Paper Glider,Azure Roller
Alberto,79295,Baby Daisy,Biddybuggy,Paper Glider,Azure Roller
Alberto,79251,Baby Daisy,Biddybuggy,Paper Glider,Azure Roller
Alberto,79207,Baby Daisy,Biddybuggy,Paper Glider,Azure Roller
Alberto,79191,Baby Daisy,Biddybuggy,Paper Glider,Azure Roller
Alberto,79167,Baby Peach,Biddybuggy,Paper Glider,Azure Roller
Alberto,79087,Baby Daisy,Biddybuggy,Paper Glider,Azure Roller
Alberto,79068,Baby Daisy,Biddybuggy,Paper Glider,Azure Roller
Panda,79845,Rosalina,Biddybuggy,Paper Glider,Azure Roller
Alberto,75395,Waluigi,Biddybuggy,Paper Glider,Azure Roller
Alberto,86464,Donkey Kong,Biddybuggy,Paper Glider,Azure Roller
Vincent,119502,Roy,Biddybuggy,Paper Glider,Azure Roller
Braydon,113963,Baby Peach,Biddybuggy,Parachute,Azure Roller
alpha,44964,Baby Peach,Mr. Scooty,Parachute,Button
Army,113962,Baby Daisy,Biddybuggy,Parachute,Azure Roller
Army,113624,Baby Daisy,Biddybuggy,Parachute,Azure Roller
Army,113937,Baby Daisy,Biddybuggy,Parachute,Azure Roller
4laps2win,70997,Heavy Mii Crossing,Teddy Buggy,Waddle Wing,Azure Roller
Army,119502,Donkey Kong,Biddybuggy,Cloud Glider,Azure Roller
Army,119472,Donkey Kong,Biddybuggy,Cloud Glider,Azure Roller
EternalX,44935,Baby Daisy,Mr. Scooty,Parachute,Button
Army,119469,Donkey Kong,Biddybuggy,Paper Glider,Azure Roller
Army,119392,Donkey Kong,Biddybuggy,Cloud Glider,Azure Roller
Vincent,119388,Roy,Biddybuggy,Paper Glider,Azure Roller
Vincent,119373,Roy,Biddybuggy,Paper Glider,Azure Roller
Vincent,119343,Roy,Biddybuggy,Paper Glider,Azure Roller
Vincent,119238,Roy,Biddybuggy,Paper Glider,Azure Roller
Paco,86460,Donkey Kong,Biddybuggy,Cloud Glider,Roller
Paco,86455,Donkey Kong,Biddybuggy,Cloud Glider,Roller
アーモンド,60666,Dry Bowser,Mach 8,Cloud Glider,Leaf Tires
StervtL,111286,Wario,Inkstriker,Gold Glider,Azure Roller
Army,102991,Baby Daisy,Biddybuggy,Parachute,Azure Roller
Army,58857,Wario,Sneeker,Hylian Kite,Crimson Slim
Army,58805,Wario,Sneeker,Hylian Kite,Crimson Slim
Army,58794,Wario,Sneeker,Hylian Kite,Crimson Slim
Panda,79793,Rosalina,Biddybuggy,Paper Glider,Azure Roller
Army,58782,Wario,Sneeker,Gold Glider,Crimson Slim
Panda,79717,Rosalina,Biddybuggy,Paper Glider,Azure Roller
Army,102877,Baby Daisy,Biddybuggy,Parachute,Azure Roller
Alberto,118538,Roy,Biddybuggy,Paper Glider,Azure Roller
Army,102844,Baby Daisy,Biddybuggy,Parachute,Azure Roller
Army,58746,Wario,Sneeker,Gold Glider,Crimson Slim
クローリン,83879,Waluigi,Biddybuggy,Paper Glider,Leaf Tires
Alberto,118472,Roy,Biddybuggy,Paper Glider,Azure Roller
Army,102739,Baby Daisy,Biddybuggy,Parachute,Azure Roller
StervtL,111256,Wario,Inkstriker,Gold Glider,Azure Roller
Paco,86448,Donkey Kong,Biddybuggy,Cloud Glider,Roller
Army,58734,Wario,Sneeker,Hylian Kite,Crimson Slim
K4I,118450,Waluigi,Biddybuggy,Paper Glider,Azure Roller
Nanase,116645,Waluigi,Biddybuggy,Paper Glider,Azure Roller
StervtL,113465,Rosalina,Streetle,Paper Glider,Azure Roller
Army,100574,Roy,Mr. Scooty,Paper Glider,Azure Roller
Army,100536,Roy,Mr. Scooty,Paper Glider,Azure Roller
Alberto,100517,Waluigi,Mr. Scooty,Paper Glider,Azure Roller
Alberto,118410,Roy,Biddybuggy,Paper Glider,Azure Roller
Alberto,116626,Waluigi,Biddybuggy,Paper Glider,Azure Roller
Alberto,116511,Waluigi,Biddybuggy,Paper Glider,Azure Roller
Alberto,116337,Waluigi,Biddybuggy,Paper Glider,Azure Roller
Alberto,100531,Waluigi,Mr. Scooty,Paper Glider,Azure Roller
Army,100517,Roy,Mr. Scooty,Paper Glider,Azure Roller
Alberto,116487,Waluigi,Biddybuggy,Paper Glider,Azure Roller
Alberto,116470,Waluigi,Biddybuggy,Paper Glider,Azure Roller
Alberto,116454,Waluigi,Biddybuggy,Paper Glider,Azure Roller
Alberto,116445,Waluigi,Biddybuggy,Paper Glider,Azure Roller
Alberto,116399,Waluigi,Biddybuggy,Paper Glider,Azure Roller
Alberto,100488,Waluigi,Mr. Scooty,Paper Glider,Azure Roller
Army,100488,Roy,Mr. Scooty,Paper Glider,Azure Roller
Army,100402,Roy,Mr. Scooty,Paper Glider,Azure Roller
なすの,120248,Waluigi,Biddybuggy,Paper Glider,Roller
Alberto,100288,Waluigi,Mr. Scooty,Paper Glider,Azure Roller
Alberto,100401,Waluigi,Mr. Scooty,Paper Glider,Azure Roller
Army,77460,Roy,Biddybuggy,Paper Glider,Azure Roller
もぺち,83887,Waluigi,Biddybuggy,Paper Glider,Leaf Tires
StervtL,60025,Waluigi,Wild Wiggler,Paper Glider,Leaf Tires
Alberto,76343,Wario,Landship,Super Glider,Azure Roller
Alberto,76282,Wario,Landship,Super Glider,Azure Roller
Alberto,76327,Wario,Landship,Super Glider,Azure Roller
Alberto,76290,Wario,Landship,Super Glider,Azure Roller
Alberto,76227,Wario,Landship,Super Glider,Azure Roller
Alberto,76222,Wario,Landship,Super Glider,Azure Roller
Panda,113482,Baby Daisy,Biddybuggy,Paper Glider,Azure Roller
StervtL,60080,Waluigi,Wild Wiggler,Paper Glider,Leaf Tires
Army,77533,Roy,Biddybuggy,Paper Glider,Azure Roller
EternalX,83611,Roy,W 25 Silver Arrow,Plane Glider,Azure Roller
Alberto,83592,Waluigi,W 25 Silver Arrow,Gold Glider,Azure Roller
Alberto,83528,Waluigi,W 25 Silver Arrow,Gold Glider,Azure Roller
Alberto,83455,Waluigi,W 25 Silver Arrow,Gold Glider,Azure Roller
K4I,118363,Waluigi,Biddybuggy,Paper Glider,Azure Roller
Alberto,83367,Waluigi,W 25 Silver Arrow,Super Glider,Azure Roller
Panda,113445,Baby Daisy ,Biddybuggy ,Paper Glider ,Azure Roller 
Army,77548,Roy,Biddybuggy,Paper Glider,Azure Roller
Army,77557,Roy,Biddybuggy,Paper Glider,Azure Roller
Army,77490,Roy,Biddybuggy,Paper Glider,Azure Roller
Army,77474,Roy,Biddybuggy,Paper Glider,Azure Roller
Army,77370,Roy,Biddybuggy,Paper Glider,Azure Roller
Alberto,76211,Wario,Landship,Super Glider,Azure Roller
Alberto,76159,Wario,Landship,Super Glider,Azure Roller
Alberto,76163,Wario,Landship,Super Glider,Azure Roller
StervtL,59968,Waluigi,Wild Wiggler,Paper Glider,Leaf Tires
Alberto,76142,Wario,Landship,Super Glider,Azure Roller
Alberto,103455,Baby Daisy,Biddybuggy,Cloud Glider,Azure Roller
Alberto,103446,Baby Daisy,Biddybuggy,Parachute,Azure Roller
Alberto,103397,Baby Daisy,Biddybuggy,Parachute,Azure Roller
Technical,81478,Wario,Biddybuggy,Parachute,Button
Alberto,103363,Baby Daisy,Biddybuggy,Parachute,Azure Roller
Panda,80638,Donkey Kong,Mr. Scooty,Paper Glider,Azure Roller
なすの,123057,Waluigi,Mr. Scooty,Cloud Glider,Azure Roller
Alberto,107925,Waluigi,Streetle,Paper Glider,Azure Roller
Army,58724,Wario,Sneeker,Gold Glider,Crimson Slim
Alberto,107913,Waluigi,Streetle,Paper Glider,Azure Roller
Alberto,107884,Waluigi,Streetle,Paper Glider,Azure Roller
Alberto,82337,Waluigi,Streetle,Paper Glider,Azure Roller
Army,58720,Wario,Sneeker,Gold Glider,Crimson Slim
Alberto,107864,Waluigi,Streetle,Paper Glider,Azure Roller
Alberto,82323,Waluigi,Streetle,Paper Glider,Azure Roller
Alberto,82296,Waluigi,Streetle,Paper Glider,Azure Roller
Alberto,82254,Waluigi,Streetle,Paper Glider,Azure Roller
Alberto,82286,Waluigi,Streetle,Paper Glider,Azure Roller
Army,100756,Baby Daisy,Biddybuggy,Parachute,Azure Roller
Army,100731,Baby Daisy,Biddybuggy,Parachute,Azure Roller
Alberto,82208,Waluigi,Streetle,Paper Glider,Azure Roller
Technical,92173,Yoshi,Biddybuggy,Paper Glider,Roller
Army,100629,Baby Daisy,Biddybuggy,Parachute,Azure Roller
Alberto,75370,Waluigi,Biddybuggy,Paper Glider,Azure Roller
Army,100704,Baby Daisy,Biddybuggy,Parachute,Azure Roller
アーモンド,83941,Waluigi,Teddy Buggy,Gold Glider,Azure Roller
Alberto,82194,Waluigi,Streetle,Paper Glider,Azure Roller
Paco,86426,Donkey Kong,Biddybuggy,Cloud Glider,Roller
Alberto,75186,Waluigi,Biddybuggy,Paper Glider,Azure Roller
Army,67493,Wario,Wild Wiggler,Cloud Glider,Azure Roller
Alberto,73003,Wario,W 25 Silver Arrow,Parachute,Leaf Tires
Alberto,72962,Wario,W 25 Silver Arrow,Paper Glider,Leaf Tires
Army,97131,Baby Daisy,Biddybuggy,Cloud Glider,Azure Roller
Army,107089,Roy,Biddybuggy,Cloud Glider,Leaf Tires
ろーる,72954,Heavy Mii,W 25 Silver Arrow,Paper Glider,Leaf Tires
3D,72170,Wario,Sport Bike,Super Glider,Metal
Pii,86394,Dry Bowser,W 25 Silver Arrow,Cloud Glider,Leaf Tires
Alberto,73421,Roy,Biddybuggy,Paper Glider,Azure Roller
Alberto,73412,Roy,Biddybuggy,Paper Glider,Azure Roller
Alberto,73417,Roy,Biddybuggy,Paper Glider,Azure Roller
Alberto,73375,Roy,Biddybuggy,Paper Glider,Azure Roller
Paco,86412,Donkey Kong,Biddybuggy,Cloud Glider,Roller
Alberto,114788,Baby Peach,Biddybuggy,Paper Glider,Azure Roller
JenZua,75094,Roy,Biddybuggy,Paper Glider,Azure Roller
Army,107497,Baby Daisy,Biddybuggy,Cloud Glider,Azure Roller
Army,107166,Baby Daisy,Biddybuggy,Cloud Glider,Azure Roller
しらぬい,107025,Waluigi,Biddybuggy,Paper Glider,Azure Roller
Vincent,119171,Donkey Kong,Biddybuggy,Parachute,Azure Roller
しらぬい,107077,Roy,Biddybuggy,Paper Glider,Azure Roller
EternalX,44899,Baby Daisy,Mr. Scooty,Parachute,Button 
Army,107396,Baby Daisy,Biddybuggy,Cloud Glider,Azure Roller
Army,107285,Baby Daisy,Biddybuggy,Cloud Glider,Azure Roller
Alberto,75073,Roy,Biddybuggy,Paper Glider,Azure Roller
おまる,72169,Heavy Mii Mario,Sport Bike,Super Glider,Metal
Alberto,74868,Roy,Biddybuggy,Paper Glider,Azure Roller
Alberto,75045,Roy,Biddybuggy,Paper Glider,Azure Roller 
Alberto,75004,Roy,Biddybuggy,Paper Glider,Azure Roller
しらぬい,106902,Waluigi,Biddybuggy,Paper Glider,Azure Roller
StervtL,102333,Roy,Biddybuggy,Paper Glider,Azure Roller
Alberto,78997,Baby Daisy,Biddybuggy,Paper Glider,Azure Roller
StervtL,122641,Wario,Splat Buggy,Gold Glider,Slim
3D,72165,Wario,Sport Bike,Super Glider,Metal
Alberto,105828,Waluigi,Biddybuggy,Paper Glider,Azure Roller
Alberto,105809,Roy,Biddybuggy,Paper Glider,Azure Roller
3D,72153,Wario,Sport Bike,Super Glider,Metal
おまる,72152,Heavy Mii Mario,Sport Bike,Super Glider,Metal
koko,105639,Roy,Biddybuggy,Cloud Glider,Leaf Tires
Alberto,105781,Roy,Biddybuggy,Paper Glider,Azure Roller
K4I,105636,Waluigi,Biddybuggy,Paper Glider,Leaf Tires
Alberto,85373,Wario,Mach 8,Wario Wing,Crimson Slim
koko,105595,Waluigi,Biddybuggy,Paper Glider,Leaf Tires
Army,107063,Baby Daisy,Biddybuggy,Cloud Glider,Azure Roller
Alberto,85341,Heavy Mii Rosalina,Mach 8,Wario Wing,Crimson Slim
Army,106912,Baby Daisy,Biddybuggy,Cloud Glider,Azure Roller
Alberto,85286,Dry Bowser,Mach 8,Gold Glider,Crimson Slim
Alberto,85258,Dry Bowser,Mach 8 ,Gold Glider,Crimson Slim
Alberto,85214,Wario,Mach 8,Gold Glider,Crimson Slim
koko,105624,Waluigi,Biddybuggy,Paper Glider,Leaf Tires
StervtL,102283,Roy,Biddybuggy,Paper Glider,Azure Roller
Panda,75879,Baby Peach,Mr. Scooty,Paper Glider,Azure Roller
K4I,105573,Donkey Kong,Biddybuggy,Paper Glider,Leaf Tires
StervtL,102250,Roy,Biddybuggy,Paper Glider,Azure Roller
Panda,75844,Baby Peach,Mr. Scooty,Paper Glider,Azure Roller
Alberto,77391,Wario,Wild Wiggler,Paper Glider,Azure Roller
Alberto,77386,Dry Bowser,Wild Wiggler,Paper Glider,Azure Roller
Technical,81459,Wario,Biddybuggy,Paper Glider,Button
Alberto,77381,Wario,Wild Wiggler,Paper Glider,Azure Roller
Pii,86391,Dry Bowser,W 25 Silver Arrow,Cloud Glider,Leaf Tires
Alberto,77383,Wario,Wild Wiggler,Paper Glider,Azure Roller
Alberto,77373,Wario,Wild Wiggler,Paper Glider,Azure Roller
Technical,92142,White Yoshi,Biddybuggy,Paper Glider,Azure Roller
StervtL,102233,Roy,Biddybuggy,Paper Glider,Azure Roller
Alberto,77323,Wario,Wild Wiggler,Paper Glider,Azure Roller
Alberto,77303,Wario,Wild Wiggler,Paper Glider,Azure Roller
Panda,79647,Rosalina,Biddybuggy,Paper Glider,Azure Roller
Alberto,76921,Wario,W 25 Silver Arrow,Cloud Glider,Azure Roller
JenZua,75751,Baby Daisy,Biddybuggy,Paper Glider,Azure Roller
Alberto,76848,Wario,W 25 Silver Arrow,Cloud Glider,Azure Roller
Alberto,76749,Heavy Mii Hylian,W 25 Silver Arrow,Paper Glider,Azure Roller
Alberto,76571,Wario,W 25 Silver Arrow,Paper Glider,Azure Roller
Alberto,76537,Wario,W 25 Silver Arrow,Paper Glider,Azure Roller
Alberto,76544,Wario,W 25 Silver Arrow,Paper Glider,Azure Roller
Alberto,77260,Wario,Wild Wiggler,Paper Glider,Azure Roller
Alberto,77286,Wario,Wild Wiggler,Paper Glider,Azure Roller
Alberto,76434,Wario,W 25 Silver Arrow,Paper Glider,Azure Roller
Alberto,119468,Baby Daisy,Biddybuggy,Paper Glider,Azure Roller
JenZua,75616,Baby Daisy,Biddybuggy,Paper Glider,Azure Roller
Alberto,119442,Baby Daisy,Biddybuggy,Paper Glider,Azure Roller
Alberto,119423,Baby Daisy,Biddybuggy,Paper Glider,Azure Roller
Alberto,119314,Baby Daisy,Biddybuggy,Paper Glider,Azure Roller
Alberto,119398,Baby Daisy,Biddybuggy,Paper Glider,Azure Roller
StervtL,102183,Roy,Biddybuggy,Paper Glider,Azure Roller
Alberto,106418,Baby Daisy,Biddybuggy,Paper Glider,Azure Roller
おまる,72151,Heavy Mii Mario,Sport Bike,Super Glider,Metal
Technical,92121,Yoshi,Biddybuggy,Paper Glider,Roller
Alberto,118350,Donkey Kong,Biddybuggy,Paper Glider,Azure Roller
StervtL,102166,Roy,Biddybuggy,Paper Glider,Azure Roller
Alberto,107566,Baby Daisy,Biddybuggy ,Parachute ,Azure Roller 
StervtL,102116,Roy,Biddybuggy,Paper Glider,Azure Roller
EternalX,44872,Baby Daisy,Mr. Scooty,Parachute,Button
Alberto,106042,Baby Daisy,Biddybuggy,Paper Glider,Azure Roller
EternalX,44866,Baby Daisy,Mr. Scooty,Parachute,Button
Alberto,118340,Waluigi,Biddybuggy,Paper Glider,Azure Roller
おまる,72144,Heavy Mii Bowser,Sport Bike,Super Glider,Metal
Alberto,106393,Baby Daisy,Biddybuggy,Paper Glider,Azure Roller
Alberto,106248,Baby Peach,Biddybuggy,Paper Glider,Azure Roller
Alberto,106094,Baby Peach,Biddybuggy,Paper Glider,Azure Roller
EternalX,44854,Baby Daisy,Mr. Scooty,Parachute,Button
Alberto,106023,Baby Daisy,Biddybuggy,Paper Glider,Azure Roller
Alberto,105915,Baby Daisy,Biddybuggy,Paper Glider,Azure Roller
Alberto,105738,Baby Daisy,Biddybuggy,Paper Glider,Azure Roller
Alberto,105709,Baby Daisy,Biddybuggy,Paper Glider,Azure Roller
EternalX,44833,Baby Daisy,Mr. Scooty,Parachute,Button
Army,86457,Wario,Blue Falcon ,Gold Glider ,Crimson Slim 
Army,86382,Wario,Blue Falcon,Gold Glider ,Crimson Slim 
EternalX,44819,Baby Daisy ,Mr. Scooty ,Parachute ,Button 
StervtL,102016,Roy,Biddybuggy ,Paper Glider ,Azure Roller 
Alberto,107235,Baby Daisy ,Biddybuggy ,Parachute ,Azure Roller 
Alberto,107384,Baby Daisy,Biddybuggy ,Parachute ,Azure Roller 
Alberto,107092,Baby Daisy,Biddybuggy,Parachute,Azure Roller
EternalX,44815,Baby Daisy ,Mr. Scooty,Parachute,Button
Alberto,95258,Dry Bowser,Wild Wiggler,Paper Glider,Azure Roller
EternalX,44794,Baby Daisy,Mr. Scooty,Parachute,Button
Army,105618,Baby Daisy ,Biddybuggy ,Paper Glider ,Azure Roller 
Alberto,95118,Dry Bowser,Wild Wiggler ,Paper Glider,Azure Roller
JenZua,55581,Baby Daisy,Biddybuggy,Paper Glider ,Azure Roller
JenZua,55578,Baby Daisy ,Biddybuggy ,Paper Glider ,Azure Roller 
EternalX,55546,Baby Daisy ,Biddybuggy ,Parachute ,Azure Roller 
Alberto,105449,Baby Peach,Biddybuggy ,Paper Glider ,Azure Roller 
Alberto,83539,Waluigi,Mach 8,Cloud Glider,Leaf Tires
Alberto,83441,Roy,Mach 8,Cloud Glider,Leaf Tires
Alberto,83505,Roy,Mach 8,Cloud Glider,Leaf Tires
なすの,122469,Waluigi,Mr. Scooty,Paper Glider,Azure Roller
Prometheus,116414,Waluigi,Mr. Scooty,Paper Glider ,Azure Roller 
Alberto,56601,Dry Bowser,Mach 8,Cloud Glider,Leaf Tires
Army,105447,Baby Daisy,Biddybuggy,Paper Glider,Azure Roller
Alberto,102767,Baby Daisy,Biddybuggy ,Paper Glider ,Azure Roller 
Alberto,102899,Baby Daisy ,Biddybuggy ,Cloud Glider ,Azure Roller 
Army,105366,Baby Daisy ,Biddybuggy ,Paper Glider ,Azure Roller 
Alberto,102866,Baby Daisy,Biddybuggy ,Paper Glider ,Azure Roller 
Alberto,102652,Baby Daisy ,Biddybuggy ,Paper Glider ,Azure Roller 
Vincent,86405,Roy,Biddybuggy,Parachute,Roller
Ronny,60650,Heavy Mii Cpt Falcon,Mach 8,Paper Glider ,Leaf Tires
StervtL,113438,Champion Link,Streetle,Paper Glider,Azure Roller
Alberto,110664,Baby Peach,Biddybuggy ,Paper Glider ,Azure Roller 
Alberto,110513,Baby Daisy ,Biddybuggy ,Paper Glider ,Azure Roller 
Alberto,110377,Baby Daisy ,Biddybuggy ,Paper Glider ,Azure Roller 
Alberto,110307,Baby Daisy,Biddybuggy ,Paper Glider ,Azure Roller 
Alberto,110288,Baby Daisy ,Biddybuggy ,Paper Glider ,Azure Roller 
しらぬい,120215,Waluigi,Wild Wiggler,Paper Glider ,Azure Roller
Pii,83913,Waluigi,Teddy Buggy,Gold Glider,Azure Roller
Pii,83888,Waluigi,Teddy Buggy,Gold Glider,Azure Roller
Pii,83869,Waluigi,Teddy Buggy,Gold Glider,Azure Roller
Alberto,110215,Baby Daisy,Biddybuggy,Paper Glider,Azure Roller
Alberto,110127,Baby Daisy,Biddybuggy,Paper Glider,Azure Roller
Alberto,109930,Baby Daisy ,Biddybuggy ,Paper Glider ,Azure Roller 
Alberto,110026,Baby Daisy ,Biddybuggy ,Paper Glider ,Azure Roller 
Alberto,109885,Baby Daisy ,Biddybuggy ,Paper Glider ,Azure Roller 
Pii,83859,Waluigi,Teddy Buggy,Gold Glider ,Azure Roller 
Pii,83840,Waluigi,Teddy Buggy,Gold Glider ,Azure Roller 
Panda,109778,Baby Daisy ,Biddybuggy ,Paper Glider ,Azure Roller 
Army,109484,Baby Daisy ,Biddybuggy,Paper Glider,Azure Roller
Vincent,86381,Roy,Biddybuggy ,Cloud Glider ,Roller
Army,109841,Baby Daisy ,Biddybuggy ,Paper Glider ,Azure Roller 
Alberto,109717,Baby Daisy ,Biddybuggy ,Paper Glider ,Azure Roller 
Alberto,109649,Baby Daisy ,Biddybuggy ,Paper Glider ,Azure Roller 
Army,109581,Baby Daisy ,Biddybuggy ,Paper Glider ,Azure Roller 
Alberto,88372,Waluigi,Wild Wiggler,Paper Glider ,Azure Roller 
エル,107829,Waluigi,Biddybuggy ,Paper Glider ,Azure Roller 
Pii,83799,Waluigi,Teddy Buggy,Gold Glider,Azure Roller
Panda,109399,Baby Daisy ,Biddybuggy ,Paper Glider ,Azure Roller 
Ronny,60633,Heavy Mii Crossing,Mach 8,Paper Glider ,Leaf Tires
Army,109501,Baby Daisy ,Biddybuggy ,Paper Glider ,Azure Roller 
Alberto,88327,Waluigi ,Wild Wiggler ,Paper Glider ,Azure Roller 
Panda,109467,Baby Daisy ,Biddybuggy ,Paper Glider ,Azure Roller 
しらぬい,109304,Baby Peach,Biddybuggy,Paper Glider,Azure Roller
Alberto,83764,Donkey Kong,Teddy Buggy,Gold Glider,Azure Roller 
Alberto,83724,Waluigi,Teddy Buggy,Gold Glider ,Azure Roller 
JenZua,80545,Roy,Biddybuggy ,Flower Glider,Azure Roller 
StervtL,102000,Roy,Biddybuggy ,Paper Glider ,Azure Roller 
Army,58667,Wario,Sneeker,Gold Glider ,Crimson Slim
Alberto,116304,Roy,Biddybuggy,Paper Glider,Azure Roller
Alberto,116103,Roy,Biddybuggy,Paper Glider,Azure Roller
StervtL,101983,Roy,Biddybuggy ,Paper Glider,Azure Roller
Army,58626,Wario,Sneeker,Gold Glider ,Crimson Slim 
Alberto,82171,Waluigi ,Streetle ,Paper Glider ,Azure Roller 
Alberto,82064,Waluigi,Streetle ,Paper Glider ,Azure Roller 
JenZua,62199,Waluigi,Mr. Scooty,Cloud Glider,Leaf Tires
Alberto,71027,Wario,Biddybuggy,Paper Glider,Azure Roller
そうめん,115689,Waluigi,Biddybuggy ,Paper Glider ,Roller
StervtL,122628,Wario,Splat Buggy,Gold Glider,Slim
StervtL,122599,Wario,Splat Buggy,Gold Glider,Slim
Army,111374,Baby Daisy,Biddybuggy,Parachute,Azure Roller
Army,111586,Baby Daisy ,Biddybuggy ,Paper Glider ,Azure Roller 
Army,111554,Baby Daisy,Biddybuggy,Paper Glider,Azure Roller
Army,111468,Baby Daisy,Biddybuggy,Paper Glider,Azure Roller
StervtL,122592,Wario,Splat Buggy,Gold Glider,Slim
Alberto,71023,Wario,Biddybuggy,Paper Glider,Azure Roller
Army,111452,Baby Daisy,Biddybuggy,Parachute,Azure Roller
Alberto,111225,Baby Daisy,Biddybuggy,Paper Glider,Azure Roller
StervtL,122574,Wario,Splat Buggy,Gold Glider,Slim
Alberto,111313,Baby Daisy,Biddybuggy,Paper Glider,Azure Roller
Alberto,111255,Baby Daisy,Biddybuggy ,Paper Glider ,Azure Roller 
Alberto,110979,Baby Daisy,Biddybuggy,Paper Glider,Azure Roller
StervtL,122549,Wario,Splat Buggy,Gold Glider,Slim
Alberto,70979,Wario,Biddybuggy ,Paper Glider,Azure Roller
StervtL,121241,Wario,Sports Coupe,Paper Glider ,Azure Roller 
Alberto,118541,Lemmy,Biddybuggy,Parachute,Azure Roller
alpha,75408,Baby Peach,Mr. Scooty,Cloud Glider,Azure Roller
しらぬい,118719,Baby Daisy ,Biddybuggy ,Parachute ,Azure Roller 
frog,118633,Baby Rosalina,Biddybuggy,Paper Glider,Azure Roller
もぺち,83870,Waluigi,Biddybuggy,Paper Glider,Button
Vincent,80028,Dry Bowser,Mach 8,Paper Glider,Leaf Tires
alpha,75213,Baby Peach,Mr. Scooty,Cloud Glider,Azure Roller
frog,73188,Baby Daisy,Biddybuggy,Paper Glider,Azure Roller
Alberto,118609,Lemmy,Biddybuggy,Parachute,Azure Roller
Alberto,118594,Lemmy,Biddybuggy,Parachute,Azure Roller
Alberto,118590,Lemmy,Biddybuggy,Parachute,Azure Roller
Panda,100355,Baby Rosalina,Biddybuggy,Paper Glider,Azure Roller
Alberto,118578,Lemmy,Biddybuggy,Parachute,Azure Roller
cipher,90831,Morton,Circuit Special,Plane Glider,Crimson Slim
Alberto,118556,Lemmy,Biddybuggy,Parachute,Azure Roller
StervtL,121223,Wario,Sports Coupe,Paper Glider,Azure Roller
StervtL,121212,Wario,Sports Coupe,Paper Glider,Azure Roller
StervtL,121176,Wario,Sports Coupe,Paper Glider,Azure Roller
Alberto,89112,Wario,Teddy Buggy,Paper Glider,Azure Roller
Alberto,89107,Wario,Teddy Buggy,Paper Glider ,Azure Roller 
Technical,92073,Yoshi,Biddybuggy,Paper Glider,Roller
Alberto,89092,Wario,Teddy Buggy,Paper Glider,Azure Roller
Alberto,89078,Wario,Teddy Buggy,Paper Glider,Azure Roller
Alberto,88975,Wario,Teddy Buggy,Paper Glider,Azure Roller
Army,76682,Baby Daisy ,Biddybuggy ,Parachute ,Leaf Tires
Prometheus,116343,Waluigi ,Mr. Scooty,Paper Glider ,Azure Roller 
Alberto,70923,Heavy Mii Mega Man,Teddy Buggy,Super Glider,Azure Roller
Alberto,89035,Wario,Teddy Buggy,Paper Glider,Azure Roller
Army,76680,Baby Daisy,Biddybuggy,Parachute,Leaf Tires
Army,76666,Baby Daisy,Biddybuggy,Parachute,Leaf Tires
Army,76640,Baby Daisy,Biddybuggy,Parachute,Leaf Tires
Army,76542,Baby Daisy,Biddybuggy,Parachute,Leaf Tires
Army,76458,Baby Daisy,Biddybuggy,Parachute,Leaf Tires
Technical,92060,Light-blue Yoshi,Biddybuggy,Paper Glider,Azure Roller
Alberto,77251,Wario,Wild Wiggler,Paper Glider ,Azure Roller 
Alberto,77241,Wario,Wild Wiggler ,Paper Glider ,Azure Roller 
Alberto,77202,Wario,Wild Wiggler ,Paper Glider ,Azure Roller 
Army,97094,Baby Daisy,Biddybuggy,Cloud Glider,Azure Roller
Army,97055,Baby Daisy,Biddybuggy,Cloud Glider,Azure Roller
Army,96931,Baby Daisy,Biddybuggy,Cloud Glider,Azure Roller
Alberto,114749,Baby Daisy,Biddybuggy,Paper Glider,Azure Roller
Alberto,84693,Baby Daisy,Biddybuggy,Paper Glider,Azure Roller
Alberto,84642,Baby Daisy,Biddybuggy,Paper Glider,Azure Roller
koko,105523,Waluigi,Biddybuggy,Paper Glider,Leaf Tires
Army,100265,Baby Daisy,Biddybuggy,Paper Glider,Azure Roller
Alpaco,73022,Baby Peach,Biddybuggy,Flower Glider,Azure Roller
Alberto,62507,Waluigi,Biddybuggy,Paper Glider,Azure Roller
Alberto,62506,Waluigi,Biddybuggy,Paper Glider,Azure Roller
Alberto,62505,Waluigi,Biddybuggy,Paper Glider,Azure Roller
しらぬい,109397,Baby Daisy,Biddybuggy,Paper Glider,Azure Roller
Army,100210,Baby Daisy,Biddybuggy,Paper Glider,Azure Roller
Alberto,62425,Waluigi,Biddybuggy,Paper Glider,Azure Roller
Army,86150,Waluigi,Wild Wiggler,Paper Glider,Leaf Tires
Alberto,62477,Waluigi,Biddybuggy,Paper Glider,Azure Roller
Vincent,62440,Roy,Biddybuggy,Paper Glider,Azure Roller
Alberto,107048,Baby Peach,Biddybuggy,Paper Glider,Azure Roller
Alberto,62380,Waluigi,Biddybuggy,Paper Glider,Azure Roller
Panda,122542,Heavy Mii DK,Splat Buggy,Wario Wing,Slim
Army,73618,Waluigi,Biddybuggy,Parachute,Azure Roller
しらぬい,119610,Roy,Biddybuggy,Paper Glider,Azure Roller
Alberto,77240,King Boo,Streetle,Paper Glider,Azure Roller
Alberto,77126,King Boo,Streetle,Paper Glider,Azure Roller
Panda,109262,Baby Daisy,Biddybuggy,Paper Glider,Azure Roller
しらぬい,119427,Roy,Biddybuggy,Paper Glider,Azure Roller
Army,73615,Waluigi,Biddybuggy,Paper Glider,Azure Roller
Army,73586,Waluigi,Biddybuggy,Parachute,Azure Roller
Technical,81433,Wario,Biddybuggy,Paper Glider,Button
Panda,109249,Baby Daisy,Biddybuggy,Paper Glider,Azure Roller
Panda,109198,Baby Daisy,Biddybuggy,Paper Glider,Azure Roller
Panda,109150,Baby Daisy,Biddybuggy,Paper Glider,Azure Roller
Panda,109107,Baby Daisy,Biddybuggy,Paper Glider,Azure Roller
Army,81903,Waluigi,Biddybuggy,Cloud Glider,Azure Roller
Alberto,75300,Wario,Wild Wiggler,Paper Glider,Azure Roller
alpha,62359,Waluigi,Biddybuggy,Paper Glider,Azure Roller
Army,102611,Baby Daisy,Biddybuggy,Parachute,Azure Roller
なすの,122974,Waluigi,Mr. Scooty,Paper Glider,Azure Roller
Army,102548,Baby Daisy,Mr. Scooty,Parachute,Azure Roller
Army,102331,Baby Daisy,Mr. Scooty,Parachute,Azure Roller
Alberto,75450,Wario,Wild Wiggler,Paper Glider,Azure Roller
なすの,122925,Waluigi,Mr. Scooty,Paper Glider,Azure Roller
Alberto,75400,Wario,Wild Wiggler,Paper Glider,Azure Roller
Army,73865,Baby Daisy,Biddybuggy,Paper Glider,Azure Roller
Alberto,75383,Wario,Wild Wiggler,Paper Glider,Azure Roller
Army,73824,Baby Daisy,Biddybuggy,Paper Glider,Azure Roller
alpha,75164,Baby Peach,Mr. Scooty,Cloud Glider,Azure Roller
Technical,81428,Wario,Biddybuggy,Paper Glider,Button
なすの,122837,Waluigi,Mr. Scooty,Paper Glider,Azure Roller
なすの,122658,Waluigi,Mr. Scooty,Paper Glider,Azure Roller
Alberto,103344,Baby Daisy,Biddybuggy,Paper Glider,Azure Roller
Alberto,103231,Baby Daisy,Biddybuggy,Paper Glider,Azure Roller
Alberto,103296,Baby Daisy,Biddybuggy,Paper Glider,Azure Roller
Alberto,103094,Baby Rosalina,Biddybuggy,Paper Glider,Azure Roller
Army,122834,Waluigi,Mr. Scooty,Parachute,Azure Roller
Alberto,103237,Baby Daisy,Biddybuggy,Paper Glider,Azure Roller
Army,102592,Baby Daisy,Biddybuggy,Paper Glider,Azure Roller
Alberto,103123,Baby Daisy,Biddybuggy,Paper Glider,Azure Roller
Alberto,102776,Baby Daisy,Biddybuggy,Paper Glider,Azure Roller
Army,102696,Baby Daisy,Biddybuggy,Paper Glider,Azure Roller
Alberto,107776,Baby Daisy,Biddybuggy,Paper Glider,Azure Roller
なすの,122810,Waluigi,Mr. Scooty,Paper Glider,Azure Roller
Alberto,103215,Baby Daisy,Biddybuggy,Paper Glider,Azure Roller
Alberto,103196,Baby Peach,Biddybuggy,Paper Glider,Azure Roller
Alberto,103063,Baby Daisy,Biddybuggy,Parachute,Azure Roller
Army,102564,Baby Daisy,Biddybuggy,Paper Glider,Azure Roller
Army,102382,Baby Daisy,Biddybuggy,Paper Glider,Azure Roller
Alberto,103083,Baby Daisy,Biddybuggy,Parachute,Azure Roller
なすの,122686,Waluigi,Mr. Scooty,Paper Glider,Azure Roller
なすの,122655,Waluigi,Mr. Scooty,Cloud Glider,Azure Roller
なすの,122508,Waluigi,Mr. Scooty,Paper Glider,Azure Roller
Panda,102380,Baby Daisy,Biddybuggy,Paper Glider,Azure Roller
しらぬい,107832,Baby Daisy,Biddybuggy,Paper Glider,Azure Roller
Army,102235,Baby Daisy,Biddybuggy,Paper Glider,Azure Roller
Alberto,107707,Baby Peach,Biddybuggy,Paper Glider,Azure Roller
Alberto,107628,Baby Daisy,Biddybuggy,Paper Glider,Azure Roller
Alberto,107568,Baby Daisy,Biddybuggy,Paper Glider,Azure Roller
Alberto,107362,Baby Daisy,Biddybuggy,Paper Glider,Azure Roller
Alberto,107475,Baby Daisy,Biddybuggy,Paper Glider,Azure Roller
Alberto,107420,Baby Daisy,Biddybuggy,Paper Glider,Azure Roller
Alberto,107373,Baby Daisy,Biddybuggy,Paper Glider,Azure Roller
Army,101957,Baby Daisy,Biddybuggy,Paper Glider,Azure Roller
しらぬい,107294,Baby Daisy,Biddybuggy,Paper Glider,Azure Roller
4laps2win,70913,Heavy Mii Crossing,Teddy Buggy,Waddle Wing,Azure Roller
Alberto,107305,Baby Daisy,Biddybuggy,Paper Glider,Azure Roller
Panda,101954,Baby Daisy,Biddybuggy,Paper Glider,Azure Roller
Panda,101936,Baby Daisy,Biddybuggy,Paper Glider,Azure Roller
Alberto,107264,Baby Daisy,Biddybuggy,Paper Glider,Azure Roller
Alberto,107217,Baby Daisy,Biddybuggy,Paper Glider,Azure Roller
Alberto,107202,Baby Daisy,Biddybuggy,Paper Glider,Azure Roller
Alberto,105725,Waluigi,Biddybuggy,Paper Glider,Azure Roller
Alberto,105619,Waluigi,Biddybuggy,Paper Glider,Azure Roller
alpha,62337,Waluigi,Biddybuggy,Cloud Glider,Azure Roller
Army,105472,Roy,Biddybuggy,Paper Glider,Azure Roller
Alberto,105603,Waluigi,Biddybuggy,Paper Glider,Azure Roller
Vincent,86378,Donkey Kong,Biddybuggy,Cloud Glider,Roller
Technical,92046,Yoshi,Biddybuggy,Paper Glider,Roller
しらぬい,114745,Baby Daisy,Biddybuggy,Paper Glider,Azure Roller
Alberto,114699,Baby Daisy,Biddybuggy,Paper Glider,Azure Roller
Alberto,114622,Baby Daisy,Biddybuggy,Paper Glider,Azure Roller
JenZua,55458,Baby Daisy,Biddybuggy,Paper Glider,Azure Roller
Alberto,120208,Waluigi,Biddybuggy,Paper Glider,Azure Roller
Alberto,120196,Waluigi,Biddybuggy,Paper Glider,Azure Roller
Alberto,120189,Waluigi,Biddybuggy,Paper Glider,Azure Roller
Panda,77573,King Boo,Landship,Parachute,Roller
Panda,77256,King Boo,Streetle,Paper Glider,Azure Roller
Alberto,120178,Waluigi,Biddybuggy,Paper Glider,Azure Roller
Alberto,120127,Waluigi,Biddybuggy,Paper Glider,Azure Roller
Alberto,120107,Waluigi,Biddybuggy,Paper Glider,Azure Roller
Alberto,120078,Waluigi,Biddybuggy,Paper Glider,Azure Roller
Alberto,119970,Waluigi,Mr. Scooty,Paper Glider,Azure Roller
Alberto,120055,Waluigi,Mr. Scooty,Paper Glider,Azure Roller
Panda,87845,Donkey Kong,Biddybuggy,Paper Glider,Azure Roller
Alberto,119931,Waluigi,Mr. Scooty,Paper Glider,Azure Roller
Alberto,119929,Donkey Kong,Mr. Scooty,Paper Glider,Azure Roller
Alberto,119893,Roy,Mr. Scooty,Paper Glider,Azure Roller
Alberto,115965,Waluigi,Biddybuggy,Paper Glider,Azure Roller
Alberto,84578,Heavy Mii Hylian,Biddybuggy,Paper Glider,Azure Roller
Byron,94804,Roy,Wild Wiggler,Paper Glider,Azure Roller
しらぬい,100129,Baby Rosalina,Biddybuggy,Paper Glider,Azure Roller
Pii,81854,Roy,Biddybuggy,Paper Glider,Azure Roller
DbD,77451,Dry Bowser,Sport Bike,Super Glider,Slim
Alberto,86360,Waluigi,Biddybuggy,Parachute,Azure Roller
TylerR,78034,Dry Bowser,Gold Standard,Gold Glider,Crimson Slim
Alberto,119892,Donkey Kong,Mr. Scooty,Paper Glider,Azure Roller
Army,86258,Wario,Blue Falcon,Gold Glider,Crimson Slim
Alberto,119889,Waluigi,Mr. Scooty,Paper Glider,Azure Roller
Alberto,119871,Waluigi,Mr. Scooty,Paper Glider,Azure Roller
Byron,94957,Waluigi,Wild Wiggler,Paper Glider,Azure Roller
Alberto,100262,Waluigi,Mr. Scooty,Paper Glider,Azure Roller
Alberto,100229,Waluigi,Mr. Scooty,Paper Glider,Azure Roller
Alberto,100211,Waluigi,Mr. Scooty,Paper Glider,Azure Roller
Alberto,100184,Waluigi,Mr. Scooty,Paper Glider,Azure Roller
Panda,106886,Donkey Kong,Biddybuggy,Paper Glider,Azure Roller
Alberto,88315,Waluigi,Wild Wiggler,Paper Glider,Azure Roller
Panda,106750,Donkey Kong,Biddybuggy,Paper Glider,Azure Roller
Panda,106623,Donkey Kong,Biddybuggy,Paper Glider,Azure Roller
Panda,106583,Donkey Kong,Biddybuggy,Paper Glider,Azure Roller
Army,67441,Wario,Wild Wiggler,Paper Glider,Azure Roller
Army,67419,Wario,Wild Wiggler,Paper Glider,Azure Roller
Technical,81403,Wario,Biddybuggy,Paper Glider,Button
Panda,106556,Donkey Kong,Biddybuggy,Paper Glider,Azure Roller
Alberto,77118,King Boo,Streetle,Cloud Glider,Azure Roller
Prometheus,116298,Waluigi,Mr. Scooty,Paper Glider,Azure Roller
Alberto,88307,Waluigi,Wild Wiggler,Paper Glider,Azure Roller
Alberto,88291,Waluigi,Wild Wiggler,Paper Glider,Azure Roller
StervtL,111250,Waluigi,Biddybuggy,Paper Glider,Azure Roller
EternalX,55415,Baby Daisy,Biddybuggy,Parachute,Azure Roller
Prometheus,116328,Waluigi,Mr. Scooty,Paper Glider,Azure Roller
Technical,81373,Wario,Biddybuggy,Paper Glider,Button
Panda,106400,Donkey Kong,Biddybuggy,Paper Glider,Azure Roller
Alberto,77051,Link,Streetle,Paper Glider,Azure Roller
Alberto,76897,Link,Streetle,Paper Glider,Azure Roller
Alberto,77042,Link,Streetle,Paper Glider,Azure Roller
Ronny,105443,Waluigi,Biddybuggy,Cloud Glider,Azure Roller
Byron,94935,Donkey Kong,Wild Wiggler,Paper Glider,Azure Roller
Vincent,86323,Roy,Biddybuggy,Cloud Glider,Roller
Byron,94786,Roy,Wild Wiggler,Paper Glider,Azure Roller
Ronny,105419,Waluigi,Biddybuggy,Cloud Glider,Azure Roller
Technical,91990,Yoshi,Biddybuggy,Paper Glider,Roller
stove,103049,Baby Daisy,Biddybuggy,Paper Glider,Azure Roller
stove,103000,Baby Daisy,Biddybuggy,Paper Glider,Azure Roller
Byron,94870,Donkey Kong,Wild Wiggler,Paper Glider,Azure Roller
Panda,113188,Baby Daisy,Biddybuggy,Paper Glider,Azure Roller
Alberto,70911,Heavy Mii Mega Man,Teddy Buggy,Super Glider,Azure Roller
Pii,86350,Dry Bowser,W 25 Silver Arrow,Cloud Glider,Leaf Tires
Alberto,102956,Baby Daisy,Biddybuggy,Cloud Glider,Azure Roller
Alberto,102955,Baby Daisy,Biddybuggy,Cloud Glider,Azure Roller
Alberto,62318,Waluigi,Biddybuggy,Cloud Glider,Azure Roller
Alberto,62312,Waluigi,Biddybuggy,Cloud Glider,Azure Roller
Alberto,62298,Waluigi,Biddybuggy,Cloud Glider,Azure Roller
Panda,113388,Baby Daisy,Biddybuggy,Paper Glider,Azure Roller
Alberto,62286,Waluigi,Biddybuggy,Flower Glider,Azure Roller
Alberto,88276,Donkey Kong,Wild Wiggler,Cloud Glider,Roller
Alberto,62243,Roy,Biddybuggy,Cloud Glider,Azure Roller
クローリン,83837,Roy,Biddybuggy,Flower Glider,Button
Panda,73780,Baby Peach,Biddybuggy,Paper Glider,Azure Roller
Alberto,88253,Donkey Kong,Wild Wiggler,Cloud Glider,Roller
Panda,73519,Baby Peach,Biddybuggy,Paper Glider,Azure Roller
4laps2win,70761,Heavy Mii Crossing,Teddy Buggy,Super Glider,Azure Roller
4laps2win,70888,Heavy Mii Crossing,Teddy Buggy,Super Glider,Azure Roller
Alberto,88221,Donkey Kong,Wild Wiggler,Cloud Glider,Roller
Alberto,88197,Donkey Kong,Wild Wiggler,Cloud Glider,Azure Roller
Panda,73767,Baby Peach,Biddybuggy,Paper Glider,Azure Roller
Alberto,85213,Wario,Mach 8,Gold Glider,Crimson Slim
Alberto,85203,Wario,Mach 8,Gold Glider,Crimson Slim
alpha,82499,Heavy Mii Yoshi,Yoshi Bike,Cloud Glider,Button
Alberto,85127,Wario,Mach 8,Gold Glider,Crimson Slim
Alberto,62269,Waluigi,Biddybuggy,Cloud Glider,Azure Roller
Panda,73477,Baby Peach,Biddybuggy,Paper Glider,Azure Roller
Alberto,62230,Roy,Biddybuggy,Cloud Glider,Azure Roller
Alberto,62219,Roy,Biddybuggy,Cloud Glider,Azure Roller
Ronny,102138,Baby Daisy,Mr. Scooty,Cloud Glider,Azure Roller
Alberto,85096,Heavy Mii Mega Man,Mach 8,Gold Glider,Crimson Slim
Byron,94869,Donkey Kong,Wild Wiggler,Paper Glider,Azure Roller
Alberto,102782,Baby Daisy,Biddybuggy,Cloud Glider,Azure Roller
Panda,73445,Baby Peach,Biddybuggy,Paper Glider,Azure Roller
しらぬい,102948,Baby Daisy,Biddybuggy,Parachute,Azure Roller
Alberto,102924,Baby Daisy,Biddybuggy,Cloud Glider,Azure Roller
Alberto,102878,Baby Daisy,Biddybuggy,Cloud Glider,Azure Roller
Alberto,102817,Baby Daisy,Biddybuggy,Cloud Glider,Azure Roller
Alberto,102868,Baby Daisy,Biddybuggy,Cloud Glider,Azure Roller
Alberto,102795,Baby Daisy,Biddybuggy,Cloud Glider,Azure Roller
Alberto,102584,Baby Daisy,Biddybuggy,Cloud Glider,Azure Roller
Army,119786,Waluigi,Mr. Scooty,Paper Glider,Azure Roller
Alberto,108956,Baby Daisy,Biddybuggy,Cloud Glider,Azure Roller
しらぬい,105481,Roy,Biddybuggy,Cloud Glider,Leaf Tires
Alberto,108955,Baby Peach,Biddybuggy,Parachute,Azure Roller
Alberto,108845,Baby Daisy,Biddybuggy,Parachute,Azure Roller
JenZua,80544,Waluigi,Biddybuggy,Paper Glider,Azure Roller
Alberto,108921,Baby Peach,Biddybuggy,Parachute,Azure Roller
JenZua,80509,Waluigi,Biddybuggy,Paper Glider,Azure Roller
Alberto,56599,Dry Bowser,Mach 8,Cloud Glider,Leaf Tires
Byron,94778,Roy,Wild Wiggler,Paper Glider,Azure Roller
ろーる,72925,Heavy Mii,W 25 Silver Arrow,Paper Glider,Leaf Tires
Army,67363,Wario,Wild Wiggler,Paper Glider,Azure Roller
Alberto,82023,Waluigi,Streetle,Paper Glider,Azure Roller
エル,107823,Waluigi,Biddybuggy,Paper Glider,Azure Roller
エル,107780,Waluigi,Biddybuggy,Paper Glider,Azure Roller
Army,105335,Baby Daisy,Biddybuggy,Paper Glider,Azure Roller
Army,105282,Baby Daisy,Biddybuggy,Paper Glider,Azure Roller
Army,105319,Baby Daisy,Biddybuggy,Paper Glider,Azure Roller
JenZua,62197,Waluigi,Mr. Scooty,Paper Glider,Leaf Tires
Army,105216,Baby Daisy,Biddybuggy,Paper Glider,Azure Roller
Panda,87840,Donkey Kong,Biddybuggy,Paper Glider,Azure Roller
Panda,87813,Donkey Kong,Biddybuggy,Paper Glider,Azure Roller
Panda,87786,Donkey Kong,Biddybuggy,Paper Glider,Azure Roller
Alberto,118296,Waluigi,Biddybuggy,Paper Glider,Azure Roller
JenZua,62142,Waluigi,Mr. Scooty,Paper Glider,Leaf Tires
JenZua,74861,Waluigi,Biddybuggy,Paper Glider,Azure Roller
EternalX,73401,Baby Peach,Biddybuggy,Paper Glider,Azure Roller
Alberto,118266,Waluigi,Biddybuggy,Paper Glider,Azure Roller
Alberto,118265,Waluigi,Biddybuggy,Paper Glider,Azure Roller
Alberto,118194,Waluigi,Biddybuggy,Paper Glider,Azure Roller
Panda,87689,Donkey Kong,Biddybuggy,Paper Glider,Azure Roller
Alberto,102571,Baby Daisy,Biddybuggy,Paper Glider,Azure Roller
Technical,83720,Waluigi,Teddy Buggy,Gold Glider,Azure Roller
なすの,122440,Waluigi,Mr. Scooty,Paper Glider,Azure Roller
Technical,83711,Waluigi,Teddy Buggy,Gold Glider,Azure Roller
koko,105475,Waluigi,Biddybuggy,Paper Glider,Leaf Tires
Army,86299,Wario,Blue Falcon,Gold Glider,Crimson Slim
Army,86266,Wario,Blue Falcon,Gold Glider,Crimson Slim
Army,86262,Wario,Blue Falcon,Gold Glider,Crimson Slim
Alpaco,72833,Baby Daisy,Biddybuggy,Parachute,Azure Roller
Alberto,82053,Waluigi,Streetle,Paper Glider,Azure Roller
noah,85287,Wario,Biddybuggy,Paper Glider,Azure Roller
Alberto,82020,Waluigi,Streetle,Paper Glider,Azure Roller
K4I,112251,Waluigi,Biddybuggy,Paper Glider,Azure Roller
K4I,112167,Waluigi,Biddybuggy,Paper Glider,Azure Roller
ザビ,79184,Waluigi,Yoshi Bike,Paper Glider,Azure Roller
エル,82596,Wario,Splat Buggy,Super Glider,Slim
LMDS,112151,Roy,Yoshi Bike,Peach Parasol,Roller
Zakaria,112134,Donkey Kong,Yoshi Bike,Paper Glider,Azure Roller
LMDS,111984,Roy,Yoshi Bike,Peach Parasol,Roller
エル,82468,Wario,Splat Buggy,Super Glider,Slim
LxckyZ,78867,Dry Bowser,Sport Bike,Paper Glider,Slim
エル,82512,Wario,Splat Buggy,Super Glider,Slim
エル,82580,Wario,Splat Buggy,Super Glider,Slim
エル,82523,Wario,Splat Buggy,Super Glider,Slim
Gudichap,82496,Wario,Splat Buggy,Gold Glider,Slim
Rhys,78067,Wario,Yoshi Bike,Paper Glider,Azure Roller
Gudichap,82247,Wario,Splat Buggy,Gold Glider,Crimson Slim
エル,82243,Wario,Splat Buggy,Gold Glider,Slim
Army,78251,Heavy Mii Wario,Yoshi Bike,Parachute,Azure Roller
Rhys,78117,Wario,Yoshi Bike,Paper Glider,Azure Roller
ain,88829,Waluigi,Biddybuggy,Paper Glider,Roller
K4I,111884,Waluigi,Yoshi Bike,Paper Glider,Azure Roller
TylerR,77967,Dry Bowser,Gold Standard,Gold Glider,Crimson Slim
Army,77951,Wario,Gold Standard,Gold Glider,Crimson Slim
Army,77801,Wario,Gold Standard,Gold Glider,Crimson Slim
DbD,77551,Dry Bowser,Sport Bike,Super Glider,Slim
DbD,77434,Dry Bowser,Sport Bike,Super Glider,Crimson Slim
Rhys,77434,Wario,Sport Bike,Gold Glider,Gold Tires
DbD,77384,Dry Bowser,Sport Bike,Super Glider,Slim
Beta,57512,Wario,Prancer,Wario Wing,Wood
Army,56786,Wario,Sneeker,Gold Glider,Crimson Slim
alpha,57505,Wario,Sneeker,Wario Wing,Slim
Army,57472,Wario,Sneeker,Gold Glider,Crimson Slim
alpha,57436,Wario,Sneeker,Wario Wing,Slim
Army,57426,Wario,Sneeker,Gold Glider,Crimson Slim
Army,57363,Wario,Sneeker,Gold Glider,Crimson Slim
Army,57265,Wario,Sneeker,Gold Glider,Crimson Slim
Army,57118,Wario,Sneeker,Gold Glider,Crimson Slim
Army,56917,Wario,Sneeker,Gold Glider,Crimson Slim
Army,56892,Wario,Sneeker,Gold Glider,Crimson Slim
そうめん,56892,Wario,Sneeker,Super Glider,Crimson Slim
Army,56857,Wario,Sneeker,Gold Glider,Crimson Slim
Army,56742,Wario,Sneeker,Gold Glider,Crimson Slim
Ronny,114001,Roy,Biddybuggy,Paper Glider,Azure Roller
Anthony,113818,Wario,Biddybuggy,Paper Glider,Roller
Ronny,113882,Waluigi,Biddybuggy,Paper Glider,Azure Roller
Ronny,113747,Wario,Biddybuggy,Paper Glider,Azure Roller
きーぼう,82196,Waluigi,Biddybuggy,Paper Glider,Azure Roller
Pii,82171,Waluigi,Biddybuggy,Paper Glider,Azure Roller
Pii,81851,Waluigi,Teddy Buggy,Paper Glider,Azure Roller
Panda,81266,Donkey Kong,Teddy Buggy,Paper Glider,Azure Roller
Ronny,113716,Donkey Kong,Biddybuggy,Paper Glider,Azure Roller
Pii,81760,Waluigi,Teddy Buggy,Paper Glider,Azure Roller
Pii,81555,Waluigi,Teddy Buggy,Paper Glider,Azure Roller
ぴっくー,81482,Waluigi,Teddy Buggy,Paper Glider,Azure Roller
きーぼう,81464,Waluigi,Teddy Buggy,Paper Glider,Azure Roller
Panda,81464,Donkey Kong,Teddy Buggy,Paper Glider,Azure Roller
K4I,104843,Waluigi,Biddybuggy,Paper Glider,Azure Roller
Panda,81296,Donkey Kong,Teddy Buggy,Paper Glider,Azure Roller
Panda,80958,Donkey Kong,Teddy Buggy,Paper Glider,Azure Roller
Panda,80947,Donkey Kong,Teddy Buggy,Paper Glider,Azure Roller
ユダ,103969,Roy,Biddybuggy,Parachute,Roller
ユダ,104718,Roy,Biddybuggy,Parachute,Roller
Lemon,104575,Roy,Biddybuggy,Paper Glider,Azure Roller
K4I,104203,Waluigi,Biddybuggy,Paper Glider,Azure Roller
F,78123,Waluigi,Biddybuggy,Cloud Glider,Azure Roller
F,77957,Waluigi,Biddybuggy,Cloud Glider,Azure Roller
F,78079,Waluigi,Biddybuggy,Cloud Glider,Azure Roller
Panda,77701,Donkey Kong,Biddybuggy,Paper Glider,Azure Roller
Alpaco,77551,Roy,Biddybuggy,Paper Glider,Azure Roller
Panda,77515,Donkey Kong,Biddybuggy,Paper Glider,Azure Roller
Alpaco,77279,Roy,Biddybuggy,Paper Glider,Azure Roller
Alpaco,77254,Roy,Biddybuggy,Paper Glider,Azure Roller
Alpaco,77187,Roy,Biddybuggy,Paper Glider,Azure Roller
Alpaco,76903,Roy,Biddybuggy,Paper Glider,Azure Roller
Panda,76849,Donkey Kong,Biddybuggy,Paper Glider,Azure Roller
Panda,76619,Donkey Kong,Biddybuggy,Paper Glider,Azure Roller
Panda,76576,Donkey Kong,Biddybuggy,Paper Glider,Azure Roller
Panda,76573,Donkey Kong,Biddybuggy,Paper Glider,Azure Roller
Panda,76508,Donkey Kong,Biddybuggy,Paper Glider,Azure Roller
Panda,76450,Donkey Kong,Biddybuggy,Paper Glider,Azure Roller
Panda,76442,Donkey Kong,Biddybuggy,Paper Glider,Azure Roller
Panda,76301,Donkey Kong,Biddybuggy,Paper Glider,Azure Roller
Panda,76138,Donkey Kong,Biddybuggy,Paper Glider,Azure Roller
Panda,76118,Donkey Kong,Biddybuggy,Paper Glider,Azure Roller
Panda,76053,Donkey Kong,Biddybuggy,Paper Glider,Azure Roller
Panda,75945,Donkey Kong,Biddybuggy,Paper Glider,Azure Roller
Panda,75867,Donkey Kong,Biddybuggy,Paper Glider,Azure Roller
Panda,75831,Donkey Kong,Biddybuggy,Paper Glider,Azure Roller
ろーる,60297,Wario,Blue Falcon,Gold Glider,Slim
Alberto,59426,Wario,Gold Standard,Gold Glider,Crimson Slim
Alberto,59348,Wario,Gold Standard,Gold Glider,Crimson Slim
Thimo,60177,Heavy Mii Toad,Sport Bike,Wario Wing,Slim
alpha,60067,Wario,Blue Falcon,Gold Glider,Slim
alpha,60053,Wario,Blue Falcon,Gold Glider,Slim
alpha,59980,Wario,Blue Falcon,Gold Glider,Slim
Thimo,59922,Wario,Master Cycle,Wario Wing,Slim
alpha,59917,Wario,Blue Falcon,Gold Glider,Crimson Slim
alpha,59914,Wario,Blue Falcon,Gold Glider,Crimson Slim
Pii,59837,Wario,Gold Standard,Super Glider,Crimson Slim
alpha,59796,Wario,Gold Standard,Gold Glider,Crimson Slim
alpha,59791,Wario,Gold Standard,Gold Glider,Crimson Slim
TylerR,59775,Wario,Gold Standard,Gold Glider,Slim
TylerR,59734,Wario,Gold Standard,Gold Glider,Slim
TylerR,59701,Wario,Gold Standard,Gold Glider,Slim
TylerR,59673,Wario,Gold Standard,Gold Glider,Slim
alpha,59635,Wario,Gold Standard,Gold Glider,Slim
Pii,59589,Wario,Gold Standard,Gold Glider,Slim
alpha,59589,Wario,Gold Standard,Gold Glider,Slim
Army,59480,Wario,Gold Standard,Paraglider,Crimson Slim
Alberto,59436,Wario,Gold Standard,Gold Glider,Crimson Slim
Alberto,59411,Wario,Gold Standard,Gold Glider,Crimson Slim
Alberto,59377,Wario,Gold Standard,Gold Glider,Crimson Slim
Alberto,59368,Wario,Gold Standard,Gold Glider,Crimson Slim
K4I,87318,Waluigi,Biddybuggy,Paper Glider,Azure Roller
しらぬい,86868,Waluigi,Biddybuggy,Paper Glider,Azure Roller
¥146,87177,Waluigi,Biddybuggy,Paper Glider,Azure Roller
¥146,87008,Waluigi,Biddybuggy,Paper Glider,Azure Roller
¥146,86971,Waluigi,Biddybuggy,Paper Glider,Azure Roller
¥146,86953,Waluigi,Biddybuggy,Paper Glider,Azure Roller
しらぬい,86913,Waluigi,Biddybuggy,Paper Glider,Azure Roller
しらぬい,86756,Waluigi,Biddybuggy,Paper Glider,Azure Roller
しらぬい,86852,Waluigi,Biddybuggy,Paper Glider,Azure Roller
しらぬい,86686,Waluigi,Biddybuggy,Paper Glider,Azure Roller
しらぬい,86717,Roy,Biddybuggy,Paper Glider,Azure Roller
おんど,107533,Waluigi,Biddybuggy,Paper Glider,Azure Roller
オトヒメ,78749,Waluigi,Cat Cruiser,Paper Glider,Roller
そうめん,106211,Waluigi,Biddybuggy,Paper Glider,Roller
Luckyo,76809,Waluigi,Wild Wiggler,Paper Glider,Roller
Alberto,78661,Bowser,Biddybuggy,Paper Glider,Azure Roller
Alberto,78592,Donkey Kong,Biddybuggy,Paper Glider,Azure Roller
Alberto,78072,Donkey Kong,Biddybuggy,Paper Glider,Azure Roller
Alberto,77839,Donkey Kong,Biddybuggy,Paper Glider,Azure Roller
Doodle,77833,Roy,Biddybuggy,Cloud Glider,Azure Roller
SuperFX,77758,Waluigi,Biddybuggy,Paper Glider,Roller
SuperFX,77641,Waluigi,Biddybuggy,Cloud Glider,Roller
SuperFX,77468,Waluigi,Biddybuggy,Cloud Glider,Roller
SuperFX,77421,Dry Bowser,Biddybuggy,Cloud Glider,Roller
SuperFX,77315,Dry Bowser,Biddybuggy,Cloud Glider,Roller
Luckyo,77238,Waluigi,Wild Wiggler,Paper Glider,Roller
Doodle,77219,Roy,Pipe Frame,Waddle Wing,Roller
Doodle,77145,Roy,Pipe Frame,Waddle Wing,Roller
Luckyo,77048,Waluigi,Wild Wiggler,Paper Glider,Roller
Luckyo,76944,Waluigi,Wild Wiggler,Paper Glider,Azure Roller
SuperFX,76926,Waluigi,Pipe Frame,Super Glider,Azure Roller
SuperFX,76819,Waluigi,Pipe Frame,Super Glider,Azure Roller
クロト,107329,Waluigi,Biddybuggy,Paper Glider,Roller
クロト,107268,Waluigi,Biddybuggy,Paper Glider,Roller
¥146,107167,Waluigi,Biddybuggy,Paper Glider,Azure Roller
¥146,106771,Waluigi,Biddybuggy,Paper Glider,Azure Roller
¥146,106555,Waluigi,Biddybuggy,Paper Glider,Azure Roller
¥146,106470,Waluigi,Biddybuggy,Paper Glider,Azure Roller
¥146,106321,Waluigi,Biddybuggy,Paper Glider,Azure Roller
K4I,111967,Waluigi,Yoshi Bike,Paper Glider,Azure Roller
Play,77367,Dry Bowser,Sport Bike,Super Glider,Crimson Slim
Play,77284,Dry Bowser,Sport Bike,Super Glider,Crimson Slim
Army,77251,Wario,Sport Bike,Super Glider,Crimson Slim
Army,77234,Wario,Sport Bike,Super Glider,Crimson Slim
Army,77184,Wario,Sport Bike,Super Glider,Crimson Slim
Army,77167,Wario,Sport Bike,Super Glider,Crimson Slim
ホッキョクグマ,88602,Waluigi,Biddybuggy,Paper Glider,Azure Roller
Alpaco,87467,Roy,Biddybuggy,Paper Glider,Azure Roller
Alpaco,87768,Roy,Biddybuggy,Paper Glider,Azure Roller
Awoken,87160,Waluigi,Biddybuggy,Paper Glider,Roller
Alpaco,87200,Roy,Biddybuggy,Paper Glider,Azure Roller
Jimmy,86582,Roy,Biddybuggy,Cloud Glider,Azure Roller
Jimmy,87019,Roy,Biddybuggy,Cloud Glider,Azure Roller
Dfender,86951,Roy,Teddy Buggy,Paper Glider,Azure Roller
Panda,75721,Donkey Kong,Biddybuggy,Paper Glider,Azure Roller
kisaragi,86760,Waluigi,Biddybuggy,Cloud Glider,Azure Roller
Byron,88754,Waluigi,Biddybuggy,Cloud Glider,Roller
ふぐヲ,88738,Waluigi,Mr. Scooty,Paper Glider,Azure Roller
Byron,88675,Waluigi,Biddybuggy,Cloud Glider,Roller
noah,85898,Roy,Biddybuggy,Paper Glider,Roller
kisaragi,86750,Roy,Biddybuggy,Cloud Glider,Azure Roller
kisaragi,86481,Roy,Biddybuggy,Cloud Glider,Azure Roller
zsnipe,88589,Roy,Biddybuggy,Paper Glider,Roller
kisaragi,86220,Roy,Biddybuggy,Cloud Glider,Azure Roller
おまえモナー,88531,Roy,Biddybuggy,Cloud Glider,Azure Roller
Jimmy,86130,Roy,Biddybuggy,Cloud Glider,Azure Roller
StervtL,88371,Waluigi,Biddybuggy,Paper Glider,Azure Roller
StervtL,88581,Waluigi,Biddybuggy,Paper Glider,Azure Roller
kisaragi,86127,Waluigi,Biddybuggy,Cloud Glider,Azure Roller
noah,86016,Roy,Biddybuggy,Paper Glider,Roller
Technical,64131,Roy,Biddybuggy,Cloud Glider,Azure Roller
おまえモナー,88320,Roy,Biddybuggy,Cloud Glider,Azure Roller
おまえモナー,88166,Donkey Kong,Biddybuggy,Cloud Glider,Azure Roller
StervtL,88302,Waluigi,Biddybuggy,Paper Glider,Azure Roller
こんこん,116324,Waluigi,Biddybuggy,Paper Glider,Azure Roller
kisaragi,65441,Roy,Biddybuggy,Paper Glider,Azure Roller
starxlx,65395,Waluigi,Biddybuggy,Paper Glider,Azure Roller
Cream,65310,Roy,Biddybuggy,Paper Glider,Azure Roller
starxlx,65099,Waluigi,Biddybuggy,Paper Glider,Azure Roller
Technical,64767,Roy,Biddybuggy,Cloud Glider,Azure Roller
Technical,64513,Roy,Biddybuggy,Cloud Glider,Azure Roller
Grant,64470,Waluigi,Biddybuggy,Paper Glider,Azure Roller
Technical,63721,Wario,Biddybuggy,Cloud Glider,Azure Roller
K4I,111817,Waluigi,Yoshi Bike,Paper Glider,Azure Roller
K4I,111784,Waluigi,Yoshi Bike,Paper Glider,Azure Roller
Army,77101,Wario,Sport Bike,Super Glider,Crimson Slim
こんこん,115923,Roy,Biddybuggy,Paper Glider,Azure Roller
ヨシ,115830,Roy,Biddybuggy,Paper Glider,Roller
SKaR,85898,Waluigi,Biddybuggy,Paper Glider,Roller
こんこん,115314,Roy,Biddybuggy,Paper Glider,Azure Roller
こんこん,115256,Roy,Biddybuggy,Paper Glider,Azure Roller
こんこん,115065,Roy,Biddybuggy,Paper Glider,Azure Roller
こんこん,114757,Roy,Biddybuggy,Paper Glider,Azure Roller
Luckyo,76780,Waluigi,Wild Wiggler,Paper Glider,Azure Roller
K4I,111617,Waluigi,Yoshi Bike,Paper Glider,Azure Roller
Ronny,113561,Dry Bowser,Biddybuggy,Cloud Glider,Azure Roller
Panda,80864,Donkey Kong,Teddy Buggy,Paper Glider,Azure Roller
しらぬい,86628,Waluigi,Biddybuggy,Paper Glider,Azure Roller
Army,77051,Wario,Sport Bike,Super Glider,Crimson Slim
Alberto,106176,Waluigi,Biddybuggy,Paper Glider,Azure Roller
Alberto,106063,Waluigi,Biddybuggy,Paper Glider,Azure Roller
Lemon,103912,Roy,Biddybuggy,Paper Glider,Azure Roller
Lemon,103843,Roy,Biddybuggy,Paper Glider,Azure Roller
Lemon,103701,Roy,Biddybuggy,Paper Glider,Azure Roller
Army,86624,Waluigi,Biddybuggy,Paper Glider,Azure Roller
Army,86527,Waluigi,Biddybuggy,Paper Glider,Azure Roller
エル,82229,Wario,Splat Buggy,Gold Glider,Slim
エル,82173,Wario,Splat Buggy,Gold Glider,Slim
ヨシ,114307,Roy,Biddybuggy,Paper Glider,Roller
Alberto,106057,Waluigi,Biddybuggy,Paper Glider,Azure Roller
おまえモナー,88079,Waluigi,Biddybuggy,Cloud Glider,Azure Roller
Technical,85841,Roy,Biddybuggy,Paper Glider,Azure Roller
Jimmy,85895,Roy,Biddybuggy,Cloud Glider,Azure Roller
Technical,85821,Roy,Biddybuggy,Paper Glider,Azure Roller
Technical,85611,Roy,Biddybuggy,Paper Glider,Azure Roller
Doodle,76780,Donkey Kong,Teddy Buggy,Super Glider,Roller
Army,77067,Wario,Sport Bike,Super Glider,Crimson Slim
ありす,103603,Lemmy,Biddybuggy,Paper Glider,Azure Roller
SuperFX,76737,Waluigi,Cat Cruiser,Super Glider,Roller
Army,76934,Wario,Sport Bike,Super Glider,Crimson Slim
SuperFX,76612,Waluigi,Varmint,Super Glider,Roller
Army,77017,Wario,Sport Bike,Super Glider,Crimson Slim
めめ,103576,Baby Daisy,Biddybuggy,Cloud Glider,Azure Roller
エル,82159,Wario,Splat Buggy,Gold Glider,Slim
めめ,103536,Baby Daisy,Biddybuggy,Cloud Glider,Azure Roller
しらぬい,103518,Baby Daisy,Biddybuggy,Paper Glider,Azure Roller
しらぬい,103363,Baby Daisy,Biddybuggy,Paper Glider,Azure Roller
そうめん,105956,Waluigi,Biddybuggy,Paper Glider,Roller
おまえモナー,88044,Roy,Biddybuggy,Cloud Glider,Azure Roller
Play,77267,Dry Bowser,Sport Bike,Super Glider,Crimson Slim
K4I,111001,Waluigi,Mr. Scooty,Paper Glider,Azure Roller
alpha,76240,Waluigi,Varmint,Super Glider,Azure Roller
Ronny,113141,Baby Daisy,Biddybuggy,Paper Glider,Roller
Alberto,112800,Wario,Biddybuggy,Paper Glider,Azure Roller
K4I,111551,Donkey Kong,Yoshi Bike,Paper Glider,Azure Roller
こんこん,114226,Waluigi,Biddybuggy,Paper Glider,Azure Roller
SuperFX,76556,Waluigi,Varmint,Super Glider,Roller
Gudichap,82148,Wario,Splat Buggy,Gold Glider,Slim
SuperFX,76502,Waluigi,Varmint,Super Glider,Roller
Panda,80789,Donkey Kong,Teddy Buggy,Paper Glider,Azure Roller
しらぬい,86441,Waluigi,Biddybuggy,Paper Glider,Azure Roller
そうめん,105724,Waluigi,Biddybuggy,Paper Glider,Roller
Army,56688,Wario,Sneeker,Gold Glider,Crimson Slim
grace,56741,Wario,Sneeker,Gold Glider,Crimson Slim
SKaR,85560,Waluigi,Biddybuggy,Paper Glider,Roller
berda,85449,Waluigi,Biddybuggy,Paper Glider,Azure Roller
Panda,80837,Donkey Kong,Teddy Buggy,Paper Glider,Azure Roller
Panda,80784,Donkey Kong,Teddy Buggy,Paper Glider,Azure Roller
Panda,80712,Donkey Kong,Teddy Buggy,Paper Glider,Azure Roller
Panda,80709,Donkey Kong,Teddy Buggy,Paper Glider,Azure Roller
しらぬい,103070,Baby Daisy,Biddybuggy,Paper Glider,Azure Roller
しらぬい,102996,Baby Daisy,Biddybuggy,Paper Glider,Azure Roller
しらぬい,102811,Baby Daisy,Biddybuggy,Paper Glider,Azure Roller
しらぬい,86474,Waluigi,Biddybuggy,Paper Glider,Azure Roller
Army,85413,Wario,Biddybuggy,Paper Glider,Azure Roller
Alberto,84813,Wario,Biddybuggy,Paper Glider,Azure Roller
Technical,81330,Wario,Biddybuggy,Flower Glider,Button
しののめ,62142,Waluigi,Mr. Scooty,Paper Glider,Button
Alberto,62171,Roy,Biddybuggy,Flower Glider,Azure Roller
noah,85153,Wario,Biddybuggy,Paper Glider,Azure Roller
Ronny,113537,Donkey Kong,Teddy Buggy,Paper Glider,Azure Roller
ふぐヲ,88041,Waluigi,Mr. Scooty,Paper Glider,Azure Roller
エル,82167,Wario,Splat Buggy,Gold Glider,Slim
おまえモナー,88026,Waluigi,Mr. Scooty,Cloud Glider,Azure Roller
エル,82132,Wario,Splat Buggy,Gold Glider,Slim
Panda,80702,Donkey Kong,Teddy Buggy,Paper Glider,Azure Roller
Alpaco,114187,Waluigi,Biddybuggy,Cloud Glider,Azure Roller
エル,107723,Waluigi,Biddybuggy,Paper Glider,Azure Roller
JenZua,63587,Waluigi,Biddybuggy,Paper Glider,Azure Roller
Awoken,66730,Roy,Mr. Scooty,Flower Glider,Roller
K4I,111501,Donkey Kong,Yoshi Bike,Paper Glider,Azure Roller
K4I,111484,Donkey Kong,Yoshi Bike,Paper Glider,Azure Roller
エル,82112,Wario,Splat Buggy,Gold Glider,Slim
エル,82107,Wario,Splat Buggy,Gold Glider,Slim
エル,82100,Wario,Splat Buggy,Gold Glider,Slim
エル,82079,Wario,Splat Buggy,Gold Glider,Slim
エル,82072,Wario,Splat Buggy,Gold Glider,Slim
おまえモナー,88025,Waluigi,Mr. Scooty,Cloud Glider,Azure Roller
エル,82059,Wario,Splat Buggy,Gold Glider,Slim
エル,82058,Wario,Splat Buggy,Gold Glider,Slim
Alberto,82021,Donkey Kong,Biddybuggy,Paper Glider,Azure Roller
Alberto,81914,Donkey Kong,Biddybuggy,Paper Glider,Azure Roller
JenZua,63649,Waluigi,Biddybuggy,Paper Glider,Azure Roller
JenZua,63467,Waluigi,Biddybuggy,Paper Glider,Azure Roller
Alberto,76079,Wario,Landship,Super Glider,Azure Roller
noah,85130,Wario,Biddybuggy,Paper Glider,Azure Roller
alpha,59311,Wario,Gold Standard,Gold Glider,Crimson Slim
alpha,59265,Wario,Gold Standard,Gold Glider,Slim
Alberto,59230,Wario,Gold Standard,Gold Glider,Crimson Slim
Alberto,59220,Wario,Gold Standard,Gold Glider,Crimson Slim
Alberto,59215,Wario,Gold Standard,Gold Glider,Crimson Slim
Alberto,59188,Wario,Gold Standard,Gold Glider,Crimson Slim
AK,114097,Waluigi,Biddybuggy,Paper Glider,Azure Roller
AK,113952,Waluigi,Biddybuggy,Paper Glider,Azure Roller
しらぬい,81894,Roy,Biddybuggy,Parachute,Azure Roller
しらぬい,81829,Donkey Kong,Biddybuggy,Cloud Glider,Azure Roller
おまえモナー,87946,Waluigi,Mr. Scooty,Cloud Glider,Azure Roller
DavidFire,63440,Waluigi,Biddybuggy,Paper Glider,Azure Roller
noah,85020,Wario,Biddybuggy,Paper Glider,Azure Roller
Army,74811,Waluigi,Biddybuggy,Paper Glider,Azure Roller
AK,113856,Waluigi,Biddybuggy,Cloud Glider,Azure Roller
Ronny,75717,Waluigi,Biddybuggy,Paper Glider,Azure Roller
Ronny,75680,Roy,Biddybuggy,Paper Glider,Azure Roller
alpha,63387,Waluigi,Biddybuggy,Paper Glider,Azure Roller
しらぬい,81696,Waluigi,Biddybuggy,Paper Glider,Azure Roller
alpha,63113,Waluigi,Biddybuggy,Paper Glider,Azure Roller
Technical,63082,Roy,Biddybuggy,Paper Glider,Azure Roller
K4I,87940,Waluigi,Mr. Scooty,Paper Glider,Azure Roller
kisaragi,62982,Roy,Biddybuggy,Cloud Glider,Azure Roller
K4I,87938,Waluigi,Mr. Scooty,Paper Glider,Azure Roller
JenZua,62968,Waluigi,Biddybuggy,Paper Glider,Azure Roller
JenZua,62898,Waluigi,Biddybuggy,Paper Glider,Azure Roller
JenZua,62640,Waluigi,Biddybuggy,Paper Glider,Azure Roller
Army,81681,Waluigi,Biddybuggy,Paper Glider,Azure Roller
Alberto,86383,Donkey Kong,Biddybuggy,Paper Glider,Azure Roller
しらぬい,102485,Baby Rosalina,Biddybuggy,Paper Glider,Azure Roller
ain,87838,Waluigi,Mr. Scooty,Paper Glider,Azure Roller
ain,87889,Roy,Mr. Scooty,Paper Glider,Azure Roller
Alberto,113329,Dry Bowser,Biddybuggy,Paper Glider,Azure Roller
しらぬい,113917,Roy,Biddybuggy,Cloud Glider,Azure Roller
AK,113829,Waluigi,Biddybuggy,Paper Glider,Azure Roller
Tane,85084,Roy,Biddybuggy,Cloud Glider,Azure Roller
しらぬい,113758,Donkey Kong,Biddybuggy,Paper Glider,Azure Roller
noah,85022,Wario,Biddybuggy,Paper Glider,Azure Roller
Alberto,105678,Baby Daisy,Biddybuggy,Paper Glider,Azure Roller
SuperFX,76463,Waluigi,Varmint,Super Glider,Roller
SuperFX,76494,Waluigi,Varmint,Super Glider,Roller
noah,84930,Wario,Biddybuggy,Paper Glider,Azure Roller
しらぬい,113638,Roy,Biddybuggy,Paper Glider,Azure Roller
Alberto,105392,Baby Daisy,Biddybuggy,Paper Glider,Azure Roller
Luckyo,76451,Waluigi,Varmint,Super Glider,Roller
Alberto,105635,Baby Daisy,Biddybuggy,Paper Glider,Azure Roller
Alberto,105597,Baby Daisy,Biddybuggy,Paper Glider,Azure Roller
Alberto,105591,Baby Daisy,Biddybuggy,Paper Glider,Azure Roller
Alberto,105516,Baby Daisy,Biddybuggy,Paper Glider,Azure Roller
Braydon,113433,Dry Bowser,Biddybuggy,Paper Glider,Azure Roller
EternalX,62579,Roy,Biddybuggy,Cloud Glider,Azure Roller
AK,113744,Waluigi,Biddybuggy,Paper Glider,Azure Roller
AK,113700,Waluigi,Biddybuggy,Paper Glider,Azure Roller
しらぬい,113461,Roy,Biddybuggy,Paper Glider,Azure Roller
ありす,102595,Lemmy,Biddybuggy,Paper Glider,Roller
EternalX,62467,Roy,Biddybuggy,Cloud Glider,Azure Roller
Ronny,75648,Waluigi,Biddybuggy,Paper Glider,Roller
Alberto,105420,Baby Daisy,Biddybuggy,Paper Glider,Azure Roller
Alberto,105249,Baby Daisy,Biddybuggy,Paper Glider,Azure Roller
Alberto,105182,Baby Daisy,Biddybuggy,Paper Glider,Azure Roller
Alberto,113314,Dry Bowser,Biddybuggy,Paper Glider,Azure Roller
Army,76851,Wario,Sport Bike,Super Glider,Crimson Slim
noah,84960,Wario,Biddybuggy,Paper Glider,Azure Roller
K4I,81617,Waluigi,Biddybuggy,Paper Glider,Azure Roller
JenZua,62372,Waluigi,Biddybuggy,Paper Glider,Azure Roller
ain,87777,Waluigi,Mr. Scooty,Paper Glider,Azure Roller
Panda,80695,Donkey Kong,Teddy Buggy,Paper Glider,Azure Roller
Panda,80624,Donkey Kong,Teddy Buggy,Paper Glider,Azure Roller
Luckyo,76460,Waluigi,Varmint,Super Glider,Roller
Army,56625,Wario,Sneeker,Gold Glider,Crimson Slim
¥146,81540,Waluigi,Mr. Scooty,Paper Glider,Azure Roller
Alberto,84866,Wario,Biddybuggy,Paper Glider,Azure Roller
Luckyo,76311,Donkey Kong,Varmint,Super Glider,Roller
Luckyo,76420,Roy,Varmint,Super Glider,Roller
Alberto,111367,Roy,Mr. Scooty,Paper Glider,Azure Roller
EternalX,62184,Waluigi,Biddybuggy,Paper Glider,Azure Roller
Alberto,76269,Waluigi,Varmint,Super Glider,Azure Roller
K4I,111184,Waluigi,Mr. Scooty,Paper Glider,Azure Roller
K4I,111234,Waluigi,Mr. Scooty,Paper Glider,Azure Roller
K4I,111067,Waluigi,Mr. Scooty,Paper Glider,Azure Roller
Army,75513,Waluigi,Biddybuggy,Paper Glider,Azure Roller
¥146,81484,Waluigi,Mr. Scooty,Paper Glider,Azure Roller
StervtL,87775,Waluigi,Biddybuggy,Paper Glider,Azure Roller
EternalX,62368,Waluigi,Biddybuggy,Paper Glider,Azure Roller
Ronny,75623,Donkey Kong,Biddybuggy,Paper Glider,Azure Roller
grace,77191,Wario,Wild Wiggler,Paper Glider,Azure Roller
ユダ,113331,Waluigi,Biddybuggy,Paper Glider,Azure Roller
ユダ,113297,Roy,Biddybuggy,Flower Glider,Roller
しらぬい,86351,Donkey Kong,Biddybuggy,Paper Glider,Azure Roller
Alberto,76304,Waluigi,Varmint,Super Glider,Azure Roller
Alberto,113216,Dry Bowser,Biddybuggy,Paper Glider,Azure Roller
K4I,113305,Dry Bowser,Biddybuggy,Paper Glider,Azure Roller
Alberto,113034,Dry Bowser,Biddybuggy,Paper Glider,Azure Roller
Jimmy L,73581,Roy,Biddybuggy,Cloud Glider,Roller
Alberto,112943,Wario,Biddybuggy,Paper Glider,Azure Roller
Army,75583,Waluigi,Biddybuggy,Paper Glider,Azure Roller
Technical,75508,Donkey Kong,Biddybuggy,Paper Glider,Roller
Army,75391,Waluigi,Biddybuggy,Paper Glider,Azure Roller
Army,75213,Waluigi,Biddybuggy,Paper Glider,Azure Roller
Army,75079,Waluigi,Biddybuggy,Paper Glider,Azure Roller
¥146,81477,Waluigi,Mr. Scooty,Paper Glider,Azure Roller
Nico4132,76851,Wario,Sport Bike,Super Glider,Crimson Slim
Army,75029,Waluigi,Biddybuggy,Paper Glider,Azure Roller
Army,74987,Waluigi,Biddybuggy,Paper Glider,Azure Roller
しらぬい,113182,Baby Daisy,Biddybuggy,Paper Glider,Azure Roller
Army,74883,Waluigi,Biddybuggy,Paper Glider,Azure Roller
¥146,81389,Waluigi,Mr. Scooty,Paper Glider,Azure Roller
Army,74934,Waluigi,Biddybuggy,Paper Glider,Azure Roller
Army,74835,Waluigi,Biddybuggy,Paper Glider,Azure Roller
Alberto,81980,Waluigi,Streetle,Paper Glider,Azure Roller
Army,113009,Baby Daisy,Biddybuggy,Paper Glider,Azure Roller
alpha,76261,Waluigi,Varmint,Super Glider,Azure Roller
Alberto,86278,Baby Daisy,Biddybuggy,Paper Glider,Azure Roller
EternalX,62134,Waluigi,Biddybuggy,Cloud Glider,Azure Roller
alpha,76247,Waluigi,Varmint,Super Glider,Azure Roller
Alberto,76217,Waluigi,Varmint,Super Glider,Azure Roller
Alberto,76234,Waluigi,Varmint,Super Glider,Azure Roller
¥146,111034,Waluigi,Mr. Scooty,Paper Glider,Azure Roller
Alberto,76143,Waluigi,Varmint,Super Glider,Azure Roller
K4I,110901,Waluigi,Mr. Scooty,Paper Glider,Azure Roller
なすの,122404,Donkey Kong,Mr. Scooty,Paper Glider,Azure Roller
Panda,112670,Bowser,Biddybuggy,Paper Glider,Azure Roller
Alberto,84674,Heavy Mii Mega Man,Biddybuggy,Paper Glider,Azure Roller
Alberto,84705,Heavy Mii Hylian,Biddybuggy,Paper Glider,Azure Roller
Army,113130,Baby Daisy,Biddybuggy,Paper Glider,Azure Roller
Pii,81759,Waluigi,Biddybuggy,Paper Glider,Azure Roller
Army,112959,Baby Daisy,Biddybuggy,Paper Glider,Azure Roller
Army,113102,Baby Daisy,Biddybuggy,Paper Glider,Azure Roller
¥146,81387,Waluigi,Mr. Scooty,Paper Glider,Azure Roller
kaimin,87763,Waluigi,Mr. Scooty,Paper Glider,Roller
Alberto,59187,Wario,Gold Standard,Gold Glider,Crimson Slim
Alberto,87755,Waluigi,Mr. Scooty,Paper Glider,Azure Roller
Alberto,59165,Wario,Gold Standard,Gold Glider,Crimson Slim
Alberto,59179,Wario,Gold Standard,Gold Glider,Crimson Slim
Alberto,59099,Wario,Gold Standard,Gold Glider,Crimson Slim
kaimin,87756,Waluigi,Mr. Scooty,Paper Glider,Roller
Panda,102395,Baby Daisy,Biddybuggy,Paper Glider,Azure Roller
Alberto,87731,Waluigi,Mr. Scooty,Paper Glider,Azure Roller
Alberto,87654,Waluigi,Mr. Scooty,Paper Glider,Azure Roller
Panda,102338,Baby Daisy,Biddybuggy,Paper Glider,Azure Roller
Alberto,87623,Waluigi,Mr. Scooty,Paper Glider,Azure Roller
Alberto,102196,Baby Peach,Biddybuggy,Parachute,Azure Roller
Alberto,101959,Baby Daisy,Biddybuggy,Paper Glider,Azure Roller
Alberto,102119,Baby Daisy,Biddybuggy,Parachute,Azure Roller
Panda,81337,Donkey Kong,Mr. Scooty,Paper Glider,Azure Roller
Alberto,102108,Baby Daisy,Biddybuggy,Paper Glider,Azure Roller
grace,77182,Dry Bowser,Wild Wiggler,Paper Glider,Azure Roller
Alberto,87480,Waluigi,Mr. Scooty,Paper Glider,Azure Roller
grace,77156,Dry Bowser,Wild Wiggler,Paper Glider,Azure Roller
grace,77145,Dry Bowser,Wild Wiggler,Paper Glider,Azure Roller
Army,76784,Wario,Sport Bike,Super Glider,Crimson Slim
Army,76734,Wario,Sport Bike,Super Glider,Crimson Slim
Panda,86231,Lemmy,Biddybuggy,Paper Glider,Azure Roller
Alberto,80498,Waluigi,Teddy Buggy,Paper Glider,Azure Roller
Alberto,80571,Waluigi,Teddy Buggy,Paper Glider,Azure Roller
Alberto,86189,Baby Daisy,Biddybuggy,Paper Glider,Azure Roller
Alberto,80563,Waluigi,Teddy Buggy,Paper Glider,Azure Roller
しらぬい,86130,Baby Peach,Biddybuggy,Paper Glider,Azure Roller
Alberto,85984,Baby Daisy,Biddybuggy,Paper Glider,Azure Roller
Alberto,80536,Waluigi,Teddy Buggy,Paper Glider,Azure Roller
Alberto,86116,Baby Daisy,Biddybuggy,Paper Glider,Azure Roller
Alberto,80493,Waluigi,Teddy Buggy,Paper Glider,Azure Roller
Alberto,86099,Baby Daisy,Biddybuggy,Paper Glider,Azure Roller
Gudichap,81320,Waluigi,Biddybuggy,Paper Glider,Azure Roller
Gudichap,81111,Waluigi,Biddybuggy,Paper Glider,Azure Roller
Alberto,86016,Baby Daisy,Biddybuggy,Paper Glider,Azure Roller
Army,80809,Waluigi,Mr. Scooty,Paper Glider,Azure Roller
alpha,75117,Baby Peach,Mr. Scooty,Paper Glider,Azure Roller
Alberto,80451,Waluigi,Teddy Buggy,Paper Glider,Azure Roller
Gudichap,80788,Waluigi,Mr. Scooty,Paper Glider,Azure Roller
Alberto,105161,Baby Daisy,Biddybuggy,Paper Glider,Azure Roller
alpha,74917,Baby Peach,Mr. Scooty,Paper Glider,Azure Roller
Gudichap,80748,Waluigi,Mr. Scooty,Paper Glider,Azure Roller
Gudichap,80743,Waluigi,Mr. Scooty,Paper Glider,Azure Roller
Alberto,77105,Wario,Wild Wiggler,Paper Glider,Azure Roller
Army,56607,Wario,Sneeker,Gold Glider,Crimson Slim
Alberto,77010,Wario,Wild Wiggler,Paper Glider,Azure Roller
Army,56584,Wario,Sneeker,Gold Glider,Crimson Slim
EternalX,74786,Waluigi,Biddybuggy,Cloud Glider,Azure Roller
Alberto,105162,Baby Daisy,Biddybuggy,Paper Glider,Azure Roller
Alberto,74457,Roy,Biddybuggy,Cloud Glider,Azure Roller
EternalX,74698,Waluigi,Biddybuggy,Cloud Glider,Azure Roller
K4I,110784,Donkey Kong,Mr. Scooty,Paper Glider,Azure Roller
Alberto,105026,Baby Daisy,Biddybuggy,Paper Glider,Azure Roller
ths,110834,Waluigi,Mr. Scooty,Paper Glider,Azure Roller
grace,77065,Wario,Wild Wiggler,Paper Glider,Azure Roller
alpha,60633,Wario,Sports Coupe,Cloud Glider,Button
Alberto,77042,Wario,Wild Wiggler,Paper Glider,Azure Roller
Alberto,77051,Wario,Wild Wiggler,Paper Glider,Azure Roller
しらぬい,74679,Donkey Kong,Biddybuggy,Paper Glider,Azure Roller
grace,85084,Heavy Mii Cpt Falcon,Mach 8,Gold Glider,Crimson Slim
Panda,110701,Donkey Kong,Mr. Scooty,Paper Glider,Azure Roller
Army,56572,Wario,Prancer,Gold Glider,Crimson Slim
K4I,110634,Donkey Kong,Mr. Scooty,Paper Glider,Azure Roller
しらぬい,74646,Roy,Biddybuggy,Paper Glider,Azure Roller
alpha,76143,Waluigi,Varmint,Super Glider,Azure Roller
しらぬい,74604,Waluigi,Biddybuggy,Paper Glider,Azure Roller
Army,56569,Wario,Prancer,Gold Glider,Crimson Slim
Army,56556,Wario,Prancer,Gold Glider,Crimson Slim
Alberto,77033,Wario,Wild Wiggler,Paper Glider,Azure Roller
grace,85058,Heavy Mii Bowser,Mach 8,Plane Glider,Crimson Slim
Army,56547,Wario,Prancer,Gold Glider,Crimson Slim
Army,56535,Wario,Prancer,Gold Glider,Crimson Slim
Vincent,80007,Dry Bowser,Mach 8,Paper Glider,Leaf Tires
Alberto,77015,Wario,Wild Wiggler,Paper Glider,Azure Roller
Alberto,76963,Wario,Wild Wiggler,Paper Glider,Azure Roller
Panda,110617,Donkey Kong,Mr. Scooty,Paper Glider,Azure Roller
Alberto,77005,Wario,Wild Wiggler,Paper Glider,Azure Roller
EternalX,74582,Waluigi,Biddybuggy,Paper Glider,Azure Roller
Alberto,85037,Wario,Mach 8,Gold Glider,Crimson Slim
Alberto,84998,Wario,Mach 8,Gold Glider,Crimson Slim
Byron,94740,Roy,Wild Wiggler,Paper Glider,Azure Roller
Byron,94737,Roy,Wild Wiggler,Flower Glider,Azure Roller
Alberto,85036,Wario,Mach 8,Gold Glider,Crimson Slim
StervtL,111212,Waluigi,Biddybuggy,Paper Glider,Azure Roller
StervtL,111193,Waluigi,Biddybuggy,Paper Glider,Azure Roller
Nico4132,76734,Wario,Sport Bike,Super Glider,Crimson Slim
Army,76701,Wario,Sport Bike,Super Glider,Crimson Slim
StervtL,111157,Waluigi,Biddybuggy,Paper Glider,Azure Roller
Vincent,80002,Dry Bowser,Mach 8,Paper Glider,Leaf Tires
Vincent,79989,Dry Bowser,Mach 8,Paper Glider,Leaf Tires
Nico4132,76701,Wario,Sport Bike,Super Glider,Crimson Slim
Ronny,60616,Dry Bowser,Mach 8,Cloud Glider,Leaf Tires
iXA,116238,Waluigi,Mr. Scooty,Paper Glider,Azure Roller
Ronny,60583,Dry Bowser,Mach 8,Cloud Glider,Leaf Tires
Army,76617,Wario,Sport Bike,Super Glider,Crimson Slim
¥146,123101,Baby Peach,Biddybuggy,Paper Glider,Azure Roller
JenZua,74821,Roy,Biddybuggy,Paper Glider,Azure Roller
Alberto,76752,Waluigi,Biddybuggy,Paper Glider,Leaf Tires
Ronny,60600,Dry Bowser,Mach 8,Cloud Glider,Leaf Tires
Army,80607,Waluigi,Mr. Scooty,Paper Glider,Azure Roller
alpha,62188,Roy,Biddybuggy,Flower Glider,Azure Roller
Prometheus,116235,Waluigi,Mr. Scooty,Paper Glider,Azure Roller
Ronny,60566,Dry Bowser,Mach 8,Paper Glider,Leaf Tires
Ronny,60533,Dry Bowser,Mach 8,Paper Glider,Leaf Tires
Army,110567,Waluigi,Mr. Scooty,Paper Glider,Azure Roller
JenZua,74775,Roy,Biddybuggy,Paper Glider,Azure Roller
ありす,102573,Baby Daisy,Biddybuggy,Parachute,Roller
StervtL,111127,Waluigi,Biddybuggy,Paper Glider,Azure Roller
StervtL,111074,Waluigi,Biddybuggy,Paper Glider,Azure Roller
StervtL,111110,Waluigi,Biddybuggy,Paper Glider,Azure Roller
Vincent,119137,Roy,Biddybuggy,Paper Glider,Azure Roller
StervtL,111067,Waluigi,Biddybuggy,Paper Glider,Azure Roller
そうめん,115654,Waluigi,Biddybuggy,Paper Glider,Roller
Vincent,119102,Roy,Biddybuggy,Paper Glider,Azure Roller
StervtL,111061,Waluigi,Biddybuggy,Paper Glider,Azure Roller
Army,105401,Waluigi,Biddybuggy,Paper Glider,Azure Roller
Byron,122567,Waluigi,Biddybuggy,Paper Glider,Azure Roller
Army,105393,Waluigi,Biddybuggy,Paper Glider,Azure Roller
Army,105392,Waluigi,Biddybuggy,Paper Glider,Azure Roller
Vincent,119039,Roy,Biddybuggy,Paper Glider,Azure Roller
Vincent,118995,Roy,Biddybuggy,Paper Glider,Azure Roller
Technical,81172,Roy,W 25 Silver Arrow,Paper Glider,Leaf Tires
Army,105387,Waluigi,Biddybuggy,Paper Glider,Azure Roller
Alpaco,112893,Baby Daisy,Biddybuggy,Paper Glider,Roller
Technical,83701,Waluigi,Teddy Buggy,Gold Glider,Azure Roller
grace,82474,Heavy Mii,Yoshi Bike,Paper Glider,Button
Alberto,76114,Wario,Landship,Super Glider,Azure Roller
Alberto,76097,Wario,Landship,Super Glider,Azure Roller
Alberto,76093,Wario,Landship,Super Glider,Azure Roller
Alberto,76080,Wario,Landship,Super Glider,Azure Roller
Army,112848,Baby Daisy,Biddybuggy,Paper Glider,Azure Roller
Alberto,76053,Wario,Landship,Super Glider,Azure Roller
Army,112796,Baby Daisy,Biddybuggy,Paper Glider,Azure Roller
Alberto,76424,Heavy Mii PAC-MAN,W 25 Silver Arrow,Paper Glider,Azure Roller
ささゆき,87440,Waluigi,Mr. Scooty,Paper Glider,Azure Roller
StervtL,111017,Waluigi,Biddybuggy,Paper Glider,Azure Roller
Panda,84533,Wario,Biddybuggy,Paper Glider,Azure Roller
grace,82429,Heavy Mii Luigi,Yoshi Bike,Paper Glider,Button
Army,112714,Baby Daisy,Biddybuggy,Paper Glider,Azure Roller
StervtL,111011,Waluigi,Biddybuggy,Paper Glider,Azure Roller
Alberto,76379,Heavy Mii Varia,W 25 Silver Arrow,Paper Glider,Azure Roller
StervtL,111001,Waluigi,Biddybuggy,Paper Glider,Azure Roller
StervtL,110994,Waluigi,Biddybuggy,Paper Glider,Azure Roller
Alberto,76343,Wario,W 25 Silver Arrow,Paper Glider,Azure Roller
Alberto,76323,Wario,W 25 Silver Arrow,Paper Glider,Azure Roller
Alberto,76290,Wario,W 25 Silver Arrow,Paper Glider,Azure Roller
Alberto,76273,Wario,W 25 Silver Arrow,Paper Glider,Azure Roller
JenZua,80487,Roy,Biddybuggy,Paper Glider,Azure Roller
Alberto,76220,Wario,W 25 Silver Arrow,Paper Glider,Azure Roller
Alberto,76217,Wario,W 25 Silver Arrow,Paper Glider,Azure Roller
Alberto,76172,Wario,W 25 Silver Arrow,Paper Glider,Azure Roller
Army,56489,Wario,Prancer,Super Glider,Crimson Slim
ささゆき,87401,Waluigi,Mr. Scooty,Paper Glider,Azure Roller
Alberto,56569,Dry Bowser,Mach 8,Paper Glider,Leaf Tires
Army,74495,Waluigi,Biddybuggy,Paper Glider,Azure Roller
Army,74452,Waluigi,Biddybuggy,Paper Glider,Azure Roller
Army,74335,Waluigi,Biddybuggy,Paper Glider,Azure Roller
grace,82412,Heavy Mii,Yoshi Bike,Flower Glider,Button
ささゆき,87385,Waluigi,Mr. Scooty,Paper Glider,Azure Roller
Alberto,109074,Baby Daisy,Biddybuggy,Paper Glider,Azure Roller
Alberto,104992,Baby Daisy,Biddybuggy,Paper Glider,Azure Roller
Alberto,109013,Baby Daisy,Biddybuggy,Paper Glider,Azure Roller
Army,73537,Waluigi,Biddybuggy,Paper Glider,Azure Roller
Alberto,109004,Baby Daisy,Biddybuggy,Paper Glider,Azure Roller
Alberto,108975,Baby Daisy,Biddybuggy,Paper Glider,Azure Roller
Alberto,80437,Waluigi,Teddy Buggy,Paper Glider,Azure Roller
きなこもち,106357,Waluigi,Biddybuggy,Paper Glider,Roller
¥146,100608,Baby Peach,Biddybuggy,Paper Glider,Azure Roller
Panda,84490,Wario,Biddybuggy,Paper Glider,Azure Roller
Panda,84440,Wario,Biddybuggy,Paper Glider,Azure Roller
Alberto,102563,Baby Daisy,Biddybuggy,Paper Glider,Azure Roller
Alberto,102541,Baby Daisy,Biddybuggy,Paper Glider,Azure Roller
Alberto,102484,Baby Daisy,Biddybuggy,Paper Glider,Azure Roller
Alberto,80428,Waluigi,Teddy Buggy,Paper Glider,Azure Roller
Alberto,80401,Waluigi,Teddy Buggy,Paper Glider,Azure Roller
Alberto,80399,Waluigi,Teddy Buggy,Paper Glider,Azure Roller
Panda,84466,Wario,Biddybuggy,Paper Glider,Azure Roller
Panda,84409,Wario,Biddybuggy,Paper Glider,Azure Roller
Army,100589,Baby Daisy,Biddybuggy,Paper Glider,Azure Roller
Army,100577,Baby Daisy,Biddybuggy,Paper Glider,Azure Roller
Alberto,82403,Roy,Biddybuggy,Paper Glider,Azure Roller
Army,100557,Baby Daisy,Biddybuggy,Paper Glider,Azure Roller
Army,100553,Baby Daisy,Biddybuggy,Parachute,Azure Roller
Army,100490,Baby Daisy,Biddybuggy,Parachute,Azure Roller
Alberto,83631,Waluigi,Teddy Buggy,Gold Glider,Azure Roller
Alberto,105445,Waluigi,Biddybuggy,Paper Glider,Leaf Tires
Alberto,105413,Roy,Biddybuggy,Paper Glider,Leaf Tires
Alberto,105441,Waluigi,Biddybuggy,Paper Glider,Leaf Tires
Alberto,105409,Roy,Biddybuggy,Paper Glider,Leaf Tires
Alberto,105373,Roy,Biddybuggy,Paper Glider,Leaf Tires
Panda,84403,Dry Bowser,Biddybuggy,Paper Glider,Azure Roller
Panda,84362,Dry Bowser,Biddybuggy,Paper Glider,Azure Roller
Panda,84193,Dry Bowser,Biddybuggy,Paper Glider,Azure Roller
grace,76143,Waluigi,Varmint,Super Glider,Azure Roller
Alberto,105400,Roy,Biddybuggy,Paper Glider,Leaf Tires
Alberto,105357,Waluigi,Biddybuggy,Paper Glider,Leaf Tires
Alberto,118509,Lemmy,Biddybuggy,Parachute,Azure Roller
Alberto,118431,Lemmy,Biddybuggy,Parachute,Azure Roller
しらぬい,96927,Baby Daisy,Biddybuggy,Paper Glider,Azure Roller
Panda,110551,Donkey Kong,Mr. Scooty,Paper Glider,Azure Roller
Panda,110501,Donkey Kong,Mr. Scooty,Paper Glider,Azure Roller
Panda,110434,Donkey Kong,Mr. Scooty,Paper Glider,Azure Roller
Panda,110401,Donkey Kong,Mr. Scooty,Paper Glider,Azure Roller
Panda,110367,Donkey Kong,Mr. Scooty,Paper Glider,Azure Roller
Alberto,105358,Waluigi,Biddybuggy,Paper Glider,Leaf Tires
Army,96899,Baby Daisy,Biddybuggy,Paper Glider,Azure Roller
Panda,106352,Donkey Kong,Biddybuggy,Paper Glider,Azure Roller
Army,96880,Baby Daisy,Biddybuggy,Paper Glider,Azure Roller
Panda,106299,Donkey Kong,Biddybuggy,Paper Glider,Azure Roller
Army,96789,Baby Daisy,Biddybuggy,Paper Glider,Azure Roller
Alberto,105356,Waluigi,Biddybuggy,Paper Glider,Leaf Tires
Army,96702,Baby Daisy,Biddybuggy,Paper Glider,Azure Roller
Panda,106164,Donkey Kong,Biddybuggy,Paper Glider,Azure Roller
Army,76104,Waluigi,Varmint,Super Glider,Azure Roller
grace,76079,Waluigi,Varmint,Super Glider,Azure Roller
Alberto,76104,Waluigi,Varmint,Super Glider,Azure Roller
Panda,106291,Donkey Kong,Biddybuggy,Paper Glider,Azure Roller
Panda,106276,Donkey Kong,Biddybuggy,Paper Glider,Azure Roller
エル,107764,Waluigi,Biddybuggy,Paper Glider,Azure Roller
しらぬい,105331,Waluigi,Biddybuggy,Paper Glider,Leaf Tires
Panda,106134,Donkey Kong,Biddybuggy,Paper Glider,Azure Roller
Alberto,105331,Waluigi,Biddybuggy,Cloud Glider,Leaf Tires
なすの,122338,Waluigi,Mr. Scooty,Paper Glider,Azure Roller
Byron,94712,Roy,Wild Wiggler,Paper Glider,Azure Roller
Panda,106117,Donkey Kong,Biddybuggy,Paper Glider,Azure Roller
AK,115024,Waluigi,Biddybuggy,Paper Glider,Azure Roller
Alberto,119407,Roy,Biddybuggy,Paper Glider,Azure Roller
grace,76082,Waluigi,Varmint,Super Glider,Azure Roller
Army,76007,Waluigi,Varmint,Super Glider,Azure Roller
Army,76016,Waluigi,Varmint,Super Glider,Azure Roller
Army,75964,Waluigi,Varmint,Super Glider,Azure Roller
Alberto,75962,Waluigi,Varmint,Hylian Kite,Azure Roller
Alberto,75914,Waluigi,Varmint,Hylian Kite,Azure Roller
Alberto,75746,Waluigi,Varmint,Super Glider,Azure Roller
エル,107675,Waluigi,Biddybuggy,Paper Glider,Azure Roller
Panda,106062,Donkey Kong,Biddybuggy,Paper Glider,Azure Roller
Vincent,86350,Dry Bowser,Wild Wiggler,Paper Glider,Leaf Tires
Alberto,75877,Waluigi,Varmint,Super Glider,Azure Roller
Panda,106013,Donkey Kong,Biddybuggy,Paper Glider,Azure Roller
ささゆき,87376,Waluigi,Mr. Scooty,Paper Glider,Azure Roller
Alberto,84622,Baby Daisy,Biddybuggy,Paper Glider,Azure Roller
ささゆき,87338,Waluigi,Mr. Scooty,Paper Glider,Azure Roller
Army,74263,Waluigi,Biddybuggy,Paper Glider,Azure Roller
Alberto,84563,Baby Daisy,Biddybuggy,Paper Glider,Azure Roller
Alberto,84514,Baby Daisy,Biddybuggy,Paper Glider,Azure Roller
Alberto,84550,Baby Daisy,Biddybuggy,Paper Glider,Azure Roller
Alberto,84517,Baby Daisy,Biddybuggy,Paper Glider,Azure Roller
Alberto,84460,Baby Daisy,Biddybuggy,Paper Glider,Azure Roller
stove,102431,Baby Daisy,Biddybuggy,Paper Glider,Roller
Army,80594,Waluigi,Mr. Scooty,Paper Glider,Azure Roller
Army,80479,Waluigi,Mr. Scooty,Paper Glider,Azure Roller
iXA,116208,Waluigi,Mr. Scooty,Paper Glider,Azure Roller
Alberto,84474,Baby Daisy,Biddybuggy,Paper Glider,Azure Roller
Army,85956,Baby Daisy,Biddybuggy,Paper Glider,Azure Roller
Army,80417,Waluigi,Mr. Scooty,Paper Glider,Azure Roller
Alberto,84454,Waluigi,Wild Wiggler,Wario Wing,Azure Roller
Alberto,84451,Waluigi,Wild Wiggler,Wario Wing,Azure Roller
Alberto,84429,Waluigi,Wild Wiggler,Wario Wing,Azure Roller
Army,85930,Baby Daisy,Biddybuggy,Paper Glider,Azure Roller
Alberto,84417,Waluigi,Wild Wiggler,Wario Wing,Azure Roller
Alberto,84386,Waluigi,Wild Wiggler,Wario Wing,Azure Roller
Army,85833,Baby Daisy,Biddybuggy,Paper Glider,Azure Roller
Army,85907,Baby Daisy,Biddybuggy,Paper Glider,Azure Roller
Alberto,102345,Baby Daisy,Biddybuggy,Paper Glider,Azure Roller
Army,101866,Baby Daisy,Biddybuggy,Paper Glider,Azure Roller
FA,60533,Dry Bowser,Mach 8,Paper Glider,Leaf Tires
Alberto,107080,Baby Daisy,Biddybuggy,Paper Glider,Azure Roller
Alberto,107055,Baby Daisy,Biddybuggy,Paper Glider,Azure Roller
Army,101801,Baby Daisy,Biddybuggy,Paper Glider,Azure Roller
Army,101767,Baby Daisy,Biddybuggy,Parachute,Azure Roller
Vincent,86306,Roy,Biddybuggy,Parachute,Azure Roller
Alberto,106998,Baby Daisy,Biddybuggy,Paper Glider,Azure Roller
Army,73351,Baby Daisy,Biddybuggy,Parachute,Azure Roller
Vincent,86286,Roy,Biddybuggy,Parachute,Azure Roller
Vincent,86268,Roy,Biddybuggy,Cloud Glider,Roller
Alberto,62070,Waluigi,Biddybuggy,Paper Glider,Azure Roller
JenZua,74744,Roy,Biddybuggy,Paper Glider,Azure Roller
Alberto,87223,Waluigi,Mr. Scooty,Paper Glider,Azure Roller
EternalX,73338,Baby Daisy,Biddybuggy,Paper Glider,Azure Roller
のり,113406,Champion Link,Streetle,Paper Glider,Azure Roller
Alberto,87335,Waluigi,Mr. Scooty,Paper Glider,Azure Roller
ありす,88431,Baby Daisy,Biddybuggy,Flower Glider,Azure Roller
Victor,74677,Waluigi,Biddybuggy,Paper Glider,Azure Roller
ありす,88508,Baby Daisy,Biddybuggy,Flower Glider,Azure Roller
Braydon,114614,Baby Peach,Biddybuggy,Parachute,Azure Roller
Alberto,60044,King Boo,Biddybuggy,Paper Glider,Button
Alberto,74650,Roy,Biddybuggy,Cloud Glider,Azure Roller
Alberto,74639,Waluigi,Biddybuggy,Parachute,Azure Roller
Alberto,74506,Roy,Biddybuggy,Cloud Glider,Azure Roller
Alberto,74389,Roy,Biddybuggy,Cloud Glider,Azure Roller
Alberto,74418,Roy,Biddybuggy,Cloud Glider,Azure Roller
vxlocity,84932,Baby Peach,Biddybuggy,Paper Glider,Azure Roller
JenZua,60529,Wario,Teddy Buggy,Super Glider,Azure Roller
Gudichap,92522,Baby Daisy,Biddybuggy,Paper Glider,Azure Roller
Army,65884,Waluigi,Biddybuggy,Paper Glider,Azure Roller
Roberto,91192,Wario,Yoshi Bike,Super Glider,Azure Roller
ths,62717,Wario,Streetle,Super Glider,Azure Roller
ths,141345,Waluigi,Biddybuggy,Paper Glider,Azure Roller
Pii,108326,Iggy,Varmint,Cloud Glider,Azure Roller
¥146,123167,Waluigi,Biddybuggy,Paper Glider,Azure Roller
grace,86717,Waluigi,Biddybuggy,Paper Glider,Roller
Alberto,89412,King Boo,Streetle,Paper Glider,Azure Roller
Doodle,67328,King Boo,Landship,Paper Glider,Azure Roller
Lemon,90060,Waluigi,Biddybuggy,Paper Glider,Azure Roller
Astro,66861,Waluigi,Mr. Scooty,Paper Glider,Azure Roller
K4I,116914,Waluigi,Biddybuggy,Paper Glider,Leaf Tires
kisaragi,82110,Dry Bowser,Mach 8,Paper Glider,Leaf Tires
Alpaco,84841,Baby Daisy,Biddybuggy,Paper Glider,Roller
Alpaco,84542,Baby Daisy,Biddybuggy,Paper Glider,Roller
vxlocity,84769,Baby Peach,Biddybuggy,Paper Glider,Azure Roller
Alpaco,84327,Baby Daisy,Biddybuggy,Paper Glider,Roller
Alpaco,84201,Baby Daisy,Biddybuggy,Paper Glider,Azure Roller
JenZua,60394,Wario,Teddy Buggy,Super Glider,Azure Roller
JenZua,60368,Wario,Teddy Buggy,Super Glider,Azure Roller
JenZua,60258,Wario,Teddy Buggy,Super Glider,Azure Roller
Darren,92493,Donkey Kong,Biddybuggy,Cloud Glider,Azure Roller
Play,90980,Waluigi,Streetle,Paper Glider,Azure Roller
Beta,62678,Wario,Streetle,Super Glider,Roller
Army,62659,Wario,Streetle,Super Glider,Azure Roller
Army,62531,Wario,Streetle,Super Glider,Azure Roller
Army,62394,Wario,Streetle,Super Glider,Azure Roller
Army,62292,Wario,Streetle,Super Glider,Azure Roller
Army,65771,Waluigi,Biddybuggy,Paper Glider,Azure Roller
Davi,86634,Waluigi,Biddybuggy,Paper Glider,Azure Roller
TylerR,86634,Waluigi,Biddybuggy,Paper Glider,Azure Roller
grace,86617,Waluigi,Biddybuggy,Paper Glider,Roller
Hobbie,86517,Dry Bowser,Sneeker,Hylian Kite,Crimson Slim
TylerR,86517,Waluigi,Biddybuggy,Paper Glider,Azure Roller
Alberto,116837,Waluigi,Biddybuggy,Paper Glider,Leaf Tires
K4I,116790,Waluigi,Biddybuggy,Paper Glider,Leaf Tires
Alpaco,84007,Baby Daisy,Biddybuggy,Paper Glider,Azure Roller
Alpaco,83958,Baby Daisy,Biddybuggy,Paper Glider,Azure Roller
Doodle,86517,Wario,Gold Standard,Paraglider,Slim
Alpaco,83942,Baby Daisy,Biddybuggy,Paper Glider,Azure Roller
nanew,86484,Wario,Sneeker,Hylian Kite,Slim
Army,86251,Wario,Sneeker,Hylian Kite,Crimson Slim
いたくら,92482,Waluigi,Biddybuggy,Paper Glider,Azure Roller
いたくら,92295,Waluigi,Biddybuggy,Paper Glider,Azure Roller
Pii,108212,Iggy,Mr. Scooty,Paper Glider,Azure Roller
Pii,108161,Waluigi,Mr. Scooty,Paper Glider,Azure Roller
Danny,90003,Waluigi,Biddybuggy,Cloud Glider ,Azure Roller
kisaragi,82009,Dry Bowser,Mach 8,Paper Glider,Leaf Tires
kisaragi,81777,Dry Bowser,Mach 8,Paper Glider,Leaf Tires
Razu,81709,Dry Bowser,Mach 8,Paper Glider,Leaf Tires
Army,65712,Waluigi,Biddybuggy,Paper Glider,Azure Roller
Pii,108043,Waluigi,Mr. Scooty,Paper Glider,Azure Roller
Pii,107848,Waluigi,Mr. Scooty,Paper Glider,Azure Roller
JenZua,60140,Wario,Teddy Buggy,Super Glider,Azure Roller
Razu,81705,Dry Bowser,Mach 8,Paper Glider,Leaf Tires
Army,86117,Wario,Gold Standard,Hylian Kite,Crimson Slim
JenZua,60154,Wario,Biddybuggy,Super Glider,Azure Roller
Yoshira,81266,Roy,Mach 8,Paper Glider,Leaf Tires
Doodle,60098,Wario,Landship,Super Glider,Azure Roller
Alpaco,81606,Waluigi,Biddybuggy,Cloud Glider,Leaf Tires
kiba,81639,Dry Bowser,Mach 8,Cloud Glider,Leaf Tires
Luckyo,81475,Roy,Mach 8,Cloud Glider,Leaf Tires
しらぬい,141221,Baby Daisy,Biddybuggy,Paper Glider,Azure Roller
Tane,80461,Roy,W 25 Silver Arrow,Cloud Glider,Leaf Tires
Army,66112,Waluigi,Mr. Scooty,Paper Glider,Azure Roller
ユダ,89919,Roy,Biddybuggy,Parachute,Roller
Tane,80835,Roy,W 25 Silver Arrow,Cloud Glider,Leaf Tires
いたくら,92200,Waluigi,Biddybuggy,Paper Glider,Azure Roller
いたくら,92099,Waluigi,Biddybuggy,Paper Glider,Azure Roller
Alpaco,81216,Donkey Kong,W 25 Silver Arrow,Parachute,Leaf Tires
Army,65684,Waluigi,Biddybuggy,Paper Glider,Azure Roller
ths,90777,Waluigi,Streetle,Paper Glider,Azure Roller
ths,90503,Waluigi,Streetle,Paper Glider,Azure Roller
Technical,81125,Roy,W 25 Silver Arrow,Paper Glider,Leaf Tires
ths,90452,Waluigi,Streetle,Paper Glider,Azure Roller
Technical,81095,Roy,W 25 Silver Arrow,Paper Glider,Leaf Tires
ths,90392,Waluigi,Streetle,Paper Glider,Azure Roller
Hikki,81124,Roy,Mach 8,Paper Glider,Leaf Tires
Technical,81087,Roy,W 25 Silver Arrow,Paper Glider,Leaf Tires
Technical,80913,Roy,W 25 Silver Arrow,Paper Glider,Leaf Tires
エル,141313,Waluigi,Biddybuggy,Paper Glider,Azure Roller
Alberto,116786,Roy,Biddybuggy,Paper Glider,Leaf Tires
Alberto,116518,Roy,Biddybuggy,Paper Glider,Leaf Tires
Pii,108129,Waluigi,Mr. Scooty,Paper Glider,Azure Roller
しらぬい,116451,Roy,Biddybuggy,Paper Glider,Leaf Tires
zsnipe,123117,Waluigi,Biddybuggy,Paper Glider,Azure Roller
zsnipe,123101,Waluigi,Biddybuggy,Paper Glider,Azure Roller
zsnipe,123084,Waluigi,Biddybuggy,Paper Glider,Azure Roller
Army,86234,Wario,Gold Standard,Hylian Kite,Crimson Slim
Hobbie,85817,Heavy Mii Fox,Gold Standard,Super Glider,Crimson Slim
Army,85901,Wario,Gold Standard,Super Glider,Crimson Slim
Army,85817,Wario,Gold Standard,Super Glider,Crimson Slim
ありす,89169,Baby Daisy,Biddybuggy,Flower Glider,Azure Roller
ふな,89356,Rosalina,Streetle,Cloud Glider,Roller
Alberto,89027,Baby Daisy,Biddybuggy,Paper Glider,Azure Roller
Alberto,88949,Baby Daisy,Biddybuggy,Paper Glider,Azure Roller
Alberto,88757,Baby Daisy,Biddybuggy,Paper Glider,Azure Roller
Alberto,88678,Baby Daisy,Biddybuggy,Paper Glider,Azure Roller
Alberto,88624,Baby Daisy,Biddybuggy,Paper Glider,Azure Roller
conrax,67320,Champion Link,Landship,Paper Glider,Roller
Awoken,66569,Roy,Mr. Scooty,Flower Glider,Roller
Luckyo,67224,Rosalina,Landship,Paper Glider,Azure Roller
Alpaco,66175,Roy,Mr. Scooty,Cloud Glider,Azure Roller
Jimmy,66513,Roy,Mr. Scooty,Cloud Glider,Azure Roller
Luckyo,67182,Rosalina,Landship,Paper Glider,Azure Roller
Alberto,66996,King Boo,Streetle,Paper Glider,Azure Roller
Astro,66487,Waluigi,Mr. Scooty,Paper Glider,Azure Roller
Alberto,66991,King Boo,Streetle,Paper Glider,Azure Roller
Army,66359,Waluigi,Mr. Scooty,Paper Glider,Azure Roller
Alberto,66895,King Boo,Streetle,Paper Glider,Azure Roller
Army,66228,Waluigi,Mr. Scooty,Paper Glider,Azure Roller
Alberto,66836,King Boo,Streetle,Paper Glider,Azure Roller
Army,66040,Waluigi,Mr. Scooty,Paper Glider,Azure Roller
きーぼう,89935,Waluigi,Biddybuggy,Paper Glider,Azure Roller
ユダ,89926,Roy,Biddybuggy,Parachute,Roller
ユダ,89798,Roy,Biddybuggy,Parachute,Roller
JenZua,60047,Wario,Landship,Super Glider,Azure Roller
JenZua,59979,Wario,Landship,Super Glider,Azure Roller
JenZua,59967,Wario,Landship,Super Glider,Azure Roller
JenZua,59935,Wario,Landship,Super Glider,Azure Roller
JenZua,59909,Wario,Landship,Super Glider,Azure Roller
JenZua,59896,Wario,Landship,Super Glider,Azure Roller
しらぬい,141291,Baby Daisy,Biddybuggy,Paper Glider,Azure Roller
zsnipe,122917,Waluigi,Biddybuggy,Paper Glider,Azure Roller
ありす,88568,Baby Daisy,Biddybuggy,Flower Glider,Azure Roller
Hikki,80873,Roy,W 25 Silver Arrow,Paper Glider,Leaf Tires
JenZua,59860,Wario,Landship,Super Glider,Azure Roller
Tane,80861,Roy,W 25 Silver Arrow,Cloud Glider,Leaf Tires
Hikki,80787,Roy,W 25 Silver Arrow,Paper Glider,Leaf Tires
Hgt,80780,Waluigi,W 25 Silver Arrow,Paper Glider,Leaf Tires
エル,141002,Waluigi,Biddybuggy,Paper Glider,Azure Roller
エル,141190,Waluigi,Biddybuggy,Paper Glider,Azure Roller
エル,141052,Waluigi,Biddybuggy,Paper Glider,Azure Roller
エル,141011,Waluigi,Biddybuggy,Paper Glider,Azure Roller
エル,140953,Waluigi,Biddybuggy,Paper Glider,Azure Roller
しらぬい,140767,Baby Daisy,Biddybuggy,Paper Glider,Azure Roller
Army,62201,Wario,Streetle,Super Glider,Azure Roller
Alpaco,83870,Baby Peach,Biddybuggy,Parachute,Azure Roller
Alpaco,83826,Baby Daisy,Biddybuggy,Flower Glider,Azure Roller
JenZua,59842,Wario,Streetle,Super Glider,Azure Roller
JenZua,59835,Wario,Streetle,Super Glider,Azure Roller
JenZua,59785,Wario,Streetle,Super Glider,Azure Roller
Army,59651,Wario,Streetle,Super Glider,Azure Roller
Gudichap,92025,Baby Daisy,Biddybuggy,Paper Glider,Azure Roller
しらぬい,140656,Baby Peach,Biddybuggy,Paper Glider,Azure Roller
しらぬい,140622,Baby Peach,Biddybuggy,Paper Glider,Azure Roller
Alberto,88312,Baby Peach,Biddybuggy,Paper Glider,Azure Roller
Tane,80659,Roy,W 25 Silver Arrow,Cloud Glider,Leaf Tires
Army,85767,Wario,Gold Standard,Gold Glider,Crimson Slim
Alberto,65447,Koopa Troopa,Streetle,Cloud Glider,Cushion
Army,85734,Wario,Gold Standard,Gold Glider,Crimson Slim
3-UP,86451,Wario,Sport Bike,Wario Wing,Slim
Army,62123,Wario,Streetle,Super Glider,Azure Roller
Army,91879,Baby Daisy,Biddybuggy,Paper Glider,Azure Roller
Army,140149,Baby Daisy,Biddybuggy,Paper Glider,Azure Roller
Alberto,59986,King Boo,Biddybuggy,Paper Glider,Button
Army,91984,Baby Daisy,Biddybuggy,Paper Glider,Azure Roller
Alberto,59603,Wario,Streetle,Super Glider,Azure Roller
Army,91753,Baby Daisy,Biddybuggy,Paper Glider,Azure Roller
Army,65620,Waluigi,Biddybuggy,Parachute,Azure Roller
Vincent,79980,Dry Bowser,Mach 8,Paper Glider,Leaf Tires
Alberto,65297,Koopa Troopa,Streetle,Cloud Glider,Cushion
Hikki,65579,Waluigi,Biddybuggy,Paper Glider,Azure Roller
Army,62139,Morton,Streetle,Super Glider,Azure Roller
ありす,87946,Baby Daisy,Biddybuggy,Paper Glider,Azure Roller
Army,83784,Baby Daisy,Biddybuggy,Paper Glider,Azure Roller
Army,83499,Baby Daisy,Biddybuggy,Paper Glider,Azure Roller
Army,83781,Baby Daisy,Biddybuggy,Paper Glider,Azure Roller
Army,83672,Baby Daisy,Biddybuggy,Paper Glider,Azure Roller
¥146,83568,Baby Peach,Biddybuggy,Paper Glider,Azure Roller
Army,83492,Baby Daisy,Biddybuggy,Parachute,Azure Roller
Army,83473,Baby Daisy,Biddybuggy,Paper Glider,Azure Roller
Army,83367,Baby Daisy,Biddybuggy,Paper Glider,Azure Roller
Army,65566,Waluigi,Biddybuggy,Parachute,Azure Roller
Braydon,90346,Baby Peach,Biddybuggy,Parachute,Azure Roller
Army,65452,Waluigi,Biddybuggy,Parachute,Azure Roller
Army,90274,Baby Daisy,Biddybuggy,Paper Glider,Azure Roller
Army,90204,Baby Daisy,Biddybuggy,Paper Glider,Azure Roller
Army,62137,Wario,Streetle,Super Glider,Azure Roller
Army,62069,Wario,Streetle,Super Glider,Azure Roller
¥146,140429,Baby Peach,Biddybuggy,Paper Glider,Azure Roller
Pii,107617,Waluigi,Pipe Frame,Super Glider,Azure Roller
Pii,107478,Waluigi,Pipe Frame,Super Glider,Azure Roller
Army,140267,Baby Daisy,Biddybuggy,Paper Glider,Azure Roller
Army,140106,Baby Daisy,Biddybuggy,Paper Glider,Azure Roller
Army,139972,Baby Daisy,Biddybuggy,Paper Glider,Azure Roller
JenZua,107335,Waluigi,Wild Wiggler,Super Glider,Azure Roller
SuperFX,107398,Waluigi,Varmint,Super Glider,Roller
JenZua,107168,Waluigi,Wild Wiggler,Super Glider,Azure Roller
JenZua,107132,Waluigi,Wild Wiggler,Super Glider,Azure Roller
JenZua,107090,Waluigi,Wild Wiggler,Super Glider,Azure Roller
JenZua,107019,Waluigi,Wild Wiggler,Super Glider,Azure Roller
JenZua,106998,Waluigi,Wild Wiggler,Super Glider,Azure Roller
Byron,122717,Waluigi,Biddybuggy,Paper Glider,Azure Roller
Byron,122351,Waluigi,Biddybuggy,Paper Glider,Azure Roller
Byron,122484,Waluigi,Biddybuggy,Paper Glider,Azure Roller
K4I,122201,Waluigi,Biddybuggy,Paper Glider,Azure Roller
Byron,122217,Waluigi,Biddybuggy,Paper Glider,Azure Roller
Byron,122051,Waluigi,Biddybuggy,Paper Glider,Azure Roller
Byron,122134,Waluigi,Biddybuggy,Paper Glider,Azure Roller
Byron,122017,Waluigi,Biddybuggy,Paper Glider,Azure Roller
Byron,121967,Waluigi,Biddybuggy,Paper Glider,Azure Roller
Byron,121884,Waluigi,Biddybuggy,Paper Glider,Azure Roller
K4I,121884,Waluigi,Biddybuggy,Paper Glider,Azure Roller
Army,85634,Wario,Gold Standard,Super Glider,Crimson Slim
Army,85567,Wario,Gold Standard,Super Glider,Crimson Slim
Army,85501,Wario,Gold Standard,Super Glider,Crimson Slim
Army,85384,Wario,Gold Standard,Super Glider,Crimson Slim
Tane,80638,Roy,W 25 Silver Arrow,Cloud Glider,Leaf Tires
Alberto,116448,Waluigi,Biddybuggy,Paper Glider,Leaf Tires
しらぬい,116273,Waluigi,Biddybuggy,Paper Glider,Leaf Tires
Alberto,116417,Waluigi,Biddybuggy,Paper Glider,Leaf Tires
Alberto,116328,Waluigi,Biddybuggy,Paper Glider,Leaf Tires
てんせいしゃ,116325,Waluigi,Biddybuggy,Paper Glider,Leaf Tires
しらぬい,116187,Waluigi,Biddybuggy,Paper Glider,Leaf Tires
JenZua,106880,Waluigi,Wild Wiggler,Super Glider,Azure Roller
Alberto,59423,Wario,Streetle,Super Glider,Azure Roller
Play,90186,Waluigi,Streetle,Paper Glider,Azure Roller
Alberto,87669,Baby Peach,Biddybuggy,Cloud Glider,Azure Roller
ありす,87863,Baby Daisy,Biddybuggy,Paper Glider,Azure Roller
Alberto,87598,Baby Daisy,Biddybuggy,Paper Glider,Azure Roller
しらぬい,115926,Waluigi,Biddybuggy,Paper Glider,Leaf Tires
Alberto,87582,Baby Daisy,Biddybuggy,Paper Glider,Azure Roller
Alberto,87534,Baby Daisy,Biddybuggy,Paper Glider,Azure Roller
ありす,87500,Baby Daisy,Biddybuggy,Paper Glider,Azure Roller
Alberto,87462,Baby Daisy,Biddybuggy,Paper Glider,Azure Roller
Alberto,87416,Baby Daisy,Biddybuggy,Paper Glider,Azure Roller
Alberto,87378,Baby Daisy,Biddybuggy,Paper Glider,Azure Roller
Alpaco,66639,Koopa Troopa,Streetle,Flower Glider,Cushion
Alberto,65993,Koopa Troopa,Streetle,Cloud Glider,Cushion
Alpaco,66610,Lakitu,Streetle,Cloud Glider,Cushion
Alberto,66192,Koopa Troopa,Streetle,Cloud Glider,Cushion
Alberto,65805,Koopa Troopa,Streetle,Cloud Glider,Cushion
Alberto,65892,Koopa Troopa,Streetle,Cloud Glider,Cushion
Alberto,65714,Koopa Troopa,Streetle,Cloud Glider,Cushion
Alberto,65760,Koopa Troopa,Streetle,Cloud Glider,Cushion
Alberto,65637,Koopa Troopa,Streetle,Cloud Glider,Cushion
Alberto,65676,Koopa Troopa,Streetle,Cloud Glider,Cushion
Byron,121734,Waluigi,Biddybuggy,Paper Glider,Azure Roller
Army,91590,Baby Daisy,Biddybuggy,Paper Glider,Azure Roller
Alberto,65336,Koopa Troopa,Streetle,Cloud Glider,Cushion
Alberto,65166,Bowser Jr.,Streetle,Cloud Glider,Cushion
Alberto,65227,Koopa Troopa,Streetle,Cloud Glider,Cushion
Alberto,65057,Koopa Troopa,Streetle,Paper Glider,Cushion
Alberto,65141,Koopa Troopa,Streetle,Paper Glider,Cushion
ユダ,89743,Waluigi,Biddybuggy,Parachute,Roller
Hi,89728,Waluigi,Biddybuggy,Paper Glider,Roller
ちゃあああ,89514,Roy,Biddybuggy,Cloud Glider,Azure Roller
StervtL,89494,Waluigi,Biddybuggy,Paper Glider,Azure Roller
ユダ,89464,Roy,Biddybuggy,Parachute,Roller
ユダ,89381,Waluigi,Biddybuggy,Parachute,Roller
ユダ,89334,Roy,Biddybuggy,Parachute,Roller
StervtL,88921,Waluigi,Biddybuggy,Paper Glider,Azure Roller
ユダ,89320,Roy,Biddybuggy,Parachute,Roller
StervtL,89191,Waluigi,Biddybuggy,Paper Glider,Azure Roller
StervtL,89172,Waluigi,Biddybuggy,Paper Glider,Azure Roller
StervtL,89131,Waluigi,Biddybuggy,Paper Glider,Azure Roller
StervtL,89124,Waluigi,Biddybuggy,Paper Glider,Azure Roller
StervtL,89047,Waluigi,Biddybuggy,Paper Glider,Azure Roller
Army,66011,Waluigi,Mr. Scooty,Paper Glider,Azure Roller
Army,65872,Waluigi,Mr. Scooty,Paper Glider,Azure Roller
Army,65838,Waluigi,Mr. Scooty,Paper Glider,Azure Roller
Army,65824,Waluigi,Mr. Scooty,Paper Glider,Azure Roller
Panda,65665,Donkey Kong,Mr. Scooty,Paper Glider,Azure Roller
Panda,65491,Donkey Kong,Mr. Scooty,Paper Glider,Azure Roller
Panda,65408,Donkey Kong,Mr. Scooty,Paper Glider,Azure Roller
Panda,65235,Donkey Kong,Mr. Scooty,Paper Glider,Azure Roller
Panda,65161,Donkey Kong,Mr. Scooty,Paper Glider,Azure Roller
Panda,65144,Donkey Kong,Mr. Scooty,Paper Glider,Azure Roller
Panda,65207,Donkey Kong,Mr. Scooty,Paper Glider,Azure Roller
Panda,65171,Donkey Kong,Mr. Scooty,Paper Glider,Azure Roller
Panda,65084,Donkey Kong,Mr. Scooty,Paper Glider,Azure Roller
Panda,64874,Donkey Kong,Mr. Scooty,Paper Glider,Azure Roller
Army,62004,Wario,Streetle,Super Glider,Azure Roller
Alberto,64987,Koopa Troopa,Streetle,Paper Glider,Cushion
Army,59572,Wario,Streetle,Super Glider,Azure Roller
Army,59489,Wario,Streetle,Super Glider,Azure Roller
Alberto,59447,Wario,Streetle,Super Glider,Azure Roller
Army,91618,Baby Daisy,Biddybuggy,Paper Glider,Azure Roller
Alberto,59368,Wario,Streetle,Super Glider,Azure Roller
Army,90075,Baby Daisy,Biddybuggy,Paper Glider,Azure Roller
Play,90174,Waluigi,Streetle,Paper Glider,Azure Roller
Army,89964,Baby Daisy,Biddybuggy,Paper Glider,Azure Roller
Army,89865,Baby Daisy,Biddybuggy,Paper Glider,Azure Roller
Army,139931,Baby Daisy,Biddybuggy,Paper Glider,Azure Roller
Army,139521,Baby Daisy,Biddybuggy,Paper Glider,Azure Roller
Army,139908,Baby Daisy,Biddybuggy,Paper Glider,Azure Roller
Army,139868,Baby Daisy,Biddybuggy,Paper Glider,Azure Roller
しらぬい,139790,Baby Peach,Biddybuggy,Paper Glider,Azure Roller
Army,139752,Baby Daisy,Biddybuggy,Paper Glider,Azure Roller
Army,139686,Baby Daisy,Biddybuggy,Paper Glider,Azure Roller
Army,139661,Baby Daisy,Biddybuggy,Paper Glider,Azure Roller
JenZua,106983,Waluigi,Wild Wiggler,Super Glider,Azure Roller
JenZua,106973,Waluigi,Wild Wiggler,Super Glider,Azure Roller
JenZua,106940,Waluigi,Wild Wiggler,Super Glider,Azure Roller
JenZua,106932,Waluigi,Wild Wiggler,Super Glider,Azure Roller
JenZua,106909,Waluigi,Wild Wiggler,Super Glider,Azure Roller
Byron,121801,Waluigi,Biddybuggy,Paper Glider,Azure Roller
K4I,121567,Waluigi,Biddybuggy,Paper Glider,Azure Roller
Byron,121667,Waluigi,Biddybuggy,Paper Glider,Azure Roller
Army,139616,Baby Daisy,Biddybuggy,Paper Glider,Azure Roller
Army,85367,Wario,Standard Kart,Super Glider,Crimson Slim
Army,85251,Wario,Standard Kart,Super Glider,Crimson Slim
Alberto,65027,Koopa Troopa,Streetle,Paper Glider,Cushion
StervtL,88917,Waluigi,Biddybuggy,Paper Glider,Azure Roller
Technical,80435,Waluigi,Wild Wiggler,Paper Glider,Leaf Tires
しらぬい,116136,Waluigi,Biddybuggy,Paper Glider,Leaf Tires
Army,91359,Baby Daisy,Biddybuggy,Paper Glider,Azure Roller
しらぬい,116130,Roy,Biddybuggy,Paper Glider,Leaf Tires
しらぬい,116089,Waluigi,Biddybuggy,Paper Glider,Leaf Tires
しらぬい,116032,Waluigi,Biddybuggy,Paper Glider,Leaf Tires
StervtL,88867,Waluigi,Biddybuggy,Paper Glider,Azure Roller
Tane,80399,Waluigi,Wild Wiggler,Cloud Glider,Leaf Tires
Tane,80381,Waluigi,Wild Wiggler,Cloud Glider,Leaf Tires
Panda,64871,Donkey Kong,Mr. Scooty,Paper Glider,Azure Roller
しらぬい,115941,Waluigi,Biddybuggy,Cloud Glider,Leaf Tires
grace,80350,Waluigi,Wild Wiggler,Paper Glider,Leaf Tires
Hikki,80347,Waluigi,Wild Wiggler,Paper Glider,Leaf Tires
Army,61978,Wario,Streetle,Super Glider,Azure Roller
しらぬい,115906,Roy,Biddybuggy,Paper Glider,Leaf Tires
ありす,87318,Baby Daisy,Biddybuggy,Flower Glider,Azure Roller
StervtL,88785,Waluigi,Biddybuggy,Paper Glider,Azure Roller
Alberto,87275,Baby Daisy,Biddybuggy,Paper Glider,Azure Roller
Alberto,87152,Baby Daisy,Biddybuggy,Paper Glider,Azure Roller
K4I,121501,Waluigi,Biddybuggy,Paper Glider,Azure Roller
Tane,80340,Waluigi,Wild Wiggler,Cloud Glider,Leaf Tires
Panda,64784,Donkey Kong,Mr. Scooty,Paper Glider,Azure Roller
ありす,87093,Baby Daisy,Biddybuggy,Flower Glider,Azure Roller
K4I,121351,Waluigi,Biddybuggy,Paper Glider,Azure Roller
Hikki,80207,Waluigi,Wild Wiggler,Paper Glider,Leaf Tires
Vincent,65286,Baby Daisy,Biddybuggy,Paper Glider,Azure Roller
Pii,65199,Baby Daisy,Biddybuggy,Paper Glider,Azure Roller
Tane,80310,Waluigi,Wild Wiggler,Cloud Glider,Leaf Tires
Panda,64972,Koopa Troopa,Streetle,Paper Glider,Cushion
Army,65162,Baby Peach,Biddybuggy,Paper Glider,Azure Roller
StervtL,88697,Waluigi,Biddybuggy,Paper Glider,Azure Roller
ありす,87045,Baby Daisy,Biddybuggy,Flower Glider,Azure Roller
Byron,121417,Waluigi,Biddybuggy,Paper Glider,Azure Roller
StervtL,88689,Waluigi,Biddybuggy,Paper Glider,Azure Roller
K4I,121317,Waluigi,Biddybuggy,Paper Glider,Azure Roller
Vincent,65029,Baby Daisy,Biddybuggy,Paper Glider,Azure Roller
Army,59330,Wario,Streetle,Super Glider,Azure Roller
K4I,121284,Waluigi,Biddybuggy,Paper Glider,Azure Roller
Lemon,88538,Roy,Biddybuggy,Paper Glider,Azure Roller
Byron,121284,Waluigi,Biddybuggy,Paper Glider,Azure Roller
ありす,87030,Baby Daisy,Biddybuggy,Flower Glider,Azure Roller
Alberto,119176,Baby Daisy,Biddybuggy,Paper Glider,Azure Roller
StervtL,88457,Waluigi,Biddybuggy,Paper Glider,Azure Roller
しらぬい,119320,Waluigi,Biddybuggy,Paper Glider,Azure Roller
Alberto,86881,Baby Daisy,Biddybuggy,Paper Glider,Azure Roller
Tane,80202,Waluigi,Wild Wiggler,Cloud Glider,Leaf Tires
Army,73273,Baby Daisy,Biddybuggy,Bowser Kite,Azure Roller
Hikki,80197,Waluigi,Wild Wiggler,Paper Glider,Leaf Tires
しらぬい,119224,Roy,Biddybuggy,Paper Glider,Azure Roller
StervtL,88508,Waluigi,Biddybuggy,Paper Glider,Azure Roller
Alberto,121284,Roy,Biddybuggy,Paper Glider,Azure Roller
Vincent,85234,Wario,Standard Kart,Super Glider,Crimson Slim
Army,121234,Waluigi,Biddybuggy,Paper Glider,Azure Roller
Army,85217,Wario,Standard Kart,Super Glider,Crimson Slim
Army,85117,Wario,Standard Kart,Super Glider,Crimson Slim
Army,85017,Wario,Standard Kart,Super Glider,Crimson Slim
Hikki,80140,Roy,Wild Wiggler,Paper Glider,Leaf Tires
Army,121017,Waluigi,Biddybuggy,Paper Glider,Azure Roller
Alberto,121151,Waluigi,Biddybuggy,Paper Glider,Azure Roller
Army,121084,Waluigi,Biddybuggy,Paper Glider,Azure Roller
StervtL,88462,Waluigi,Biddybuggy,Paper Glider,Azure Roller
StervtL,88379,Waluigi,Biddybuggy,Paper Glider,Azure Roller
Alberto,64964,Koopa Troopa,Streetle,Paper Glider,Cushion
Alberto,64963,Koopa Troopa,Streetle,Paper Glider,Cushion
Alberto,64938,Koopa Troopa,Streetle,Parachute,Cushion
Alberto,64887,Koopa Troopa,Streetle,Paper Glider,Cushion
Alberto,64917,Koopa Troopa,Streetle,Parachute,Cushion
Alberto,64909,Koopa Troopa,Streetle,Parachute,Cushion
Alberto,64891,Koopa Troopa,Streetle,Paper Glider,Cushion
Technical,61953,Wario,Streetle,Super Glider,Azure Roller
Alberto,64831,Koopa Troopa,Streetle,Paper Glider,Cushion
orel,77702,Waluigi,Biddybuggy,Paper Glider,Azure Roller
Vincent,80001,Dry Bowser,Mach 8,Paper Glider,Leaf Tires
Alberto,139520,Baby Daisy,Biddybuggy,Paper Glider,Azure Roller
Alberto,139514,Baby Daisy,Biddybuggy,Paper Glider,Azure Roller
Alberto,139495,Baby Daisy,Biddybuggy,Paper Glider,Azure Roller
Army,83322,Baby Daisy,Biddybuggy,Paper Glider,Azure Roller
Army,83272,Baby Daisy,Biddybuggy,Paper Glider,Azure Roller
Army,83220,Baby Daisy,Biddybuggy,Paper Glider,Azure Roller
Army,83130,Baby Daisy,Biddybuggy,Paper Glider,Azure Roller
AK,115846,Roy,Biddybuggy,Paper Glider,Leaf Tires
Alberto,114586,Baby Daisy,Biddybuggy,Paper Glider,Azure Roller
Army,83120,Baby Daisy,Biddybuggy,Paper Glider,Azure Roller
StervtL,88279,Waluigi,Biddybuggy,Paper Glider,Azure Roller
Army,61934,Wario,Streetle,Super Glider,Azure Roller
Army,61929,Wario,Streetle,Super Glider,Azure Roller
Army,61916,Wario,Streetle,Super Glider,Azure Roller
Army,61846,Wario,Streetle,Super Glider,Azure Roller
Hikki,80078,Waluigi,Wild Wiggler,Paper Glider,Leaf Tires
Vincent,64971,Baby Daisy,Biddybuggy,Paper Glider,Azure Roller
Technical,63562,Light-blue Yoshi,Mr. Scooty,Cloud Glider,Azure Roller
Technical,64597,Waluigi,Mr. Scooty,Paper Glider,Azure Roller
Hgt,64488,Waluigi,Mr. Scooty,Paper Glider,Azure Roller
Awoken,64417,Donkey Kong,Mr. Scooty,Flower Glider,Roller
Aless,64385,Roy,Mr. Scooty,Parachute,Azure Roller
Technical,63540,Light-blue Yoshi,Mr. Scooty,Cloud Glider,Azure Roller
Alberto,89834,Baby Daisy,Biddybuggy,Paper Glider,Azure Roller
Alberto,89813,Baby Daisy,Biddybuggy,Paper Glider,Azure Roller
Alberto,89745,Baby Daisy,Biddybuggy,Paper Glider,Azure Roller
Alberto,89720,Baby Daisy,Biddybuggy,Paper Glider,Azure Roller
Alberto,89681,Baby Peach,Biddybuggy,Paper Glider,Azure Roller
Alberto,89512,Baby Peach,Biddybuggy,Paper Glider,Azure Roller
Alberto,89504,Baby Peach,Biddybuggy,Paper Glider,Azure Roller
Army,64291,King Boo,Mr. Scooty,Paper Glider,Azure Roller
Army,64008,King Boo,Mr. Scooty,Paper Glider,Azure Roller
Army,63767,King Boo,Mr. Scooty,Paper Glider,Azure Roller
Army,63721,King Boo,Mr. Scooty,Paper Glider,Azure Roller
Army,63649,King Boo,Mr. Scooty,Paper Glider,Azure Roller
Army,63600,King Boo,Mr. Scooty,Paper Glider,Azure Roller
Alberto,106879,Waluigi,Wild Wiggler,Wario Wing,Azure Roller
Alberto,106860,Waluigi,Wild Wiggler,Wario Wing,Azure Roller
Alberto,106838,Waluigi,Wild Wiggler,Wario Wing,Azure Roller
Alberto,106822,Waluigi,Wild Wiggler,Wario Wing,Azure Roller
Alberto,106818,Waluigi,Wild Wiggler,Wario Wing,Azure Roller
Alberto,106806,Waluigi,Wild Wiggler,Wario Wing,Azure Roller
Alberto,106798,Waluigi,Wild Wiggler,Wario Wing,Azure Roller
Pii,64851,Baby Daisy,Biddybuggy,Flower Glider,Azure Roller
Technical,63522,Light-blue Yoshi,Mr. Scooty,Cloud Glider,Azure Roller
Technical,63467,Light-blue Yoshi,Mr. Scooty,Cloud Glider,Azure Roller
Technical,63320,Light-blue Yoshi,Mr. Scooty,Cloud Glider,Azure Roller
Technical,63149,Light-blue Yoshi,Mr. Scooty,Cloud Glider,Azure Roller
Army,106730,Baby Daisy,Mr. Scooty,Paper Glider,Azure Roller
Technical,62944,Yoshi,Mr. Scooty,Paper Glider,Roller
しらぬい,100026,Baby Daisy,Biddybuggy,Paper Glider,Azure Roller
Hikki,79955,Waluigi,Wild Wiggler,Paper Glider,Leaf Tires
Technical,63091,Yoshi,Mr. Scooty,Paper Glider,Roller
Byron,91309,Donkey Kong,Biddybuggy,Parachute,Azure Roller
Army,91258,Baby Daisy,Biddybuggy,Paper Glider,Azure Roller
Technical,62807,Yoshi,Biddybuggy,Paper Glider,Roller
AK,115767,Roy,Biddybuggy,Paper Glider,Leaf Tires
Army,120834,Waluigi,Biddybuggy,Paper Glider,Azure Roller
Technical,62598,Yoshi,Biddybuggy,Paper Glider,Roller
Alberto,114556,Baby Daisy,Biddybuggy,Paper Glider,Azure Roller
Alberto,85830,Baby Daisy,Biddybuggy,Paper Glider,Azure Roller
Gudichap,88207,Roy,Biddybuggy,Cloud Glider,Azure Roller
Gudichap,88193,Roy,Biddybuggy,Cloud Glider,Azure Roller
StervtL,88176,Waluigi,Biddybuggy,Paper Glider,Azure Roller
しらぬい,99987,Baby Rosalina,Biddybuggy,Paper Glider,Azure Roller
Panda,120984,Donkey Kong,Biddybuggy,Paper Glider,Azure Roller
Gudichap,88062,Roy,Biddybuggy,Cloud Glider,Azure Roller
StervtL,88023,Waluigi,Biddybuggy,Paper Glider,Azure Roller
StervtL,87989,Waluigi,Biddybuggy,Paper Glider,Azure Roller
Alberto,118161,Waluigi,Biddybuggy,Paper Glider,Roller
StervtL,87818,Waluigi,Biddybuggy,Paper Glider,Azure Roller
AK,115736,Waluigi,Biddybuggy,Paper Glider,Leaf Tires
Alberto,118103,Waluigi,Biddybuggy,Paper Glider,Azure Roller
K4I,120984,Waluigi,Biddybuggy,Paper Glider,Azure Roller
Gudichap,87760,Waluigi,Biddybuggy,Paper Glider,Azure Roller
AK,115590,Waluigi,Biddybuggy,Cloud Glider,Leaf Tires
Doodle,59310,Wario,Landship,Super Glider,Azure Roller
Army,59278,Wario,Landship,Super Glider,Azure Roller
Army,59273,Wario,Landship,Super Glider,Azure Roller
Army,59232,Wario,Landship,Super Glider,Azure Roller
Army,59209,Wario,Landship,Super Glider,Azure Roller
Ziline,106738,Baby Daisy,Mr. Scooty,Paper Glider,Azure Roller
Army,106666,Baby Daisy,Mr. Scooty,Paper Glider,Azure Roller
Army,59202,Wario,Landship,Super Glider,Azure Roller
Army,106573,Baby Daisy,Mr. Scooty,Paper Glider,Azure Roller
Army,59154,Wario,Landship,Super Glider,Azure Roller
Army,59136,Wario,Landship,Super Glider,Azure Roller
Hikki,79914,Waluigi,Wild Wiggler,Paper Glider,Leaf Tires
EternalX,62543,Black Yoshi,Biddybuggy,Flower Glider,Azure Roller
Alberto,114460,Baby Daisy,Biddybuggy,Paper Glider,Azure Roller
Gudichap,87684,Waluigi,Biddybuggy,Paper Glider,Azure Roller
Army,62579,Light-blue Yoshi,Biddybuggy,Paper Glider,Azure Roller
Technical,91917,Yoshi,Biddybuggy,Paper Glider,Roller
Pii,80704,Heavy Mii PAC-MAN,Mach 8,Flower Glider,Wood
Alberto,115537,Waluigi,Biddybuggy,Paper Glider,Leaf Tires
Army,62398,White Yoshi,Biddybuggy,Paper Glider,Azure Roller
Alberto,64725,Koopa Troopa,Streetle,Paper Glider,Cushion
Alberto,64681,Koopa Troopa,Streetle,Paper Glider,Cushion
Byron,91227,Waluigi,Biddybuggy,Parachute,Azure Roller
Byron,91213,Waluigi,Biddybuggy,Cloud Glider,Azure Roller
Army,91209,Baby Daisy,Biddybuggy,Parachute,Azure Roller
Byron,91207,Waluigi,Biddybuggy,Cloud Glider,Azure Roller
Byron,91199,Waluigi,Biddybuggy,Cloud Glider,Azure Roller
Army,91164,Baby Peach,Biddybuggy,Flower Glider,Roller
Army,59127,Wario,Landship,Super Glider,Azure Roller
Army,59097,Wario,Landship,Super Glider,Azure Roller
Army,59067,Wario,Landship,Super Glider,Azure Roller
Army,84934,Wario,Standard Kart,Super Glider,Crimson Slim
Alberto,78984,Baby Peach,Biddybuggy,Paper Glider,Azure Roller
EternalX,62377,Black Yoshi,Biddybuggy,Paper Glider,Azure Roller
FA,60500,Dry Bowser,Mach 8,Paper Glider,Leaf Tires
K4I,120801,Waluigi,Biddybuggy,Paper Glider,Azure Roller
Alpaco,87556,Roy,Mr. Scooty,Cloud Glider,Azure Roller
stove,115468,Waluigi,Biddybuggy,Cloud Glider,Leaf Tires
Vincent,84851,Wario,Standard Kart,Super Glider,Crimson Slim
stove,115462,Waluigi,Biddybuggy,Cloud Glider,Leaf Tires
stove,115353,Waluigi,Biddybuggy,Cloud Glider,Leaf Tires
Vincent,84884,Wario,Standard Kart,Super Glider,Crimson Slim
Pii,81742,Waluigi,Biddybuggy,Paper Glider,Azure Roller
ain,115208,Waluigi,Biddybuggy,Paper Glider,Leaf Tires
Army,84834,Wario,Standard Kart,Super Glider,Crimson Slim
Vincent,84801,Wario,Standard Kart,Super Glider,Crimson Slim
EternalX,62370,Black Yoshi,Biddybuggy,Flower Glider,Azure Roller
EternalX,62320,Black Yoshi,Biddybuggy,Parachute,Azure Roller
Technical,75233,Wario,Wild Wiggler,Paper Glider,Azure Roller
しらぬい,118959,Donkey Kong,Biddybuggy,Paper Glider,Azure Roller
Pii,86244,Dry Bowser,W 25 Silver Arrow,Paper Glider,Leaf Tires
ain,115128,Waluigi,Biddybuggy,Paper Glider,Azure Roller
EternalX,62313,Black Yoshi,Biddybuggy,Parachute,Azure Roller
Ziline,106467,Baby Daisy,Mr. Scooty,Paper Glider,Azure Roller
Technical,73375,Waluigi,Biddybuggy,Paper Glider,Azure Roller
Army,84801,Wario,Standard Kart,Super Glider,Crimson Slim
Army,106458,Baby Daisy,Mr. Scooty,Paper Glider,Azure Roller
Army,106411,Baby Daisy,Mr. Scooty,Paper Glider,Azure Roller
Army,106336,Baby Daisy,Mr. Scooty,Paper Glider,Azure Roller
Army,106301,Baby Daisy,Mr. Scooty,Paper Glider,Azure Roller
EternalX,62269,Black Yoshi,Biddybuggy,Parachute,Azure Roller
Alberto,75133,Wario,Wild Wiggler,Paper Glider,Azure Roller
Byron,120784,Waluigi,Biddybuggy,Paper Glider,Azure Roller
Byron,120734,Waluigi,Biddybuggy,Paper Glider,Azure Roller
Pii,56552,Dry Bowser,Mach 8,Paper Glider,Leaf Tires
Technical,91883,Blue Yoshi,Biddybuggy,Cloud Glider,Azure Roller
Pii,56537,Dry Bowser,Mach 8,Paper Glider,Leaf Tires
Army,106169,Baby Daisy,Mr. Scooty,Paper Glider,Azure Roller
Alberto,56533,Dry Bowser,Mach 8,Paper Glider,Leaf Tires
EternalX,62247,Black Yoshi,Biddybuggy,Parachute,Azure Roller
Byron,120551,Waluigi,Biddybuggy,Paper Glider,Azure Roller
Gudichap,87489,Waluigi,Biddybuggy,Paper Glider,Azure Roller
Vincent,79974,Dry Bowser,Mach 8,Paper Glider,Leaf Tires
Vincent,79972,Dry Bowser,Mach 8,Paper Glider,Leaf Tires
Byron,120701,Waluigi,Biddybuggy,Paper Glider,Azure Roller
Byron,120667,Waluigi,Biddybuggy,Paper Glider,Azure Roller
EternalX,62235,Black Yoshi,Biddybuggy,Parachute,Azure Roller
EternalX,62130,Black Yoshi,Biddybuggy,Parachute,Azure Roller
YOS,79869,Roy,Wild Wiggler,Flower Glider,Leaf Tires
Hikki,79812,Roy,Wild Wiggler,Paper Glider,Leaf Tires
Alberto,56529,Dry Bowser,Mach 8,Paper Glider,Leaf Tires
Alberto,56526,Dry Bowser,Mach 8,Paper Glider,Leaf Tires
Alberto,56522,Dry Bowser,Mach 8,Paper Glider,Leaf Tires
grace,82397,Heavy Mii,Yoshi Bike,Paper Glider,Button
AK,114905,Waluigi,Biddybuggy,Paper Glider,Azure Roller
Euan,65037,Birdo (Green),Biddybuggy,Paper Glider,Azure Roller
grace,82336,Heavy Mii Mega Man,Yoshi Bike,Paper Glider,Button
Army,77321,Roy,Biddybuggy,Paper Glider,Azure Roller
Army,77185,Roy,Biddybuggy,Paper Glider,Azure Roller
Army,77314,Roy,Biddybuggy,Paper Glider,Azure Roller
EternalX,62121,Black Yoshi,Biddybuggy,Parachute,Azure Roller
grace,82268,Heavy Mii Crossing,Yoshi Bike,Paper Glider,Button
Army,73317,Waluigi,Biddybuggy,Paper Glider,Azure Roller
しらぬい,119284,Baby Daisy,Biddybuggy,Paper Glider,Azure Roller
fairy,87337,Waluigi,Biddybuggy,Paper Glider,Azure Roller
Alberto,119226,Baby Daisy,Biddybuggy,Paper Glider,Azure Roller
Alberto,60500,Wario,Mach 8,Paper Glider,Leaf Tires
Army,73286,Waluigi,Biddybuggy,Paper Glider,Azure Roller
Alberto,119187,Baby Daisy,Biddybuggy,Paper Glider,Azure Roller
Army,76584,Wario,Sport Bike,Super Glider,Crimson Slim
Army,76567,Wario,Sport Bike,Super Glider,Crimson Slim
Army,76534,Wario,Sport Bike,Super Glider,Crimson Slim
JenZua,55372,Baby Daisy,Biddybuggy,Paper Glider,Azure Roller
Alberto,119135,Baby Daisy,Biddybuggy,Paper Glider,Azure Roller
Alberto,119110,Baby Daisy,Biddybuggy,Paper Glider,Azure Roller
Alberto,119065,Baby Daisy,Biddybuggy,Paper Glider,Azure Roller
Alberto,59093,Wario,Gold Standard,Super Glider,Crimson Slim
JenZua,55320,Baby Daisy,Biddybuggy,Paper Glider,Azure Roller
しらぬい,99880,Baby Rosalina,Biddybuggy,Paper Glider,Azure Roller
Army,99939,Baby Daisy,Biddybuggy,Parachute,Azure Roller
Alberto,73269,Waluigi,Biddybuggy,Paper Glider,Azure Roller
JenZua,55241,Baby Daisy,Biddybuggy,Paper Glider,Azure Roller
Alberto,73250,Waluigi,Biddybuggy,Paper Glider,Azure Roller
Alberto,73240,Waluigi,Biddybuggy,Paper Glider,Azure Roller
Alberto,73219,Waluigi,Biddybuggy,Paper Glider,Azure Roller
Army,59090,Wario,Gold Standard,Super Glider,Crimson Slim
Army,99878,Baby Daisy,Biddybuggy,Paper Glider,Azure Roller
Alberto,59080,Wario,Gold Standard,Super Glider,Crimson Slim
しらぬい,118838,Roy,Biddybuggy,Paper Glider,Azure Roller
Alberto,107147,Baby Peach,Biddybuggy,Paper Glider,Azure Roller
Alberto,107178,Baby Peach,Biddybuggy,Paper Glider,Azure Roller
Alberto,107199,Baby Daisy,Biddybuggy,Paper Glider,Azure Roller
Alberto,116094,Waluigi,Biddybuggy,Paper Glider,Azure Roller
Pii,139466,Baby Peach,Biddybuggy,Cloud Glider,Azure Roller
Alberto,59066,Wario,Gold Standard,Super Glider,Crimson Slim
Alberto,59058,Wario,Gold Standard,Super Glider,Crimson Slim
Alberto,108824,Baby Daisy,Biddybuggy,Paper Glider,Azure Roller
Army,139375,Baby Daisy,Biddybuggy,Paper Glider,Azure Roller
Pii,119183,Roy,Biddybuggy,Paper Glider,Azure Roller
Army,139317,Baby Daisy,Biddybuggy,Paper Glider,Azure Roller
Army,139304,Baby Daisy,Biddybuggy,Paper Glider,Azure Roller
Army,139253,Baby Daisy,Biddybuggy,Paper Glider,Azure Roller
Alberto,108822,Baby Daisy,Biddybuggy,Paper Glider,Azure Roller
Army,109719,Wario,Gold Standard,Gold Glider,Crimson Slim
Alberto,108755,Baby Daisy,Biddybuggy,Paper Glider,Azure Roller
Alberto,59049,Wario,Gold Standard,Super Glider,Crimson Slim
Technical,62046,Roy,Biddybuggy,Cloud Glider,Azure Roller
Army,105317,Waluigi,Biddybuggy,Paper Glider,Azure Roller
Alphabet Soup,72143,Heavy Mii Mario,Sport Bike,Super Glider,Metal
Alberto,86748,Baby Daisy,Biddybuggy,Paper Glider,Azure Roller
Army,139162,Baby Daisy,Biddybuggy,Parachute,Azure Roller
Calcaire,117930,Baby Mario,Biddybuggy,Paper Glider,Azure Roller
Pii,119142,Roy,Biddybuggy,Paper Glider,Azure Roller
Alberto,115958,Waluigi,Biddybuggy,Paper Glider,Azure Roller
Alberto,115938,Waluigi,Biddybuggy,Paper Glider,Azure Roller
Pii,64845,Baby Daisy,Biddybuggy,Cloud Glider,Azure Roller
Panda,61834,Wario,Streetle,Super Glider,Azure Roller
Panda,61826,Wario,Streetle,Super Glider,Azure Roller
Panda,61801,Wario,Streetle,Super Glider,Azure Roller
Panda,61792,Wario,Streetle,Super Glider,Azure Roller
Panda,61790,Wario,Streetle,Super Glider,Azure Roller
Technical,70509,Wario,W 25 Silver Arrow,Wario Wing,Crimson Slim
EternalX,61951,Waluigi,Biddybuggy,Paper Glider,Azure Roller
Tyson,64717,Birdo (Red),Biddybuggy,Cloud Glider,Azure Roller
Alberto,115910,Roy,Biddybuggy,Paper Glider,Azure Roller
Alberto,115865,Roy,Biddybuggy,Paper Glider,Azure Roller
Army,89496,Baby Daisy,Biddybuggy,Paper Glider,Azure Roller
Panda,61761,Wario,Streetle,Super Glider,Azure Roller
Panda,61741,Wario,Streetle,Super Glider,Azure Roller
Panda,61708,Wario,Streetle,Super Glider,Azure Roller
Panda,61698,Wario,Streetle,Super Glider,Azure Roller
Panda,61691,Wario,Streetle,Super Glider,Azure Roller
Panda,61688,Wario,Streetle,Super Glider,Azure Roller
Panda,61683,Wario,Streetle,Super Glider,Azure Roller
Panda,61662,Wario,Streetle,Super Glider,Azure Roller
Army,139138,Baby Daisy,Biddybuggy,Paper Glider,Azure Roller
Army,112659,Baby Daisy,Biddybuggy,Paper Glider,Azure Roller
Army,139144,Baby Daisy,Biddybuggy,Paper Glider,Azure Roller
Alberto,139147,Baby Daisy,Biddybuggy,Paper Glider,Azure Roller
Army,89367,Baby Daisy,Biddybuggy,Paper Glider,Azure Roller
Army,139124,Baby Daisy,Biddybuggy,Paper Glider,Azure Roller
Army,139099,Baby Daisy,Biddybuggy,Paper Glider,Azure Roller
Pii,119105,Waluigi,Biddybuggy,Paper Glider,Azure Roller
Alphabet Soup,72137,Heavy Mii Mario,Sport Bike,Super Glider,Metal
Army,89366,Baby Daisy,Biddybuggy,Paper Glider,Azure Roller
Army,89365,Baby Daisy,Biddybuggy,Paper Glider,Azure Roller
Army,89346,Baby Daisy,Biddybuggy,Paper Glider,Azure Roller
Pii,119089,Waluigi,Biddybuggy,Paper Glider,Azure Roller
Pii,119082,Waluigi,Biddybuggy,Paper Glider,Azure Roller
JenZua,64820,Baby Daisy,Biddybuggy,Paper Glider,Azure Roller
Albert,58621,Dry Bowser,Blue Falcon,Hylian Kite,Slim
Army,89336,Baby Daisy,Biddybuggy,Paper Glider,Azure Roller
Army,89291,Baby Daisy,Biddybuggy,Paper Glider,Azure Roller
Army,89247,Baby Daisy,Biddybuggy,Paper Glider,Azure Roller
Army,89226,Baby Daisy,Biddybuggy,Paper Glider,Azure Roller
Panda,86046,Wario,Wild Wiggler,Paper Glider,Leaf Tires
Panda,86207,Wario,Wild Wiggler,Paper Glider,Leaf Tires
Panda,86127,Wario,Wild Wiggler,Paper Glider,Leaf Tires
Panda,86101,Wario,Wild Wiggler,Paper Glider,Leaf Tires
Panda,86090,Wario,Wild Wiggler,Paper Glider,Leaf Tires
Technical,91878,Yoshi,Biddybuggy,Paper Glider,Roller
Technical,70605,Wario,W 25 Silver Arrow,Wario Wing,Crimson Slim
Gudichap,87190,Waluigi,Mr. Scooty,Paper Glider,Azure Roller
Army,89225,Baby Daisy,Biddybuggy,Paper Glider,Azure Roller
Army,89112,Baby Daisy,Biddybuggy,Paper Glider,Azure Roller
Alberto,139099,Baby Daisy,Biddybuggy,Paper Glider,Azure Roller
JenZua,64799,Baby Daisy,Biddybuggy,Paper Glider,Azure Roller
Technical,91842,Yoshi,Biddybuggy,Paper Glider,Roller
Panda,122486,Wario,Mach 8,Wario Wing,Crimson Slim
frog,122436,Wario,Splat Buggy,Gold Glider,Slim
frog,122449,Wario,Splat Buggy,Gold Glider,Slim
Panda,122507,Wario,Mach 8,Wario Wing,Crimson Slim
Army,82994,Baby Daisy,Biddybuggy,Paper Glider,Azure Roller
Army,82894,Baby Daisy,Biddybuggy,Parachute,Azure Roller
Army,82957,Baby Daisy,Biddybuggy,Paper Glider,Azure Roller
Army,58605,Wario,Sneeker,Super Glider,Crimson Slim
Panda,83079,Baby Daisy,Biddybuggy,Paper Glider,Azure Roller
Army,82947,Baby Daisy,Biddybuggy,Parachute,Azure Roller
Alberto,64598,Koopa Troopa,Streetle,Paper Glider,Cushion
Army,67271,Wario,Wild Wiggler,Paper Glider,Azure Roller
Albert,58540,Dry Bowser,Prancer,Super Glider,Slim
¥146,104301,Waluigi,Biddybuggy,Paper Glider,Azure Roller
Alberto,104973,Baby Daisy,Biddybuggy,Paper Glider,Azure Roller
Pii,119060,Waluigi,Biddybuggy,Paper Glider,Azure Roller
Byron,91158,Waluigi,Biddybuggy,Cloud Glider,Azure Roller
Pii,118997,Waluigi,Biddybuggy,Paper Glider,Azure Roller
purin,131566,Roy,Yoshi Bike,Paper Glider,Azure Roller
You,130922,Waluigi,Biddybuggy,Cloud Glider,Azure Roller
Roberto,130847,Donkey Kong,Yoshi Bike,Cloud Glider,Azure Roller
purin,130747,Roy,Yoshi Bike,Paper Glider,Azure Roller
Roberto,130421,Donkey Kong,Yoshi Bike,Cloud Glider,Azure Roller
Anthony,83110,Blue Yoshi,Biddybuggy,Paper Glider,Roller
Anthony,82939,Blue Yoshi,Biddybuggy,Paper Glider,Roller
Ziline,82834,Baby Daisy,Biddybuggy,Paper Glider,Azure Roller
Ziline,82725,Baby Daisy,Biddybuggy,Paper Glider,Azure Roller
Pii,82643,Baby Daisy,Biddybuggy,Cloud Glider,Azure Roller
Ziline,82538,Baby Daisy,Biddybuggy,Paper Glider,Azure Roller
Army,90588,Wario,Streetle,Super Glider,Azure Roller
Army,90215,Wario,Streetle,Super Glider,Azure Roller
Army,90167,Wario,Streetle,Super Glider,Azure Roller
Army,90091,Wario,Streetle,Super Glider,Azure Roller
Luckyo,62075,Wario,Biddybuggy,Cloud Glider,Button
Army,61974,Waluigi,Biddybuggy,Paper Glider,Button
Army,61605,Waluigi,Biddybuggy,Paper Glider,Button
Ziline,82224,Baby Daisy,Biddybuggy,Paper Glider,Azure Roller
ain,131690,Waluigi,Biddybuggy,Paper Glider,Azure Roller
Cream,131527,Dry Bowser,Biddybuggy,Paper Glider,Azure Roller
Xeter,130913,Waluigi,Wild Wiggler,Paper Glider,Azure Roller
ain,130817,Dry Bowser,Biddybuggy,Paper Glider,Azure Roller
ain,130361,Dry Bowser,Biddybuggy,Paper Glider,Azure Roller
Euan,89470,Wario,Teddy Buggy,Gold Glider,Azure Roller
Euan,89318,Wario,Teddy Buggy,Gold Glider,Azure Roller
Euan,89259,Bowser,Teddy Buggy,Gold Glider,Azure Roller
Panda,89112,Wario,Teddy Buggy,Wario Wing,Azure Roller
Glooba,145927,Donkey Kong,Biddybuggy,Paper Glider,Roller
Gudichap,145754,Waluigi,Biddybuggy,Paper Glider,Roller
OsDras,145666,Waluigi,Biddybuggy,Paper Glider,Azure Roller
Hgt,111767,Wario,Biddybuggy,Paper Glider,Roller
Jimmy,111691,Morton,Cat Cruiser,Cloud Glider,Azure Roller
Hikki,111676,Waluigi,Biddybuggy,Paper Glider,Azure Roller
Hikki,111571,Waluigi,Biddybuggy,Paper Glider,Azure Roller
YOS,111535,Roy,Biddybuggy,Flower Glider,Azure Roller
Grant,111407,Dry Bowser,Blue Falcon,Gold Glider,Crimson Slim
Grant,110910,Dry Bowser,Blue Falcon,Gold Glider,Crimson Slim
Saru,130405,Donkey Kong,Yoshi Bike,Cloud Glider,Azure Roller
Luckyo,61597,Waluigi,Biddybuggy,Cloud Glider,Leaf Tires
¥146,118717,Waluigi,Mr. Scooty,Paper Glider,Azure Roller
¥146,118167,Waluigi,Mr. Scooty,Paper Glider,Azure Roller
alpha,84351,Waluigi,Biddybuggy,Cloud Glider,Azure Roller
TylerR,84151,Waluigi,Biddybuggy,Paper Glider,Azure Roller
Davi,84101,Waluigi,Biddybuggy,Paper Glider,Azure Roller
Davi,84051,Waluigi,Biddybuggy,Paper Glider,Azure Roller
alpha,83951,Waluigi,Biddybuggy,Super Glider,Azure Roller
Luckyo,61281,Waluigi,Biddybuggy,Cloud Glider,Leaf Tires
SKaR,61267,Donkey Kong,Biddybuggy,Paper Glider,Button
Luckyo,61002,Waluigi,Biddybuggy,Cloud Glider,Leaf Tires
Pii,60909,Black Yoshi,Biddybuggy,Cloud Glider,Button
Army,60722,Rosalina,Biddybuggy,Paper Glider,Button
Army,60672,Rosalina,Biddybuggy,Paper Glider,Button
Glooba,145451,Donkey Kong,Biddybuggy,Paper Glider,Roller
Army,60452,Rosalina,Biddybuggy,Paper Glider,Button
Nico4132,89978,Wario,Sport Bike,Super Glider,Crimson Slim
Army,88301,Waluigi,Biddybuggy,Paper Glider,Azure Roller
Army,88217,Waluigi,Biddybuggy,Paper Glider,Azure Roller
Army,87751,Waluigi,Biddybuggy,Paper Glider,Azure Roller
Army,87934,Waluigi,Biddybuggy,Paper Glider,Azure Roller
Army,87734,Wario,Biddybuggy,Paper Glider,Azure Roller
Army,87667,Wario,Biddybuggy,Paper Glider,Azure Roller
Army,87651,Wario,Biddybuggy,Paper Glider,Azure Roller
Army,87451,Wario,Biddybuggy,Paper Glider,Azure Roller
Gudichap,145734,Waluigi,Biddybuggy,Paper Glider,Roller
Gudichap,145176,Roy,Biddybuggy,Paper Glider,Azure Roller
Alberto,112423,Baby Daisy,Biddybuggy,Paper Glider,Azure Roller
Alberto,112375,Baby Daisy,Biddybuggy,Paper Glider,Azure Roller
Alberto,112351,Baby Daisy,Biddybuggy,Paper Glider,Azure Roller
Alberto,112319,Baby Daisy,Biddybuggy,Paper Glider,Azure Roller
Alberto,112085,Baby Daisy,Biddybuggy,Paper Glider,Azure Roller
Alberto,112009,Baby Daisy,Biddybuggy,Paper Glider,Azure Roller
Alberto,111908,Baby Daisy,Biddybuggy,Paper Glider,Azure Roller
Alberto,80303,Waluigi,Wild Wiggler,Paper Glider,Sponge
Alberto,80276,Waluigi,Wild Wiggler,Paper Glider,Sponge
ths,99909,Waluigi,Biddybuggy,Paper Glider,Azure Roller
Diogo,99880,Waluigi,Biddybuggy,Paper Glider,Azure Roller
Diogo,99714,Waluigi,Biddybuggy,Paper Glider,Azure Roller
Diogo,99693,Waluigi,Biddybuggy,Paper Glider,Azure Roller
Diogo,99657,Waluigi,Biddybuggy,Paper Glider,Azure Roller
Diogo,99564,Waluigi,Biddybuggy,Paper Glider,Azure Roller
Technical,71818,Wario,Mach 8,Gold Glider,Crimson Slim
Technical,71711,Bowser,Mach 8,Gold Glider,Crimson Slim
Technical,71652,Wario,Mach 8,Gold Glider,Crimson Slim
Technical,71526,Wario,Mach 8,Gold Glider,Crimson Slim
Technical,71354,Wario,Mach 8,Gold Glider,Crimson Slim
Pii,81949,Baby Daisy,Biddybuggy,Paper Glider,Azure Roller
Gudichap,145018,Waluigi,Biddybuggy,Paper Glider,Azure Roller
TylerR,110777,Dry Bowser,Gold Standard,Gold Glider,Crimson Slim
Pii,129332,Baby Daisy,Biddybuggy,Paper Glider,Azure Roller
alpha,83784,Waluigi,Biddybuggy,Super Glider,Azure Roller
Alberto,60372,King Boo,Biddybuggy,Paper Glider,Button
Army,87101,Wario,Biddybuggy,Paper Glider,Azure Roller
Kabkal,118151,Waluigi,Mr. Scooty,Paper Glider,Azure Roller
StervtL,144175,Waluigi,Biddybuggy,Paper Glider,Azure Roller
Alberto,80166,Roy,Wild Wiggler,Paper Glider,Sponge
ths,99444,Waluigi,Biddybuggy,Paper Glider,Azure Roller
Technical,70666,Wario,Mach 8,Wario Wing,Crimson Slim
Ziline,129882,Baby Daisy,Biddybuggy,Paper Glider,Azure Roller
Pii,129764,Baby Daisy,Biddybuggy,Paper Glider,Azure Roller
Army,89551,Wario,Sport Bike,Super Glider,Crimson Slim
Army,89860,Wario,Sport Bike,Super Glider,Crimson Slim
Pii,82101,Baby Daisy,Biddybuggy,Paper Glider,Azure Roller
Euan,89094,Heavy Mii Toad,Teddy Buggy,Gold Glider,Azure Roller
alpha,83417,Waluigi,Biddybuggy,Super Glider,Azure Roller
Technical,82784,Waluigi,Wild Wiggler,Super Glider,Azure Roller
¥146,118117,Waluigi,Mr. Scooty,Paper Glider,Azure Roller
Kz,126567,Waluigi,Biddybuggy,Paper Glider,Azure Roller
Danny,125784,Waluigi,Biddybuggy,Cloud Glider,Azure Roller
3-UP,89479,Wario,Sport Bike,Wario Wing,Slim
Army,128903,Baby Daisy,Biddybuggy,Paper Glider,Azure Roller
Panda,89013,Wario,Teddy Buggy,Wario Wing,Azure Roller
Panda,89052,Wario,Teddy Buggy,Wario Wing,Azure Roller
Panda,88954,Wario,Teddy Buggy,Wario Wing,Azure Roller
Jimmy,110798,Morton,Gold Standard,Gold Glider,Crimson Slim
TylerR,110595,Dry Bowser,Gold Standard,Gold Glider,Crimson Slim
Army,110459,Wario,Prancer,Super Glider,Crimson Slim
TylerR,110449,Dry Bowser,Gold Standard,Super Glider,Crimson Slim
Army,110283,Wario,Gold Standard,Gold Glider,Crimson Slim
¥146,117801,Waluigi,Mr. Scooty,Paper Glider,Azure Roller
Alberto,117767,Waluigi,Mr. Scooty,Paper Glider,Azure Roller
Alberto,117584,Waluigi,Mr. Scooty,Paper Glider,Azure Roller
Play,99540,Waluigi,Biddybuggy,Paper Glider,Azure Roller
Rjohn1277,99528,Waluigi,Biddybuggy,Paper Glider,Azure Roller
Byron,99398,Waluigi,Biddybuggy,Flower Glider,Azure Roller
ths,99420,Waluigi,Biddybuggy,Paper Glider,Azure Roller
Rjohn1277,99414,Waluigi,Biddybuggy,Paper Glider,Azure Roller
Byron,99346,Waluigi,Biddybuggy,Paper Glider,Azure Roller
Rjohn1277,99075,Waluigi,Biddybuggy,Paper Glider,Azure Roller
Play,99345,Waluigi,Biddybuggy,Paper Glider,Azure Roller
Play,99289,Waluigi,Biddybuggy,Paper Glider,Azure Roller
ths,99168,Waluigi,Biddybuggy,Paper Glider,Azure Roller
Byron,99124,Waluigi,Biddybuggy,Paper Glider,Azure Roller
Rjohn1277,99082,Waluigi,Biddybuggy,Paper Glider,Azure Roller
ラス,126517,Waluigi,Biddybuggy,Paper Glider,Azure Roller
Byron,98999,Waluigi,Biddybuggy,Flower Glider,Azure Roller
Danny,125951,Waluigi,Biddybuggy,Cloud Glider,Azure Roller
Danny,125817,Waluigi,Biddybuggy,Cloud Glider,Azure Roller
Alberto,98195,Roy,Biddybuggy,Paper Glider,Azure Roller
Danny,125651,Waluigi,Biddybuggy,Cloud Glider,Azure Roller
Swift,125601,Waluigi,Biddybuggy,Paper Glider,Azure Roller
ラス,125551,Waluigi,Biddybuggy,Cloud Glider,Roller
ラス,125484,Waluigi,Biddybuggy,Cloud Glider,Roller
ラス,125451,Waluigi,Biddybuggy,Cloud Glider,Roller
ラス,125351,Waluigi,Biddybuggy,Cloud Glider,Roller
ラス,125267,Waluigi,Biddybuggy,Cloud Glider,Roller
ラス,125234,Waluigi,Biddybuggy,Cloud Glider,Roller
Army,125017,Baby Daisy,Biddybuggy,Paper Glider,Azure Roller
Hgt,110225,Wario,Gold Standard,Gold Glider,Crimson Slim
Army,89313,Wario,Sport Bike,Gold Glider,Crimson Slim
Army,86834,Wario,Biddybuggy,Paper Glider,Azure Roller
3-UP,89305,Wario,Sport Bike,Wario Wing,Slim
Army,89261,Wario,Sport Bike,Super Glider,Crimson Slim
Army,89163,Wario,Sport Bike,Super Glider,Crimson Slim
Army,89144,Wario,Sport Bike,Super Glider,Crimson Slim
Pii,81939,Baby Daisy,Biddybuggy,Paper Glider,Azure Roller
Alberto,60416,King Boo,Biddybuggy,Paper Glider,Button
Alberto,60227,King Boo,Biddybuggy,Paper Glider,Button
Panda,88952,Wario,Teddy Buggy,Wario Wing,Azure Roller
Panda,88703,Wario,Teddy Buggy,Wario Wing,Azure Roller
grace,88698,Dry Bowser,Teddy Buggy,Wario Wing,Cushion
StervtL,145005,Waluigi ,Biddybuggy,Paper Glider,Azure Roller
TylerR,110188,Dry Bowser,Gold Standard,Gold Glider,Slim
Army,128604,Baby Daisy,Biddybuggy,Parachute,Azure Roller
Technical,82617,Waluigi,Teddy Buggy,Super Glider,Azure Roller
ヨッシ,98879,Waluigi,Biddybuggy,Cloud Glider,Azure Roller
Technical,82367,Waluigi,Teddy Buggy,Wario Wing,Azure Roller
Army,89113,Wario,Sport Bike,Super Glider,Crimson Slim
StervtL,144969,Waluigi,Biddybuggy,Paper Glider,Azure Roller
Army,110093,Wario,Gold Standard,Gold Glider,Crimson Slim
StervtL,144726,Waluigi,Biddybuggy,Paper Glider,Azure Roller
Army,110046,Wario,Gold Standard,Gold Glider,Crimson Slim
Pii,81862,Baby Daisy,Biddybuggy,Cloud Glider,Azure Roller
Glooba,144918,Roy,Biddybuggy,Paper Glider,Roller
Alberto,117551,Waluigi,Mr. Scooty,Paper Glider,Azure Roller
alpha,83367,Waluigi,Varmint,Super Glider,Azure Roller
Luckyo,83234,Waluigi,Wild Wiggler,Paper Glider,Azure Roller
Technical,82951,Waluigi,Wild Wiggler,Paper Glider,Azure Roller
Army,124867,Baby Daisy,Biddybuggy,Paper Glider,Azure Roller
Army,124734,Baby Daisy,Biddybuggy,Paper Glider,Azure Roller
Army,124467,Baby Daisy,Biddybuggy,Paper Glider,Azure Roller
Alberto,80226,Roy,Wild Wiggler,Paper Glider,Sponge
Alberto,80081,Roy,Wild Wiggler,Paper Glider,Sponge
Play,98938,Waluigi,Biddybuggy,Paper Glider,Azure Roller
Alberto,80080,Roy,Wild Wiggler,Paper Glider,Sponge
Alberto,79898,Wario,Wild Wiggler,Paper Glider,Azure Roller
Alberto,79842,Wario,Wild Wiggler,Paper Glider,Azure Roller
Alberto,79781,Wario,Wild Wiggler,Paper Glider,Azure Roller
Alberto,79598,Wario,Wild Wiggler,Paper Glider,Azure Roller
Alberto,79475,Wario,Wild Wiggler,Paper Glider,Azure Roller
Alberto,79465,Wario,Wild Wiggler,Paper Glider,Azure Roller
Army,98922,Waluigi,Biddybuggy,Paper Glider,Azure Roller
Pii,81845,Baby Daisy,Biddybuggy,Cloud Glider,Azure Roller
Technical,71333,Wario,Mach 8,Gold Glider,Crimson Slim
Technical,71285,Wario,Mach 8,Gold Glider,Crimson Slim
Technical,71217,Wario,Mach 8,Gold Glider,Crimson Slim
Technical,71206,Wario,Mach 8,Gold Glider,Crimson Slim
Technical,71133,Wario,Mach 8,Gold Glider,Crimson Slim
Technical,70991,Wario,Mach 8,Gold Glider,Crimson Slim
Technical,70927,Wario,Mach 8,Gold Glider,Crimson Slim
Technical,70879,Wario,Mach 8,Gold Glider,Crimson Slim
Technical,70734,Wario,Mach 8,Gold Glider,Crimson Slim
grace,88686,Dry Bowser,Teddy Buggy,Wario Wing,Sponge
grace,88633,Dry Bowser,Teddy Buggy,Wario Wing,Cushion
Pii,81743,Baby Daisy,Biddybuggy,Cloud Glider,Azure Roller
Army,109960,Wario,Gold Standard,Gold Glider,Crimson Slim
Technical,82667,Waluigi,Teddy Buggy,Super Glider,Azure Roller
grace,88609,Dry Bowser,Teddy Buggy,Wario Wing,Cushion
K4I,128894,Baby Peach,Biddybuggy,Paper Glider,Azure Roller
Hobbie,130253,Dry Bowser,Teddy Buggy,Super Glider,Cushion
ain,129769,Wario,Teddy Buggy,Super Glider,Cushion
ain,129213,Bowser,Teddy Buggy,Gold Glider,Cushion
ain,129194,Dry Bowser,Teddy Buggy,Gold Glider,Cushion
ain,129147,Dry Bowser,Teddy Buggy,Gold Glider,Cushion
ain,128817,Dry Bowser,Teddy Buggy,Gold Glider,Cushion
Army,109898,Wario,Gold Standard,Gold Glider,Crimson Slim
Army,109880,Wario,Gold Standard,Gold Glider,Crimson Slim
Army,109807,Wario,Gold Standard,Gold Glider,Crimson Slim
shimimi,144580,Roy,Biddybuggy,Paper Glider,Roller
Army,87267,Wario,Biddybuggy,Paper Glider,Azure Roller
Army,87067,Wario,Biddybuggy,Paper Glider,Azure Roller
Army,86867,Wario,Biddybuggy,Paper Glider,Azure Roller
Byron,98762,Waluigi,Biddybuggy,Flower Glider,Azure Roller
Army,89125,Wario,Sport Bike,Super Glider,Crimson Slim
Army,89071,Wario,Sport Bike,Super Glider,Crimson Slim
Army,88933,Wario,Sport Bike,Super Glider,Crimson Slim
ain,128518,Wario,Teddy Buggy,Gold Glider,Cushion
Alpaco,117551,Baby Daisy,Biddybuggy,Parachute,Azure Roller
Ziline,117534,Baby Daisy,Biddybuggy,Paper Glider,Azure Roller
Alberto,79166,Wario,Wild Wiggler,Paper Glider,Azure Roller
Vincent,60223,Rosalina,Biddybuggy,Paper Glider,Leaf Tires
grace,88405,Dry Bowser,Teddy Buggy,Gold Glider,Cushion
Alberto,111791,Baby Daisy,Biddybuggy,Paper Glider,Azure Roller
Alberto,98368,Waluigi,Biddybuggy,Paper Glider,Azure Roller
Alberto,79002,Wario,Wild Wiggler,Cloud Glider,Azure Roller
Technical,70713,Wario,Mach 8,Wario Wing,Crimson Slim
Alberto,98350,Waluigi,Biddybuggy,Paper Glider,Azure Roller
Alberto,117434,Waluigi,Mr. Scooty,Paper Glider,Azure Roller
Alberto,117284,Waluigi,Mr. Scooty,Paper Glider,Azure Roller
Pii,81700,Baby Daisy,Biddybuggy,Cloud Glider,Azure Roller
Alberto,60175,King Boo,Biddybuggy,Paper Glider,Button
Vincent,60154,Rosalina,Biddybuggy,Paper Glider,Leaf Tires
grace,88548,Dry Bowser,Teddy Buggy,Gold Glider,Cushion
StervtL,144377,Waluigi,Biddybuggy,Paper Glider,Azure Roller
grace,88358,Dry Bowser,Teddy Buggy,Gold Glider,Cushion
Alberto,111673,Baby Daisy,Biddybuggy,Paper Glider,Azure Roller
Alberto,111582,Baby Daisy,Biddybuggy,Paper Glider,Azure Roller
Alberto,79331,Wario,Wild Wiggler,Paper Glider,Azure Roller
Alberto,79329,Wario,Wild Wiggler,Paper Glider,Azure Roller
Alberto,79313,Wario,Wild Wiggler,Paper Glider,Azure Roller
Alberto,79278,Wario,Wild Wiggler,Paper Glider,Azure Roller
Pii,81641,Baby Daisy,Biddybuggy,Paper Glider,Azure Roller
Technical,70649,Wario,W 25 Silver Arrow,Wario Wing,Crimson Slim
EternalX,88126,Dry Bowser,Teddy Buggy,Gold Glider,Cushion
Army,73364,Baby Mario,Biddybuggy,Paper Glider,Azure Roller
Army,128343,Baby Daisy,Biddybuggy,Paper Glider,Azure Roller
Army,88868,Wario,Sport Bike,Super Glider,Crimson Slim
EternalX,88311,Dry Bowser,Teddy Buggy,Wario Wing,Cushion
grace,88279,Dry Bowser,Teddy Buggy,Gold Glider,Cushion
Panda,88073,Wario,Teddy Buggy,Wario Wing,Cushion
Panda,88114,Wario,Teddy Buggy,Wario Wing,Cushion
Panda,88071,Wario,Teddy Buggy,Wario Wing,Cushion
Panda,88070,Wario,Teddy Buggy,Wario Wing,Cushion
Panda,88049,Wario,Teddy Buggy,Wario Wing,Cushion
StervtL,144328,Waluigi,Biddybuggy,Paper Glider,Azure Roller
StervtL,143977,Waluigi,Biddybuggy,Paper Glider,Azure Roller
TylerR,109785,Dry Bowser,Gold Standard,Gold Glider,Slim
しらぬい,117184,Baby Daisy,Biddybuggy,Paper Glider,Azure Roller
Army,109586,Wario,Gold Standard,Gold Glider,Crimson Slim
しらぬい,117151,Baby Daisy,Biddybuggy,Paper Glider,Azure Roller
Alberto,117101,Baby Daisy,Biddybuggy,Paper Glider,Azure Roller
Alberto,117001,Baby Daisy,Biddybuggy,Paper Glider,Azure Roller
Alberto,116767,Baby Daisy,Biddybuggy,Paper Glider,Azure Roller
alpha,82584,Waluigi,Teddy Buggy,Waddle Wing,Azure Roller
alpha,82517,Waluigi,Teddy Buggy,Waddle Wing,Azure Roller
Army,124284,Baby Daisy,Biddybuggy,Paper Glider,Azure Roller
Army,124167,Baby Daisy,Biddybuggy,Paper Glider,Azure Roller
stove,79122,Wario,Wild Wiggler,Cloud Glider,Azure Roller
ラス,98737,Waluigi,Biddybuggy,Paper Glider,Azure Roller
ラス,98688,Waluigi,Biddybuggy,Paper Glider,Azure Roller
ラス,98755,Waluigi,Biddybuggy,Paper Glider,Azure Roller
Byron,98545,Donkey Kong,Biddybuggy,Flower Glider,Azure Roller
Alberto,98501,Waluigi,Biddybuggy,Cloud Glider,Azure Roller
Technical,70506,Wario,W 25 Silver Arrow,Wario Wing,Crimson Slim
Technical,70344,Wario,W 25 Silver Arrow,Wario Wing,Crimson Slim
Panda,87893,Wario,Teddy Buggy,Wario Wing,Cushion
Ronny,102123,Baby Daisy,Mr. Scooty,Paper Glider,Azure Roller
Panda,128472,Wario,Teddy Buggy,Wario Wing,Cushion
Panda,128510,Wario,Teddy Buggy,Wario Wing,Cushion
Technical,82484,Waluigi,Teddy Buggy,Wario Wing,Azure Roller
Army,82101,Waluigi,Teddy Buggy,Super Glider,Azure Roller
Panda,127821,Wario,Teddy Buggy,Wario Wing,Cushion
Pii,81483,Baby Daisy,Biddybuggy,Cloud Glider,Azure Roller
Panda,128249,Wario,Teddy Buggy,Wario Wing,Cushion
Panda,128119,Wario,Teddy Buggy,Wario Wing,Cushion
Panda,128117,Wario,Teddy Buggy,Wario Wing,Cushion
Panda,128009,Wario,Teddy Buggy,Wario Wing,Cushion
Panda,127955,Wario,Teddy Buggy,Wario Wing,Cushion
StervtL,143928,Waluigi,Biddybuggy,Paper Glider,Azure Roller
Alberto,98450,Waluigi,Biddybuggy,Paper Glider,Azure Roller
Alberto,98315,Waluigi,Biddybuggy,Paper Glider,Azure Roller
StervtL,143875,Waluigi,Biddybuggy,Paper Glider,Azure Roller
Panda,127918,Wario,Teddy Buggy,Wario Wing,Cushion
Panda,127809,Wario,Teddy Buggy,Wario Wing,Cushion
3-UP,86867,Wario,Sport Bike,Wario Wing,Slim
Technical,70341,Dry Bowser,W 25 Silver Arrow,Gold Glider,Crimson Slim
Alberto,98302,Waluigi,Biddybuggy,Paper Glider,Azure Roller
Army,86767,Wario,Biddybuggy,Paper Glider,Azure Roller
Army,86701,Wario,Biddybuggy,Paper Glider,Azure Roller
Nico4132,88851,Wario,Sport Bike,Super Glider,Crimson Slim
Army,88814,Wario,Sport Bike,Super Glider,Crimson Slim
Army,88718,Wario,Sport Bike,Super Glider,Crimson Slim
Army,124067,Baby Daisy,Biddybuggy,Paper Glider,Azure Roller
Army,59974,King Boo,Biddybuggy,Paper Glider,Button
Army,59926,King Boo,Biddybuggy,Paper Glider,Button
Army,59891,King Boo,Biddybuggy,Paper Glider,Button
Army,59881,King Boo,Biddybuggy,Paper Glider,Button
Army,82267,Waluigi,Teddy Buggy,Super Glider,Azure Roller
Technical,70262,Dry Bowser,W 25 Silver Arrow,Gold Glider,Crimson Slim
StervtL,143842,Waluigi,Biddybuggy,Paper Glider,Azure Roller
StervtL,143775,Waluigi,Biddybuggy,Paper Glider,Azure Roller
Pii,81414,Baby Daisy,Biddybuggy,Cloud Glider,Azure Roller
StervtL,143765,Waluigi,Biddybuggy,Paper Glider,Azure Roller
EternalX,87892,Wario,Teddy Buggy,Wario Wing,Cushion
Army,59880,King Boo,Biddybuggy,Paper Glider,Button
Army,59859,King Boo,Biddybuggy,Paper Glider,Button
EternalX,87842,Wario,Teddy Buggy,Wario Wing,Cushion
EternalX,87763,Wario,Teddy Buggy,Wario Wing,Cushion
Army,59814,King Boo,Biddybuggy,Paper Glider,Button
Army,116767,Baby Daisy,Biddybuggy,Paper Glider,Azure Roller
Army,123967,Baby Daisy,Biddybuggy,Paper Glider,Azure Roller
Panda,128203,Baby Daisy,Biddybuggy,Paper Glider,Azure Roller
Alberto,123867,Baby Peach,Biddybuggy,Paper Glider,Azure Roller
stove,111577,Baby Daisy,Biddybuggy,Paper Glider,Azure Roller
EternalX,87680,Wario,Teddy Buggy,Wario Wing,Cushion
Army,59800,King Boo,Biddybuggy,Paper Glider,Button
Army,59791,King Boo,Biddybuggy,Paper Glider,Button
Technical,70192,Dry Bowser,W 25 Silver Arrow,Gold Glider,Crimson Slim
JenZua,109497,Wario,Prancer,Super Glider,Crimson Slim
YOS,109417,Dry Bowser,Gold Standard,Super Glider,Slim
Hikki,109337,Wario,Gold Standard,Gold Glider,Crimson Slim
Tane,109509,Wario,Splat Buggy,Gold Glider,Crimson Slim
3-UP,86667,Dry Bowser,Master Cycle,Hylian Kite,Wood
Army,86667,Wario,Biddybuggy,Paper Glider,Azure Roller
Army,109327,Wario,Gold Standard,Super Glider,Crimson Slim
Army,86617,Wario,Biddybuggy,Paper Glider,Azure Roller
Army,128162,Baby Daisy,Biddybuggy,Paper Glider,Azure Roller
3-UP,86601,Wario,Sport Bike,Wario Wing,Slim
Technical,70165,Dry Bowser,W 25 Silver Arrow,Gold Glider,Crimson Slim
Army,86467,Wario,Biddybuggy,Paper Glider,Azure Roller
Technical,70090,Dry Bowser,W 25 Silver Arrow,Gold Glider,Crimson Slim
Army,128011,Baby Daisy,Biddybuggy,Paper Glider,Azure Roller
stove,111451,Baby Daisy,Biddybuggy,Cloud Glider,Azure Roller
Alberto,123917,Baby Peach,Biddybuggy,Paper Glider,Azure Roller
Alberto,111389,Baby Peach,Biddybuggy,Paper Glider,Azure Roller
Alberto,111257,Baby Peach,Biddybuggy,Paper Glider,Azure Roller
Alberto,111194,Baby Peach,Biddybuggy,Paper Glider,Azure Roller
Alberto,111165,Baby Peach,Biddybuggy,Paper Glider,Azure Roller
Army,59747,Waluigi,Biddybuggy,Paper Glider,Button
Army,59723,Waluigi,Biddybuggy,Paper Glider,Button
Army,59716,Waluigi,Biddybuggy,Paper Glider,Button
Alberto,110981,Baby Peach,Biddybuggy,Paper Glider,Azure Roller
Army,123767,Baby Daisy,Biddybuggy,Paper Glider,Azure Roller
Army,123717,Baby Daisy,Biddybuggy,Paper Glider,Azure Roller
Alberto,123751,Baby Peach,Biddybuggy,Paper Glider,Azure Roller
しらぬい,116717,Baby Daisy,Biddybuggy,Parachute,Azure Roller
Army,116267,Baby Daisy,Biddybuggy,Paper Glider,Azure Roller
Army,116484,Baby Daisy,Biddybuggy,Paper Glider,Azure Roller
Alberto,123717,Baby Peach,Biddybuggy,Paper Glider,Azure Roller
Army,116384,Baby Daisy,Biddybuggy,Paper Glider,Azure Roller
StervtL,143763,Waluigi,Biddybuggy,Paper Glider,Azure Roller
3-UP,86467,Wario,Sport Bike,Wario Wing,Slim
Technical,70061,Dry Bowser,W 25 Silver Arrow,Gold Glider,Crimson Slim
Technical,70039,Dry Bowser,W 25 Silver Arrow,Gold Glider,Crimson Slim
Technical,69977,Dry Bowser,W 25 Silver Arrow,Gold Glider,Wood
Alberto,78975,Wario,Wild Wiggler,Paper Glider,Azure Roller
Alberto,116334,Baby Daisy,Biddybuggy,Paper Glider,Azure Roller
Alberto,116267,Baby Daisy,Biddybuggy,Paper Glider,Azure Roller
Vincent,81381,Baby Daisy,Biddybuggy,Paper Glider,Azure Roller
Vincent,81355,Baby Daisy,Biddybuggy,Paper Glider,Azure Roller
grace,87667,Wario,Yoshi Bike,Wario Wing,Sponge
Power,125651,Waluigi,Wild Wiggler,Cloud Glider,Roller
ラス,126101,Waluigi,Biddybuggy,Cloud Glider,Roller
Danny,125734,Waluigi,Biddybuggy,Cloud Glider,Azure Roller
Alberto,81280,Baby Daisy,Biddybuggy,Paper Glider,Azure Roller
Alberto,81250,Baby Daisy,Biddybuggy,Paper Glider,Azure Roller
Alberto,81225,Baby Daisy,Biddybuggy,Paper Glider,Azure Roller
Alberto,81130,Baby Daisy,Biddybuggy,Paper Glider,Azure Roller
Alberto,98256,Waluigi,Biddybuggy,Paper Glider,Azure Roller
Alberto,59701,Waluigi,Biddybuggy,Paper Glider,Button
grace,87625,Wario,Yoshi Bike,Wario Wing,Sponge
Alberto,59676,Waluigi,Biddybuggy,Paper Glider,Button
Alberto,59651,Waluigi,Biddybuggy,Paper Glider,Button
EternalX,87577,Dry Bowser,Teddy Buggy,Plane Glider,Cushion
Alberto,98108,Waluigi,Biddybuggy,Paper Glider,Azure Roller
Alberto,87117,Donkey Kong,Mr. Scooty,Paper Glider,Azure Roller
しらぬい,99776,Baby Daisy,Biddybuggy,Parachute,Azure Roller
Army,86430,Baby Daisy,Biddybuggy,Paper Glider,Azure Roller
Army,91043,Baby Daisy,Biddybuggy,Paper Glider,Azure Roller
Army,86642,Baby Daisy,Biddybuggy,Paper Glider,Azure Roller
Army,86558,Baby Daisy,Biddybuggy,Paper Glider,Azure Roller
Alberto,119010,Baby Daisy,Biddybuggy,Paper Glider,Azure Roller
Alberto,76695,Waluigi,Biddybuggy,Paper Glider,Leaf Tires
Technical,83607,Waluigi,Teddy Buggy,Wario Wing,Azure Roller
JenZua,80414,Waluigi,Biddybuggy,Paper Glider,Azure Roller
JenZua,80441,Waluigi,Biddybuggy,Paper Glider,Azure Roller
JenZua,80344,Waluigi,Biddybuggy,Paper Glider,Azure Roller
Panda,143760,Donkey Kong,Biddybuggy,Paper Glider,Azure Roller
Panda,143732,Donkey Kong,Biddybuggy,Paper Glider,Azure Roller
Panda,143675,Donkey Kong,Biddybuggy,Paper Glider,Azure Roller
Panda,143673,Donkey Kong,Biddybuggy,Paper Glider,Azure Roller
しらぬい,74359,Roy,Biddybuggy,Paper Glider,Azure Roller
Technical,69931,Dry Bowser,W 25 Silver Arrow,Plane Glider ,Wood
Technical,69915,Dry Bowser,W 25 Silver Arrow,Plane Glider,Wood
Alberto,88149,Waluigi,Wild Wiggler,Paper Glider,Azure Roller
3-UP,86417,Wario,Sport Bike,Wario Wing,Slim
Army,86351,Wario,Biddybuggy,Paper Glider,Azure Roller
ヒビキ,98176,Waluigi,Biddybuggy,Paper Glider,Roller
Army,86251,Wario,Biddybuggy,Paper Glider,Azure Roller
3D,72136,Heavy Mii,Sport Bike,Super Glider,Metal
Army,82051,Waluigi,Teddy Buggy,Wario Wing,Azure Roller
Technical,69907,Dry Bowser,W 25 Silver Arrow,Plane Glider,Wood
Army,86334,Wario,Biddybuggy,Paper Glider,Azure Roller
EternalX,82067,Waluigi,Teddy Buggy,Wario Wing,Azure Roller
ありす,102343,Baby Daisy,Biddybuggy,Paper Glider,Roller
ありす,102267,Baby Daisy,Biddybuggy,Paper Glider,Roller
Panda,143398,Donkey Kong,Biddybuggy,Paper Glider,Azure Roller
Alberto,98033,Waluigi,Biddybuggy,Paper Glider,Azure Roller
Alberto,98018,Waluigi,Biddybuggy,Paper Glider,Azure Roller
Alberto,97913,Waluigi,Biddybuggy,Paper Glider,Azure Roller
Army,82034,Waluigi,Teddy Buggy,Super Glider,Azure Roller
Army,82001,Waluigi,Teddy Buggy,Super Glider,Azure Roller
Alphabet Soup,72135,Heavy Mii DK,Sport Bike,Super Glider,Metal
Panda,143271,Donkey Kong,Biddybuggy,Paper Glider,Azure Roller
しらぬい,101983,Baby Daisy,Biddybuggy,Paper Glider,Azure Roller
Army,81984,Waluigi,Teddy Buggy,Super Glider,Azure Roller
Technical,69881,Dry Bowser,W 25 Silver Arrow,Super Glider,Wood
Pii,81705,Waluigi,Biddybuggy,Paper Glider,Azure Roller
Alberto,74269,Roy,Biddybuggy,Parachute,Azure Roller
frog,112502,Baby Peach,Biddybuggy,Paper Glider,Azure Roller
Army,104300,Waluigi,Biddybuggy,Paper Glider,Azure Roller
grace,87567,Wario,Yoshi Bike,Wario Wing,Sponge
Miguel,109281,Dry Bowser,Gold Standard,Gold Glider,Slim
Byron,94653,Waluigi,Wild Wiggler,Flower Glider,Azure Roller
Byron,94636,Waluigi,Wild Wiggler,Flower Glider,Azure Roller
Alberto,102194,Lemmy,Biddybuggy,Paper Glider,Azure Roller
Army,109268,Wario,Gold Standard,Super Glider,Crimson Slim
クローリン,83810,Donkey Kong,Biddybuggy,Cloud Glider,Button
Army,99676,Baby Daisy,Biddybuggy,Paper Glider,Azure Roller
Army,99492,Baby Daisy,Biddybuggy,Paper Glider,Azure Roller
Army,102117,Baby Daisy,Mr. Scooty,Parachute,Azure Roller
grace,87539,Wario,Yoshi Bike,Gold Glider,Sponge
Army,88699,Wario,Sport Bike,Super Glider,Crimson Slim
Army,88671,Wario,Sport Bike,Super Glider,Crimson Slim
Miguel,109171,Dry Bowser,Gold Standard,Gold Glider,Slim
Panda,82399,Donkey Kong,Biddybuggy,Paper Glider,Azure Roller
Panda,120534,Donkey Kong,Biddybuggy,Paper Glider,Azure Roller
Army,101974,Baby Daisy,Mr. Scooty,Parachute,Azure Roller
Army,88619,Wario,Sport Bike,Super Glider,Crimson Slim
なすの,122279,Waluigi,Mr. Scooty,Paper Glider,Azure Roller
Byron,120517,Waluigi,Biddybuggy,Paper Glider,Azure Roller
Gudichap,100108,Waluigi,Mr. Scooty,Paper Glider,Azure Roller
Panda,87647,Donkey Kong,Biddybuggy,Paper Glider,Azure Roller
Panda,87677,Donkey Kong,Biddybuggy,Paper Glider,Azure Roller
Technical,69857,Dry Bowser,W 25 Silver Arrow,Super Glider,Wood
3D,72134,Heavy Mii,Sport Bike,Gold Glider,Metal
Alberto,82387,Waluigi,Biddybuggy,Paper Glider,Azure Roller
grace,87528,Dry Bowser,Yoshi Bike,Gold Glider,Sponge
Panda,87617,Donkey Kong,Biddybuggy,Paper Glider,Azure Roller
Alberto,100064,Waluigi,Mr. Scooty,Paper Glider,Azure Roller
grace,87474,Wario,Yoshi Bike,Gold Glider,Sponge
Panda,87579,Donkey Kong,Biddybuggy,Paper Glider,Azure Roller
Army,58517,Wario,Sneeker,Hylian Kite,Crimson Slim
Alphabet Soup,72129,Heavy Mii,Sport Bike,Waddle Wing,Metal
Panda,87517,Donkey Kong,Biddybuggy,Paper Glider,Azure Roller
Alberto,100026,Roy,Mr. Scooty,Cloud Glider,Azure Roller
Alberto,99998,Roy,Mr. Scooty,Cloud Glider,Azure Roller
Alberto,99986,Roy,Mr. Scooty,Cloud Glider,Azure Roller
Alberto,99975,Roy,Mr. Scooty,Cloud Glider,Azure Roller
Alberto,99956,Roy,Mr. Scooty,Cloud Glider,Azure Roller
Army,101858,Baby Daisy,Biddybuggy,Paper Glider,Azure Roller
Miguel,109144,Dry Bowser,Gold Standard,Gold Glider,Slim
Alberto,99916,Roy,Mr. Scooty,Cloud Glider,Azure Roller
Alberto,99896,Roy,Mr. Scooty,Cloud Glider,Azure Roller
Panda,82207,Donkey Kong,Biddybuggy,Paper Glider,Azure Roller
ヒビキ,97893,Waluigi,Biddybuggy,Paper Glider,Roller
Panda,123717,Baby Daisy,Biddybuggy,Paper Glider,Azure Roller
Panda,120484,Donkey Kong,Biddybuggy,Paper Glider,Azure Roller
Alberto,99874,Roy,Mr. Scooty,Cloud Glider,Azure Roller
ヒビキ,97859,Roy,Biddybuggy,Paper Glider,Azure Roller
ヒビキ,97792,Roy,Biddybuggy,Paper Glider,Azure Roller
Alphabet Soup,72126,Wario,Sport Bike,Plane Glider,Metal
Alphabet Soup,72124,Wario,Sport Bike,Plane Glider,Metal
ヒビキ,97767,Waluigi,Biddybuggy,Paper Glider,Azure Roller
ラス,97702,Waluigi,Biddybuggy,Paper Glider,Azure Roller
Alphabet Soup,72125,Wario,Sport Bike,Plane Glider,Metal
Alphabet Soup,72116,Wario,Sport Bike,Plane Glider,Metal
Pii,80662,Heavy Mii Cpt Falcon,Mach 8,Cloud Glider,Wood
Alberto,99852,Roy,Mr. Scooty,Cloud Glider,Azure Roller
Army,99305,Baby Daisy,Biddybuggy,Parachute,Azure Roller
Alphabet Soup,72123,Wario,Sport Bike,Plane Glider,Metal
EternalX,73132,Baby Daisy,Biddybuggy,Paper Glider,Azure Roller
ラス,97639,Waluigi,Biddybuggy,Paper Glider,Azure Roller
Army,116234,Baby Daisy,Biddybuggy,Parachute,Azure Roller
Panda,116251,Baby Daisy,Biddybuggy,Paper Glider,Azure Roller
Army,116084,Baby Daisy,Biddybuggy,Parachute,Azure Roller
ラス,97589,Waluigi,Biddybuggy,Paper Glider,Azure Roller
Army,116184,Baby Daisy,Biddybuggy,Parachute,Azure Roller
4laps2win,70757,Heavy Mii Crossing,Teddy Buggy,Super Glider,Azure Roller
ラス,97554,Waluigi,Biddybuggy,Paper Glider,Azure Roller
Panda,127933,Baby Daisy,Biddybuggy,Paper Glider,Azure Roller
Panda,127907,Baby Daisy,Biddybuggy,Paper Glider,Azure Roller
Panda,127789,Baby Daisy,Biddybuggy,Paper Glider,Azure Roller
はるいろ,113384,Rosalina,Streetle,Paper Glider,Azure Roller
4laps2win,70749,Heavy Mii Crossing,Teddy Buggy,Super Glider,Azure Roller
Miguel,109105,Dry Bowser,Gold Standard,Gold Glider,Slim
Miguel,109065,Dry Bowser,Gold Standard,Gold Glider,Slim
ラス,97458,Waluigi,Biddybuggy,Paper Glider,Azure Roller
Alphabet Soup,72113,Wario,Sport Bike,Gold Glider,Metal
Army,86236,Wario,Blue Falcon,Gold Glider,Crimson Slim
Vincent,109034,Heavy Mii,Gold Standard,Super Glider,Crimson Slim
Alphabet Soup,72112,Wario,Sport Bike,Gold Glider,Metal
Vincent,109028,Heavy Mii,Gold Standard,Super Glider,Crimson Slim
Vincent,108984,Heavy Mii,Gold Standard,Super Glider,Crimson Slim
Alberto,100581,Baby Peach,Biddybuggy,Cloud Glider,Azure Roller
Army,86141,Wario,Blue Falcon,Gold Glider,Crimson Slim
Alphabet Soup,72098,Wario,Sport Bike,Gold Glider,Metal
Alberto,100540,Baby Daisy,Biddybuggy,Cloud Glider,Azure Roller
Vincent,108980,Heavy Mii,Gold Standard,Super Glider,Crimson Slim
Alberto,100572,Baby Peach,Biddybuggy,Cloud Glider,Azure Roller
Alphabet Soup,72105,Wario,Sport Bike,Gold Glider,Metal
Army,86215,Wario,Blue Falcon,Gold Glider,Crimson Slim
Vincent,108927,Heavy Mii,Gold Standard,Super Glider,Crimson Slim
4laps2win,70743,Heavy Mii Crossing,Teddy Buggy,Super Glider,Azure Roller
Alberto,81962,Waluigi,Streetle,Paper Glider,Azure Roller
Panda,110981,Baby Daisy,Biddybuggy,Paper Glider,Azure Roller
Alberto,81957,Waluigi,Streetle,Cloud Glider,Azure Roller
Vincent,108898,Wario,Gold Standard,Gold Glider,Crimson Slim
iXA,116202,Waluigi,Mr. Scooty,Paper Glider,Azure Roller
StervtL,110958,Luigi,Inkstriker,Paper Glider,Azure Roller
Alpaco,98044,Light Mii PAC-MAN,Biddybuggy,Paper Glider,Azure Roller
Ziline,104991,Baby Mario,Biddybuggy,Paper Glider,Azure Roller
こんこん,97689,Rosalina,Teddy Buggy,Paper Glider,Azure Roller
Luckyo,75373,Wario,Gold Standard,Gold Glider,Crimson Slim
Luckyo,75235,Wario,Gold Standard,Gold Glider,Crimson Slim
Royal52,97564,Rosalina,Yoshi Bike,Cloud Glider ,Azure Roller
Hobbie,75130,King Boo,Teddy Buggy,Super Glider,Azure Roller
Royal52,97508,Rosalina,Yoshi Bike,Cloud Glider ,Azure Roller
grace,75119,King Boo,Teddy Buggy,Gold Glider,Roller
grace,74995,Champion Link,Teddy Buggy,Gold Glider,Azure Roller
Hobbie,74919,King Boo,Teddy Buggy,Paper Glider,Azure Roller
Hobbie,74851,King Boo,Teddy Buggy,Paper Glider,Azure Roller
Hobbie,74814,King Boo,Teddy Buggy,Paper Glider,Azure Roller
Danny,97454,Rosalina,Teddy Buggy,Cloud Glider ,Roller
Hobbie,74768,King Boo,Teddy Buggy,Paper Glider,Azure Roller
Danny,97429,Rosalina,Teddy Buggy,Cloud Glider ,Roller
Alpaco,97245,King Boo,Teddy Buggy,Paper Glider,Azure Roller
Pii,98857,Dry Bones,Biddybuggy,Paper Glider,Azure Roller
Pii,98822,Dry Bones,Biddybuggy,Paper Glider,Azure Roller
ありす,98756,Dry Bones,Biddybuggy,Paper Glider,Roller
ありす,98726,Dry Bones,Biddybuggy,Paper Glider,Roller
Army,74682,Roy,Biddybuggy,Paper Glider,Azure Roller
Army,74318,Baby Mario,Biddybuggy,Paper Glider,Azure Roller
Technical,73994,Baby Mario,Biddybuggy,Flower Glider,Roller
Technical,73977,Baby Mario,Biddybuggy,Flower Glider,Roller
Technical,73915,Baby Mario,Biddybuggy,Flower Glider,Roller
Technical,73830,Baby Mario,Biddybuggy,Flower Glider,Roller
Technical,73759,Baby Mario,Biddybuggy,Flower Glider,Roller
Army,73517,Baby Mario,Biddybuggy,Paper Glider,Azure Roller
Origin,121653,Waluigi,Biddybuggy,Paper Glider,Azure Roller
Ziline,120624,Baby Mario,Biddybuggy,Paper Glider,Azure Roller
Zakaria,104727,Daisy,Yoshi Bike,Paper Glider,Azure Roller
Ziline,119719,Baby Mario,Biddybuggy,Paper Glider,Azure Roller
さーもん,119672,Baby Mario,Biddybuggy,Cloud Glider,Roller
さーもん,119272,Baby Mario,Biddybuggy,Cloud Glider,Roller
さーもん,118961,Baby Mario,Biddybuggy,Paper Glider,Azure Roller
Technical,73472,Baby Mario,Biddybuggy,Paper Glider,Roller
Army,112887,Birdo (Green),Biddybuggy,Parachute,Azure Roller
Danny,96810,Birdo (Black),Teddy Buggy,Cloud Glider,Azure Roller
しらぬい,117333,Rosalina,Teddy Buggy,Paper Glider,Azure Roller
いたくら,97207,Rosalina,Teddy Buggy,Paper Glider,Roller
Alpaco,97084,Birdo (White),Teddy Buggy,Paper Glider,Azure Roller
Danny,96716,Birdo (Black),Teddy Buggy,Cloud Glider,Azure Roller
Danny,96407,Birdo (Black),Teddy Buggy,Cloud Glider,Azure Roller
Danny,96678,Birdo (Black),Teddy Buggy,Cloud Glider,Azure Roller
Nico4132,70486,Wario,Sport Bike,Super Glider,Crimson Slim
Doodle,82670,Wario,Gold Standard,Gold Glider,Slim
Nico4132,70454,Wario,Sport Bike,Super Glider,Crimson Slim
Nico4132,70274,Wario,Sport Bike,Super Glider,Crimson Slim
Nico4132,70231,Wario,Sport Bike,Super Glider,Crimson Slim
Nico4132,70163,Wario,Sport Bike,Super Glider,Crimson Slim
Nico4132,69933,Wario,Sport Bike,Super Glider,Crimson Slim
Doodle,82716,Wario,Gold Standard,Gold Glider,Slim
ヘリッパー,69911,Wario,Landship,Super Glider,Azure Roller
ヘリッパー,69680,Wario,Landship,Super Glider,Azure Roller
ヘリッパー,69427,Wario,Landship,Super Glider,Azure Roller
Alphabet Soup,82651,Wario,Gold Standard,Super Glider,Crimson Slim
Doodle,82566,Wario,Gold Standard,Gold Glider,Slim
ヘリッパー,68925,Rosalina,Landship,Paper Glider,Azure Roller
Alphabet Soup,82540,Wario,Gold Standard,Super Glider,Crimson Slim
Pianist15,69573,King Boo,Landship,Paper Glider,Roller
TylerR,82535,Dry Bowser,Gold Standard,Super Glider,Slim
Pianist15,69378,King Boo,Landship,Paper Glider,Roller
Doodle,82477,Wario,Gold Standard,Gold Glider,Slim
Pianist15,69355,King Boo,Landship,Paper Glider,Roller
Doodle,82464,Wario,Gold Standard,Gold Glider,Slim
Pianist15,69142,King Boo,Landship,Paper Glider,Roller
Doodle,82295,Wario,Gold Standard,Gold Glider,Slim
Doodle,82270,Wario,Gold Standard,Gold Glider,GLA Tires
Army,68871,King Boo,Landship,Paper Glider,Azure Roller
Army,69049,King Boo,Landship,Paper Glider,Azure Roller
Army,68928,King Boo,Landship,Paper Glider,Azure Roller
Alphabet Soup,82265,Wario,Gold Standard,Plane Glider,Crimson Slim
Doodle,82215,Wario,Gold Standard,Gold Glider,Slim
Army,68696,King Boo,Landship,Paper Glider,Azure Roller
¥146,118789,Rosalina,Mr. Scooty,Paper Glider,Azure Roller
¥146,117840,Rosalina,Cat Cruiser,Paper Glider,Azure Roller
¥146,118549,Rosalina,Cat Cruiser,Paper Glider,Azure Roller
ths,86894,Baby Mario,Biddybuggy,Paper Glider,Azure Roller
¥146,117856,Rosalina,Cat Cruiser,Paper Glider,Azure Roller
¥146,118497,Rosalina,Cat Cruiser,Paper Glider,Azure Roller
¥146,118264,Rosalina,Cat Cruiser,Paper Glider,Azure Roller
¥146,117971,Rosalina,Cat Cruiser,Paper Glider,Azure Roller
stove,86882,Baby Mario,Biddybuggy,Paper Glider,Roller
stove,86859,Baby Mario,Biddybuggy,Paper Glider,Roller
¥146,117710,Luigi,Inkstriker,Paper Glider,Azure Roller
ラス,91002,Birdo,Teddy Buggy,Paper Glider,Roller
stove,86681,Baby Mario,Biddybuggy,Paper Glider,Roller
¥146,117631,Luigi,Inkstriker,Paper Glider,Azure Roller
stove,86677,Baby Mario,Biddybuggy,Paper Glider,Azure Roller
Alberto,86588,Dry Bones,Biddybuggy,Paper Glider,Azure Roller
Army,68547,King Boo,Landship,Paper Glider,Azure Roller
Jimmy,89893,King Boo,Landship,Cloud Glider,Azure Roller
Alberto,86357,Birdo (Yellow),Biddybuggy,Paper Glider,Azure Roller
Alberto,86643,Dry Bones,Biddybuggy,Paper Glider,Azure Roller
Alberto,86598,Dry Bones,Biddybuggy,Paper Glider,Azure Roller
Michael,89835,Champion Link,Landship,Cloud Glider,Roller
JenZua,87344,Koopa Troopa,Streetle,Paper Glider,Sponge
Awoken,89639,Rosalina,Landship,Paper Glider,Sponge
Alberto,86313,Birdo (Yellow),Biddybuggy,Paper Glider,Azure Roller
Technical,89316,Baby Mario,Biddybuggy,Paper Glider,Roller
Awoken,89592,Rosalina,Streetle,Paper Glider,Sponge
Awoken,89179,Rosalina,Streetle,Paper Glider,Sponge
Awoken,88980,Rosalina,Streetle,Paper Glider,Sponge
Awoken,88847,Rosalina,Streetle,Paper Glider,Sponge
Awoken,88691,Rosalina,Streetle,Paper Glider,Sponge
えぢから,65236,Birdo (Green),Biddybuggy,Paper Glider,Azure Roller
Army,64009,Birdo (Orange),Biddybuggy,Paper Glider,Azure Roller
Doodle,88467,King Boo,Streetle,Paper Glider,Sponge
Tyson,65301,Birdo (Red),Biddybuggy,Cloud Glider,Azure Roller
Awoken,88318,Rosalina,Streetle,Paper Glider,Sponge
JenZua,88126,Koopa Troopa,Streetle,Paper Glider,Sponge
JenZua,87966,Koopa Troopa,Streetle,Paper Glider,Sponge
Euan,65056,Birdo (Green),Biddybuggy,Paper Glider,Azure Roller
Calcaire,118459,Baby Mario,Biddybuggy,Paper Glider,Azure Roller
Pii,98563,Dry Bones,Biddybuggy,Cloud Glider,Azure Roller
Pii,98342,Dry Bones,Biddybuggy,Cloud Glider,Azure Roller
Tyson,64567,Birdo (White),Biddybuggy,Cloud Glider,Azure Roller
Pii,98272,Dry Bones,Biddybuggy,Cloud Glider,Azure Roller
Euan,64484,Birdo (Green),Biddybuggy,Paper Glider,Azure Roller
Pii,98093,Dry Bones,Biddybuggy,Cloud Glider,Azure Roller
Army,64403,Birdo (Orange),Biddybuggy,Paper Glider,Azure Roller
Army,64398,Birdo (Orange),Biddybuggy,Paper Glider,Azure Roller
Army,64242,Birdo (Orange),Biddybuggy,Paper Glider,Azure Roller
Davi,64234,Peach,Biddybuggy,Paper Glider,Azure Roller
Army,64137,Birdo (Yellow),Biddybuggy,Paper Glider,Azure Roller
Darky,101881,Birdo (Black),Biddybuggy,Super Glider,Azure Roller
Pottary,99767,Link,Biddybuggy,Paper Glider,Roller
Hobbie,74352,Birdo (Light Blue),Teddy Buggy,Paper Glider,Azure Roller
alpha,100017,Birdo (Blue),Biddybuggy,Flower Glider,Azure Roller
Hobbie,74549,Birdo (Light Blue),Teddy Buggy,Paper Glider,Azure Roller
Darky,99772,Birdo (Black),Biddybuggy,Flower Glider,Azure Roller
Plantera,99432,Birdo (Light Blue),Biddybuggy,Cloud Glider,Azure Roller
Plantera,97596,Birdo (Light Blue),Biddybuggy,Parachute,Azure Roller
Rod,99235,Birdo,Biddybuggy,Flower Glider,Roller
Hgt,95001,Pink Yoshi,Biddybuggy,Paper Glider,Roller
Hgt,96665,Birdo (White),Biddybuggy,Paper Glider,Azure Roller
Tane,96157,White Yoshi,Biddybuggy,Cloud Glider,Azure Roller
Tane,95890,White Yoshi,Biddybuggy,Cloud Glider,Azure Roller
SirBookwriter,95849,Pink Yoshi,Biddybuggy,Flower Glider,Sponge
Technical,88921,Baby Mario,Biddybuggy,Paper Glider,Roller
Mick,88910,Birdo (Green),Streetle,Cloud Glider,Roller
Technical,88329,Birdo,Landship,Paper Glider,Roller
Technical,88770,Baby Mario,Biddybuggy,Paper Glider,Roller
Engel,123078,King Boo,Cat Cruiser,Paper Glider,Azure Roller
Technical,87858,Yoshi,Landship,Paper Glider,Roller
B!KZO,124411,Waluigi,Wild Wiggler,Paper Glider,Roller
Engel,122719,King Boo,Cat Cruiser,Paper Glider,Sponge
Nick,124288,Champion Link,Teddy Buggy,Paper Glider,Azure Roller
ラス,123128,Waluigi,Streetle,Paper Glider,Roller
YOS,120559,King Boo,Teddy Buggy,Flower Glider,Azure Roller
Zakaria,104869,Daisy,Yoshi Bike,Paper Glider,Azure Roller
Zakaria,104736,Daisy,Yoshi Bike,Paper Glider,Azure Roller
Diogo,104557,Rosalina,Teddy Buggy,Paper Glider,Azure Roller
Saru,104911,Peach,Yoshi Bike,Cloud Glider,Azure Roller
kisaragi,104342,King Boo,Teddy Buggy,Paper Glider,Azure Roller
Diogo,104134,Peach,Teddy Buggy,Paper Glider,Azure Roller
Nick,103922,Peach,Teddy Buggy,Paper Glider,Azure Roller
Ryan,104023,Birdo (White),Teddy Buggy,Paper Glider,Azure Roller
Nick,103869,Peach,Teddy Buggy,Paper Glider,Azure Roller
Alpaco,103846,Birdo (Yellow),Teddy Buggy,Cloud Glider,Azure Roller
Army,74352,Birdo,Teddy Buggy,Paper Glider,Azure Roller
Army,73386,Dry Bones,Biddybuggy,Paper Glider,Azure Roller
Calcaire,117986,Baby Mario,Biddybuggy,Paper Glider,Azure Roller
Calcaire,117375,Birdo (Blue),Biddybuggy,Paper Glider,Azure Roller
Calcaire,117567,Baby Mario,Biddybuggy,Paper Glider,Azure Roller
Calcaire,117172,Birdo (Blue),Biddybuggy,Paper Glider,Azure Roller
Panda,117057,Yellow Yoshi,Biddybuggy,Paper Glider,Azure Roller
Panda,116865,Yellow Yoshi,Biddybuggy,Paper Glider,Azure Roller
Alberto,117540,Luigi,Inkstriker,Paper Glider,Azure Roller
Alberto,117460,King Boo,Teddy Buggy,Paper Glider,Azure Roller
Zae,82183,Wario,Gold Standard,Gold Glider,Crimson Slim
Cream,82158,Wario,Gold Standard,Gold Glider,Crimson Slim
JenZua,87886,Koopa Troopa,Streetle,Paper Glider,Sponge
JenZua,87662,Koopa Troopa,Streetle,Paper Glider,Sponge
JenZua,87446,Koopa Troopa,Streetle,Paper Glider,Sponge
こんこん,97873,Rosalina,Teddy Buggy,Paper Glider,Azure Roller
Royal52,97744,Rosalina,Yoshi Bike,Cloud Glider,Azure Roller
こんこん,96406,Light-blue Yoshi,Teddy Buggy,Paper Glider,Azure Roller
JenZua,87188,Koopa Troopa,Streetle,Paper Glider,Sponge
いたくら,96365,Pink Yoshi,Teddy Buggy,Paper Glider,Roller
Danny,96356,Birdo (Black),Teddy Buggy,Cloud Glider,Azure Roller
Plunky,68607,King Boo,Landship,Cloud Glider,Azure Roller
いたくら,86180,Birdo (Red),Biddybuggy,Paper Glider,Roller
Euan,64021,Birdo (Green),Biddybuggy,Paper Glider,Azure Roller
Army,64001,Birdo (Orange),Biddybuggy,Paper Glider,Azure Roller
Army,63954,Birdo (Orange),Biddybuggy,Paper Glider,Azure Roller
Hobbie,74698,Orange Yoshi,Teddy Buggy,Paper Glider,Azure Roller
Panda,116589,Yellow Yoshi,Biddybuggy,Paper Glider,Azure Roller
Army,68293,King Boo,Landship,Paper Glider,Azure Roller
Ziline,102980,Birdo (Orange),Teddy Buggy,Paper Glider,Azure Roller
Army,74172,Birdo (Orange),Teddy Buggy,Paper Glider,Azure Roller
JenZua,87091,Koopa Troopa,Streetle,Paper Glider,Sponge
¥146,96123,Daisy,Biddybuggy,Paper Glider,Azure Roller
Army,63867,Birdo (Orange),Biddybuggy,Parachute,Azure Roller
Army,68395,King Boo,Landship,Paper Glider,Azure Roller
Technical,87640,Yoshi,Landship,Flower Glider,Roller
Technical,87622,Champion Link,Landship,Flower Glider,Roller
Technical,87465,Champion Link,Landship,Flower Glider,Roller
Technical,87155,Champion Link,Landship,Flower Glider,Roller
Nick,123078,Birdo,Teddy Buggy,Paper Glider,Sponge
ヨシ,120383,Champion Link,Teddy Buggy,Paper Glider,Roller
Nick,121670,Champion Link,Teddy Buggy,Paper Glider,Sponge
Engel,121565,King Boo,Teddy Buggy,Paper Glider,Azure Roller
Engel,121286,King Boo,Teddy Buggy,Paper Glider,Azure Roller
B!KZO,120967,King Boo,Teddy Buggy,Paper Glider,Azure Roller
Nick,120893,Peach,Teddy Buggy,Paper Glider,Azure Roller
Engel,120664,Champion Link,Teddy Buggy,Paper Glider,Azure Roller
Blaze,122637,Champion Link,Teddy Buggy,Paper Glider,Azure Roller
ラス,122357,Rosalina,Streetle,Paper Glider,Roller
Blaze,121939,Champion Link,Teddy Buggy,Paper Glider,Azure Roller
Blaze,121691,Black Yoshi,Teddy Buggy,Paper Glider,Azure Roller
Blaze,121322,Luigi,Teddy Buggy,Paper Glider,Azure Roller
ラス,120721,Mario,Streetle,Paper Glider,Roller
YOS,120608,King Boo,Teddy Buggy,Flower Glider,Azure Roller
kazuya,120573,Light-blue Yoshi,Landship,Paper Glider,Azure Roller
K4I,119089,Rosalina,Teddy Buggy,Paper Glider,Azure Roller
Alpaco,120360,Champion Link,Teddy Buggy,Paper Glider,Azure Roller
K4I,120326,Rosalina,Teddy Buggy,Paper Glider,Azure Roller
YOS,120257,King Boo,Teddy Buggy,Flower Glider,Azure Roller
K4I,119556,Rosalina,Teddy Buggy,Paper Glider,Azure Roller
K4I,119384,Rosalina,Teddy Buggy,Paper Glider,Azure Roller
K4I,119352,Rosalina,Teddy Buggy,Paper Glider,Azure Roller
K4I,119234,Rosalina,Teddy Buggy,Paper Glider,Azure Roller
K4I,119018,Rosalina,Teddy Buggy,Paper Glider,Azure Roller
K4I,118915,Rosalina,Teddy Buggy,Paper Glider,Azure Roller
Danny,96346,Birdo (Black),Teddy Buggy,Cloud Glider,Azure Roller
こんこん,96327,Light-blue Yoshi,Teddy Buggy,Paper Glider,Azure Roller
¥146,96261,Birdo (Black),Biddybuggy,Paper Glider,Azure Roller
こんこん,96022,Light-blue Yoshi,Biddybuggy,Paper Glider,Azure Roller
4laps2win,68386,Rosalina,Landship,Paper Glider,Azure Roller
Alberto,86167,Birdo,Biddybuggy,Paper Glider,Azure Roller
stove,86048,Birdo (Black),Biddybuggy,Paper Glider,Roller
EternalX,63871,Birdo (Black),Biddybuggy,Paper Glider,Azure Roller
Army,63804,Birdo (Orange),Biddybuggy,Parachute,Azure Roller
Tane,95684,White Yoshi,Biddybuggy,Cloud Glider,Azure Roller
Plantera,95615,Birdo (Light Blue),Biddybuggy,Cloud Glider,Azure Roller
Tane,95510,White Yoshi,Biddybuggy,Cloud Glider,Azure Roller
Tane,95504,White Yoshi,Biddybuggy,Cloud Glider,Azure Roller
Tane,95367,White Yoshi,Biddybuggy,Cloud Glider,Azure Roller
SirBookwriter,95005,Pink Yoshi,Biddybuggy,Parachute,Sponge
Hgt,94908,Pink Yoshi,Biddybuggy,Paper Glider,Roller
You,103835,King Boo,Teddy Buggy,Cloud Glider,Azure Roller
3-UP,74317,Birdo,Yoshi Bike,Flower Glider,Roller
3-UP,74160,Birdo,Yoshi Bike,Flower Glider,Roller
Pii,97727,Dry Bones,Biddybuggy,Paper Glider,Azure Roller
Panda,116734,Yellow Yoshi,Biddybuggy,Paper Glider,Azure Roller
JenZua,87136,Koopa Troopa,Streetle,Paper Glider,Sponge
JenZua,87034,Koopa Troopa,Streetle,Paper Glider,Sponge
Doodle,82130,Wario,Gold Standard,Gold Glider,Slim
Army,82080,Wario,Gold Standard,Gold Glider,Crimson Slim
Army,82075,Wario,Gold Standard,Gold Glider,Crimson Slim
Zae,82060,Wario,Gold Standard,Gold Glider,Crimson Slim
Zae,82046,Wario,Gold Standard,Gold Glider,Crimson Slim
Doodle,82043,Wario,Gold Standard,Gold Glider,Slim
Zae,81956,Wario,Gold Standard,Gold Glider,Crimson Slim
Zae,82032,Wario,Gold Standard,Gold Glider,Crimson Slim
Doodle,81941,Wario,Standard Kart,Gold Glider,Slim
Pii,81927,Wario,Gold Standard,Super Glider,Crimson Slim
Zae,81894,Wario,Gold Standard,Gold Glider,Crimson Slim
Kabkal,118893,Rosalina,Teddy Buggy,Paper Glider,Azure Roller
Technical,87015,Champion Link,Landship,Flower Glider,Sponge
Danny,96986,Birdo (Black),Teddy Buggy,Cloud Glider,Azure Roller
Alberto,85895,Birdo (White),Biddybuggy,Paper Glider,Azure Roller
SirBookwriter,94358,Pink Yoshi,Biddybuggy,Flower Glider,Sponge
Alberto,86006,Birdo (White),Biddybuggy,Paper Glider,Azure Roller
EternalX,63702,Birdo (Black),Biddybuggy,Paper Glider,Azure Roller
EternalX,63652,Birdo (Black),Biddybuggy,Paper Glider,Azure Roller
K4I,118786,Yoshi,Teddy Buggy,Paper Glider,Azure Roller
Army,74055,Birdo (White),Teddy Buggy,Paper Glider,Azure Roller
Technical,73290,Birdo,Biddybuggy,Flower Glider,Roller
Panda,116417,Yellow Yoshi,Biddybuggy,Paper Glider,Azure Roller
Panda,116365,Yellow Yoshi,Biddybuggy,Paper Glider,Azure Roller
Panda,116072,Yellow Yoshi,Biddybuggy,Paper Glider,Azure Roller
Pii,81810,Wario,Prancer,Super Glider,Crimson Slim
Zae,81767,Wario,Prancer,Gold Glider,Crimson Slim
¥146,95887,Peach,Biddybuggy,Paper Glider,Azure Roller
ヘリッパー,68221,Rosalina,Landship,Paper Glider,Azure Roller
Army,68212,King Boo,Landship,Paper Glider,Azure Roller
Army,68162,King Boo,Landship,Paper Glider,Azure Roller
Army,68029,King Boo,Landship,Paper Glider,Azure Roller
Alberto,85881,Red Yoshi,Biddybuggy,Paper Glider,Roller
¥146,85890,White Yoshi,Biddybuggy,Paper Glider,Azure Roller
EternalX,63646,Birdo (Black),Biddybuggy,Parachute,Azure Roller
EternalX,63643,Birdo (Black),Biddybuggy,Parachute,Azure Roller
StervtL,120191,Light-blue Yoshi,Teddy Buggy,Paper Glider,Azure Roller
SirBookwriter,94097,Pink Yoshi,Cat Cruiser,Parachute,Roller
Alberto,118751,Birdo (Light Blue),Teddy Buggy,Paper Glider,Azure Roller
Alberto,118643,Birdo (Blue),Teddy Buggy,Cloud Glider,Azure Roller
Alberto,118567,Birdo (White),Teddy Buggy,Paper Glider,Azure Roller
Alberto,118509,Birdo (White),Teddy Buggy,Paper Glider,Azure Roller
Alberto,118489,Birdo (White),Teddy Buggy,Paper Glider,Azure Roller
Army,73717,Birdo (Green),Teddy Buggy,Paper Glider,Azure Roller
Paco,86232,Birdo,Teddy Buggy,Cloud Glider,Roller
くるとん,119892,Daisy,Teddy Buggy,Paper Glider,Roller
Alberto,118369,Birdo (White),Teddy Buggy,Paper Glider,Azure Roller
Braydon,113462,Dry Bones,Biddybuggy,Parachute,Azure Roller
Alberto,117347,Rosalina,Teddy Buggy,Paper Glider,Azure Roller
Calcaire,120097,Rosalina,Teddy Buggy,Paper Glider,Azure Roller
Alberto,85863,Light-blue Yoshi,Biddybuggy,Paper Glider,Azure Roller
StervtL,120346,Light-blue Yoshi,Teddy Buggy,Paper Glider,Azure Roller
3-UP,74002,Birdo,Yoshi Bike,Flower Glider,Roller
Army,73903,Birdo (Green),Teddy Buggy,Paper Glider,Azure Roller
Army,73153,Birdo (Green),Biddybuggy,Paper Glider,Azure Roller
Pii,81757,Wario,Prancer,Super Glider,Crimson Slim
Zae,81729,Wario,Prancer,Gold Glider,Crimson Slim
B!KZO,120184,King Boo,Teddy Buggy,Paper Glider,Azure Roller
Calcaire,120017,Rosalina,Teddy Buggy,Paper Glider,Azure Roller
Calcaire,119971,Rosalina,Teddy Buggy,Paper Glider,Azure Roller
Army,73829,Peach,Teddy Buggy,Paper Glider,Azure Roller
エル,107653,Champion Link,Teddy Buggy,Paper Glider,Azure Roller
JenZua,61956,Luigi,Inkstriker,Paper Glider,Leaf Tires
はるいろ,113264,Rosalina,Streetle,Paper Glider,Azure Roller
Alberto,85874,Orange Yoshi,Biddybuggy,Paper Glider,Azure Roller
Byron,94555,King Boo,Cat Cruiser,Paper Glider,Cushion
エル,107475,Champion Link,Teddy Buggy,Paper Glider,Azure Roller
異様,106323,Wario,Sport Bike,Super Glider,Slim
異様,106258,Wario,Sport Bike,Super Glider,Slim
StervtL,110985,Rosalina,Teddy Buggy,Paper Glider,Azure Roller
しらぬい,105199,Roy,Biddybuggy,Cloud Glider,Leaf Tires
異様,106212,Wario,Sport Bike,Super Glider,Slim
しらぬい,108838,Dry Bones,Biddybuggy,Paper Glider,Azure Roller
あぃす,114792,Luigi,Sports Coupe,Paper Glider,Azure Roller
Panda,110824,Dry Bones,Biddybuggy,Paper Glider,Azure Roller
Byron,94503,Link,Cat Cruiser,Paper Glider,Cushion
Panda,110593,Dry Bones,Biddybuggy,Paper Glider,Azure Roller
Panda,127719,Dry Bones,Biddybuggy,Paper Glider,Azure Roller
Panda,127663,Dry Bones,Biddybuggy,Paper Glider,Azure Roller
エル,107506,Champion Link,Teddy Buggy,Paper Glider,Azure Roller
Panda,127779,Wario,Teddy Buggy,Super Glider,Cushion
Alpaco,115597,Orange Yoshi,Teddy Buggy,Paper Glider,Azure Roller
AK,114725,Luigi,Mach 8,Paper Glider,Azure Roller
アーモンド,118872,Light-blue Yoshi,Biddybuggy,Paper Glider,Azure Roller
Panda,104917,Dry Bones,Biddybuggy,Paper Glider,Azure Roller
Panda,112995,Yellow Yoshi,Biddybuggy,Paper Glider,Azure Roller
クローリン,83772,Champion Link,Teddy Buggy,Paper Glider,Leaf Tires
クローリン,83605,Luigi,Inkstriker,Paper Glider,Leaf Tires
あぃす,114675,Pink Yoshi,Sports Coupe,Paper Glider,Leaf Tires
Braydon,113448,Baby Luigi,Biddybuggy,Parachute,Azure Roller
Pii,118839,Iggy,Mach 8,Paper Glider,Azure Roller
JenZua,62069,Luigi,Inkstriker,Paper Glider,Leaf Tires
K4I,118276,Yoshi,Teddy Buggy,Paper Glider,Azure Roller
Pii,114460,Birdo (Yellow),Biddybuggy,Paper Glider,Azure Roller
Pii,118393,Red Yoshi,Biddybuggy,Paper Glider,Azure Roller
Pii,114394,Birdo (Yellow),Biddybuggy,Paper Glider,Azure Roller
Pii,108585,Pink Yoshi,Biddybuggy,Paper Glider,Azure Roller
Panda,115709,Yellow Yoshi,Biddybuggy,Paper Glider,Azure Roller
あぃす,114624,Pink Yoshi,Sports Coupe,Paper Glider,Leaf Tires
¥146,100336,Birdo (Black),Biddybuggy,Paper Glider,Azure Roller
Army,100028,Birdo (Blue),Biddybuggy,Paper Glider,Azure Roller
Army,100293,Birdo (Blue),Biddybuggy,Paper Glider,Azure Roller
Panda,88992,Yellow Yoshi,Biddybuggy,Paper Glider,Azure Roller
Panda,118277,Yellow Yoshi,Biddybuggy,Paper Glider,Azure Roller
k,84446,Birdo (White),Biddybuggy,Paper Glider,Azure Roller
Yerson,116144,Birdo,Teddy Buggy,Paper Glider,Azure Roller
しらぬい,105177,Birdo (Black),Mach 8,Paper Glider,Button
Panda,108480,Yellow Yoshi,Biddybuggy,Paper Glider,Azure Roller
ラス,101840,Birdo,Mr. Scooty,Paper Glider,Roller
Army,101614,Birdo (Black),Mr. Scooty,Paper Glider,Azure Roller
Panda,123220,Birdo (Yellow),Biddybuggy,Paper Glider,Azure Roller
frog,122430,Wario,Splat Buggy,Gold Glider,Slim
Pii,97494,Red Yoshi,Biddybuggy,Paper Glider,Azure Roller
しらぬい,108585,Birdo (Light Blue),Biddybuggy,Paper Glider,Azure Roller
しらぬい,105078,Iggy,Inkstriker,Cloud Glider,Leaf Tires
しらぬい,105044,Iggy,Inkstriker,Cloud Glider,Leaf Tires
しらぬい,105034,Iggy,Inkstriker,Cloud Glider,Leaf Tires
Army,123163,Birdo (Yellow),Biddybuggy,Paper Glider,Azure Roller
k,84366,Birdo (Green),Biddybuggy,Paper Glider,Azure Roller
Pii,118997,Yellow Yoshi,Biddybuggy,Paper Glider,Azure Roller
Panda,113071,Yellow Yoshi,Biddybuggy,Paper Glider,Azure Roller
JenZua,62048,Luigi,Inkstriker,Paper Glider,Leaf Tires
Prometheus,116022,Birdo (Light Blue),Teddy Buggy,Paper Glider,Azure Roller
Alberto,113927,Birdo (Green),Biddybuggy,Paper Glider,Azure Roller
Pii,118033,Light-blue Yoshi,Biddybuggy,Paper Glider,Azure Roller
Engel,119466,Champion Link,Teddy Buggy,Paper Glider,Azure Roller
Prometheus,115982,Birdo (Light Blue),Teddy Buggy,Paper Glider,Azure Roller
ths,113817,Birdo (Light Blue),Biddybuggy,Paper Glider,Azure Roller
ths,113759,Birdo (Light Blue),Biddybuggy,Paper Glider,Azure Roller
エル,107469,Luigi,Inkstriker,Paper Glider,Azure Roller
ラス,90968,Birdo,Teddy Buggy,Paper Glider,Roller
のり,113180,Champion Link,Streetle,Paper Glider,Azure Roller
Alberto,113617,Birdo (Green),Biddybuggy,Paper Glider,Azure Roller
Saru,110324,White Yoshi,Yoshi Bike,Cloud Glider,Azure Roller
Army,110113,Peach,Teddy Buggy,Paper Glider,Azure Roller
Panda,115947,Yellow Yoshi,Biddybuggy,Paper Glider,Azure Roller
エル,107419,Yellow Yoshi,Teddy Buggy,Paper Glider,Azure Roller
エル,107392,Yellow Yoshi,Teddy Buggy,Paper Glider,Azure Roller
エル,107356,Yellow Yoshi,Teddy Buggy,Paper Glider,Azure Roller
JenZua,62012,Mario,Inkstriker,Paper Glider,Leaf Tires
エル,107246,Yellow Yoshi,Teddy Buggy,Paper Glider,Azure Roller
k,84107,Yoshi,Biddybuggy,Paper Glider,Azure Roller
はるいろ,111244,Luigi,Inkstriker,Paper Glider,Leaf Tires
のり,111204,Luigi,Inkstriker,Paper Glider,Leaf Tires
のり,111112,Luigi,Inkstriker,Paper Glider,Leaf Tires
きなこもち,105964,Yoshi,Teddy Buggy,Paper Glider,Azure Roller
Alpaco,112357,Birdo (Red),Biddybuggy,Paper Glider,Azure Roller
JenZua,61995,Luigi,Inkstriker,Paper Glider,Leaf Tires
Mana,118981,Daisy,Biddybuggy,Paper Glider,Roller
Panda,115940,Yellow Yoshi,Biddybuggy,Paper Glider,Azure Roller
Alberto,108455,Peach,Biddybuggy,Paper Glider,Azure Roller
Joe,110320,Birdo (Blue),Teddy Buggy,Cloud Glider,Azure Roller
ths,110094,Yellow Yoshi,Teddy Buggy,Paper Glider,Azure Roller
ths,110049,Yellow Yoshi,Teddy Buggy,Paper Glider,Azure Roller
Army,109834,Peach,Teddy Buggy,Paper Glider,Azure Roller
さーもん,83574,Wario,Mach 8,Paper Glider,Wood
アーモンド,118910,Blue Yoshi,Biddybuggy,Paper Glider,Azure Roller
AK,114424,Birdo,Sports Coupe,Paper Glider,Leaf Tires
Paco,86266,Birdo,Mach 8,Cloud Glider,Roller
Paco,86263,Birdo,Mach 8,Cloud Glider,Roller
Paco,86258,Birdo,Mach 8,Cloud Glider,Roller
Panda,112643,Yellow Yoshi,Biddybuggy,Paper Glider,Azure Roller
Technical,91706,Yoshi,Biddybuggy,Paper Glider,Roller
Army,73790,Birdo (Green),Teddy Buggy,Paper Glider,Azure Roller
Alphabet Soup,72014,Wario,Sport Bike,Gold Glider,Metal
3D,72059,Wario,Sport Bike,Gold Glider,Metal
Alphabet Soup,72008,Wario,Sport Bike,Gold Glider,Metal
Alphabet Soup,71997,Wario,Sport Bike,Gold Glider,Metal
3-UP,86221,Dry Bowser,Sport Bike,Super Glider,Metal
grace,82216,Heavy Mii Pikmin,Yoshi Bike,Paper Glider,Wood
grace,82174,Heavy Mii Kirby ,Yoshi Bike,Paper Glider,Wood
grace,82114,Heavy Mii Toad,Yoshi Bike,Paper Glider,Wood
Draygo,79776,Rosalina,Inkstriker,Paper Glider,Leaf Tires
Draygo,79745,Rosalina,Inkstriker,Paper Glider,Leaf Tires
Vincent,108797,Wario,Gold Standard,Super Glider,Crimson Slim
Hikki,79593,Rosalina,Inkstriker,Paper Glider,Leaf Tires
Army,71573,Birdo (Yellow),Biddybuggy,Paper Glider,Azure Roller
JenZua,64782,Orange Yoshi,Biddybuggy,Paper Glider,Azure Roller
JenZua,64751,Orange Yoshi,Biddybuggy,Paper Glider,Azure Roller
JenZua,64742,Orange Yoshi,Biddybuggy,Paper Glider,Azure Roller
JenZua,64727,Orange Yoshi,Biddybuggy,Paper Glider,Azure Roller
JenZua,64655,Orange Yoshi,Biddybuggy,Paper Glider,Azure Roller
JenZua,64645,Orange Yoshi,Biddybuggy,Paper Glider,Azure Roller
JenZua,64581,Orange Yoshi,Biddybuggy,Paper Glider,Azure Roller
3D,72041,Wario,Sport Bike,Gold Glider,Metal
JenZua,80240,Luigi,Inkstriker,Paper Glider,Azure Roller
Alberto,115641,Birdo (White),Biddybuggy,Paper Glider,Azure Roller
Alphabet Soup,71977,Wario,Sport Bike,Wario Wing,Metal
Army,86154,King Boo,Teddy Buggy,Super Glider,Sponge
4laps2win,70709,Heavy Mii Crossing,Teddy Buggy,Super Glider,Azure Roller
4laps2win,70682,Heavy Mii Crossing,Teddy Buggy,Super Glider,Azure Roller
Technical,69850,Dry Bowser,Mach 8,Wario Wing,Crimson Slim
Alberto,76855,Birdo (Light Blue),Streetle,Paper Glider,Sponge
Alberto,76890,Birdo (Light Blue),Streetle,Paper Glider,Sponge
3D,72008,Wario,Sport Bike,Hylian Kite,Metal
grace,82219,Heavy Mii Wario,Yoshi Bike,Paper Glider,Wood
Technical,69847,Dry Bowser,Mach 8,Gold Glider,Crimson Slim
Army,73228,Peach,Teddy Buggy,Paper Glider,Azure Roller
Panda,115510,Yellow Yoshi,Biddybuggy,Paper Glider,Azure Roller
Xylix,81700,Wario,Prancer,Gold Glider,Slim
Panda,109787,Yellow Yoshi,Teddy Buggy,Paper Glider,Azure Roller
Tane,86906,Koopa Troopa,Streetle,Cloud Glider,Sponge
Miguel,81966,Rosalina,Teddy Buggy,Super Glider,Crimson Slim
Braydon,112971,Yellow Yoshi,Biddybuggy,Parachute,Azure Roller
ヒビキ,116056,Red Yoshi,Biddybuggy,Paper Glider,Roller
Panda,115435,Yellow Yoshi,Biddybuggy,Paper Glider,Azure Roller
ありす,97708,Yellow Yoshi,Biddybuggy,Parachute,Roller
Technical,91701,Luigi,Biddybuggy,Paper Glider,Azure Roller
Zae,81636,Wario,Prancer,Gold Glider,Crimson Slim
Technical,69792,Dry Bowser,Mach 8,Gold Glider,Crimson Slim
Zae,81607,Wario,Prancer,Gold Glider,Crimson Slim
Alphabet Soup,106207,Wario,Sport Bike,Gold Glider,Wood
K4I,118332,Yoshi,Teddy Buggy,Paper Glider,Azure Roller
Tane,86811,Koopa Troopa,Streetle,Cloud Glider,Sponge
Plunky,68011,Rosalina,Landship,Cloud Glider,Azure Roller
noah,88970,Wario,Teddy Buggy,Paper Glider,Azure Roller
JenZua,61991,Luigi,Inkstriker,Paper Glider,Leaf Tires
Panda,85772,Yellow Yoshi,Biddybuggy,Paper Glider,Azure Roller
Panda,85723,Yellow Yoshi,Biddybuggy,Paper Glider,Azure Roller
Panda,85630,Yellow Yoshi,Biddybuggy,Paper Glider,Azure Roller
stove,85876,Yoshi,Biddybuggy,Cloud Glider,Roller
Pii,80948,Black Yoshi,Biddybuggy,Paper Glider,Azure Roller
Tera,81036,Baby Mario,Biddybuggy,Paper Glider,Azure Roller
Panda,127707,Bowser,Teddy Buggy,Super Glider,Cushion
Alberto,100306,Baby Mario,Biddybuggy,Paper Glider,Azure Roller
Braydon,113352,Baby Luigi,Biddybuggy,Parachute,Azure Roller
Panda,115963,Dry Bones,Biddybuggy,Paper Glider,Azure Roller
Alberto,99828,Iggy,Inkstriker,Paper Glider,Azure Roller
Pii,118980,Champion Link,Teddy Buggy,Paper Glider,Azure Roller
ths,102960,Yellow Yoshi,Teddy Buggy,Paper Glider,Azure Roller
ths,102921,Yellow Yoshi,Teddy Buggy,Paper Glider,Azure Roller
Alberto,85832,Light-blue Yoshi,Biddybuggy,Paper Glider,Azure Roller
Alberto,85764,Light-blue Yoshi,Biddybuggy,Paper Glider,Azure Roller
Alberto,85811,Light-blue Yoshi,Biddybuggy,Paper Glider,Azure Roller
Alberto,85728,Light-blue Yoshi,Biddybuggy,Paper Glider,Azure Roller
Army,85603,Birdo,Biddybuggy,Paper Glider,Azure Roller
Pii,122381,Wario,Mach 8,Gold Glider,Crimson Slim
Army,67930,King Boo,Landship,Cloud Glider,Azure Roller
Army,67892,King Boo,Landship,Cloud Glider,Azure Roller
Army,67882,King Boo,Landship,Cloud Glider,Azure Roller
Army,67856,King Boo,Landship,Paper Glider,Azure Roller
Army,67716,King Boo,Landship,Paper Glider,Azure Roller
Alberto,76781,Orange Yoshi,Streetle,Paper Glider,Sponge
Alberto,76704,Orange Yoshi,Streetle,Paper Glider,Sponge
Alberto,76686,Orange Yoshi,Streetle,Paper Glider,Sponge
Alberto,76679,Orange Yoshi,Streetle,Paper Glider,Sponge
Army,67981,King Boo,Landship,Paper Glider,Azure Roller
Ronny,60486,Dry Bowser,Mach 8,Cloud Glider,Wood
Ronny,60477,Dry Bowser,Mach 8,Cloud Glider,Crimson Slim
FA,60481,Wario,Mach 8,Paper Glider,Leaf Tires
EternalX,62084,Black Yoshi,Biddybuggy,Parachute,Azure Roller
Technical,93985,Light-blue Yoshi,Teddy Buggy,Flower Glider,Azure Roller
Vincent,86162,Blue Yoshi,Cat Cruiser,Paper Glider,Azure Roller
Hobbie,73616,Birdo (Yellow),Teddy Buggy,Paper Glider,Azure Roller
Braydon,113125,Birdo (Yellow),Biddybuggy,Parachute,Azure Roller
Panda,106988,Yellow Yoshi,Biddybuggy,Paper Glider,Azure Roller
Panda,106778,Yellow Yoshi,Biddybuggy,Paper Glider,Azure Roller
Panda,127326,Yellow Yoshi,Biddybuggy,Paper Glider,Azure Roller
Panda,110581,Yellow Yoshi,Biddybuggy,Paper Glider,Azure Roller
noah,88961,Wario,Teddy Buggy,Paper Glider,Azure Roller
Army,73408,Birdo (Green),Teddy Buggy,Paper Glider,Azure Roller
Army,73325,Birdo (Green),Teddy Buggy,Paper Glider,Azure Roller
Army,73232,Birdo (Green),Teddy Buggy,Paper Glider,Azure Roller
Army,73067,Birdo (Green),Biddybuggy,Paper Glider,Azure Roller
Army,72943,Birdo (Green),Biddybuggy,Paper Glider,Azure Roller
JenZua,86764,Koopa Troopa,Streetle,Paper Glider,Sponge
JenZua,86656,Koopa Troopa,Streetle,Paper Glider,Sponge
Panda,110365,Yellow Yoshi,Biddybuggy,Paper Glider,Azure Roller
Pii,81495,Dry Bowser,Prancer,Super Glider,Crimson Slim
Alberto,118136,White Yoshi,Teddy Buggy,Paper Glider,Azure Roller
Hgt,72354,Pink Yoshi,Biddybuggy,Paper Glider,Roller
EternalX,62020,Black Yoshi,Biddybuggy,Parachute,Azure Roller
Army,72309,Birdo (Yellow),Biddybuggy,Paper Glider,Azure Roller
Pii,97370,Red Yoshi,Biddybuggy,Paper Glider,Azure Roller
Alberto,118316,Birdo (White),Teddy Buggy,Paper Glider,Azure Roller
StervtL,119478,Light-blue Yoshi,Teddy Buggy,Paper Glider,Azure Roller
Alberto,88879,Wario,Teddy Buggy,Paper Glider,Azure Roller
Pii,81595,Wario,Prancer,Super Glider,Crimson Slim
Zae,81577,Wario,Prancer,Gold Glider,Crimson Slim
Pii,81501,Dry Bowser,Prancer,Super Glider,Crimson Slim
Technical,62025,Yoshi,Biddybuggy,Paper Glider,Roller
EternalX,61861,Black Yoshi,Biddybuggy,Parachute,Azure Roller
Technical,74172,Luigi,Teddy Buggy,Paper Glider,Azure Roller
Alberto,106039,White Yoshi,Biddybuggy,Paper Glider,Azure Roller
Alberto,105920,White Yoshi,Biddybuggy,Paper Glider,Azure Roller
Alberto,105845,White Yoshi,Biddybuggy,Paper Glider,Azure Roller
Yerson,115973,Daisy,Teddy Buggy,Paper Glider,Azure Roller
Alberto,118069,White Yoshi,Teddy Buggy,Paper Glider,Azure Roller
Alberto,117959,White Yoshi,Teddy Buggy,Paper Glider,Azure Roller
Alberto,117844,White Yoshi,Teddy Buggy,Paper Glider,Azure Roller
Alberto,116930,King Boo,Teddy Buggy,Paper Glider,Azure Roller
Alberto,117066,King Boo,Teddy Buggy,Paper Glider,Azure Roller
しらぬい,117153,Rosalina,Teddy Buggy,Cloud Glider,Azure Roller
ささゆき,95864,Black Yoshi,Biddybuggy,Paper Glider,Azure Roller
Army,74116,Luigi,Teddy Buggy,Paper Glider,Azure Roller
Army,74030,Luigi,Teddy Buggy,Paper Glider,Azure Roller
Army,73865,Luigi,Teddy Buggy,Paper Glider,Azure Roller
Technical,91621,Luigi,Biddybuggy,Paper Glider,Azure Roller
Engel,119125,Champion Link,Teddy Buggy,Paper Glider,Azure Roller
Ziline,97379,Yellow Yoshi,Teddy Buggy,Paper Glider,Azure Roller
Army,88833,Birdo,Biddybuggy,Paper Glider,Azure Roller
SirBookwriter,93817,Pink Yoshi,Cat Cruiser,Flower Glider,Roller
Pii,117957,Yoshi,Biddybuggy,Cloud Glider,Azure Roller
ヨシ,119093,Champion Link,Teddy Buggy,Paper Glider,Roller
Panda,109829,Yellow Yoshi,Teddy Buggy,Paper Glider,Azure Roller
Pii,59624,Iggy,Biddybuggy,Cloud Glider,Button
FA,60445,Wario,Mach 8,Paper Glider,Leaf Tires
Army,72205,Birdo (Yellow),Biddybuggy,Paper Glider,Azure Roller
Army,71967,Birdo (Yellow),Biddybuggy,Paper Glider,Azure Roller
Army,71716,Birdo (Yellow),Biddybuggy,Paper Glider,Azure Roller
Draygo,79573,Rosalina,Inkstriker,Cloud Glider,Leaf Tires
Army,71486,Birdo (Blue),Biddybuggy,Paper Glider,Azure Roller
Panda,82798,Yellow Yoshi,Biddybuggy,Paper Glider,Azure Roller
¥146,102773,White Yoshi,Mr. Scooty,Paper Glider,Azure Roller
Prometheus,115933,Birdo (Light Blue),Teddy Buggy,Paper Glider,Azure Roller
stove,102065,Dry Bones,Biddybuggy,Cloud Glider,Roller
Panda,123155,Yellow Yoshi,Biddybuggy,Paper Glider,Azure Roller
なすの,121943,White Yoshi,Teddy Buggy,Paper Glider,Azure Roller
Technical,93636,Yoshi,Teddy Buggy,Paper Glider,Azure Roller
JenZua,80053,Luigi,Teddy Buggy,Paper Glider,Azure Roller
ヨシ,118744,Champion Link,Teddy Buggy,Paper Glider,Roller
Ziline,97332,Birdo (White),Teddy Buggy,Cloud Glider,Roller
fairy,87328,Yoshi,Teddy Buggy,Flower Glider,Azure Roller
fairy,87192,Yoshi,Teddy Buggy,Paper Glider,Azure Roller
ありす,97292,Orange Yoshi,Biddybuggy,Flower Glider,Roller
Tera,80917,Black Yoshi,Biddybuggy,Paper Glider,Azure Roller
Alberto,118709,Yoshi,Biddybuggy,Cloud Glider,Roller
Braydon,90930,Daisy,Teddy Buggy,Parachute,Azure Roller
Alberto,118683,Yoshi,Biddybuggy,Cloud Glider,Roller
Panda,102551,Yellow Yoshi,Biddybuggy,Paper Glider,Azure Roller
Alberto,102445,Birdo (White),Biddybuggy,Paper Glider,Azure Roller
Panda,122987,Yellow Yoshi,Biddybuggy,Paper Glider,Azure Roller
Alberto,110180,Birdo (White),Biddybuggy,Paper Glider,Azure Roller
パンプ,121096,Champion Link,Teddy Buggy,Paper Glider,Roller
エル,107235,Yellow Yoshi,Teddy Buggy,Paper Glider,Azure Roller
エル,107214,Yellow Yoshi,Teddy Buggy,Paper Glider,Azure Roller
エル,107209,Yellow Yoshi,Teddy Buggy,Paper Glider,Azure Roller
K4I,95821,Yoshi,Biddybuggy,Paper Glider,Azure Roller
Vincent,79781,Blue Yoshi,Biddybuggy,Paper Glider,Azure Roller
Vincent,79764,Blue Yoshi,Biddybuggy,Paper Glider,Azure Roller
Vincent,79715,Blue Yoshi,Biddybuggy,Paper Glider,Azure Roller
Vincent,79701,Blue Yoshi,Biddybuggy,Paper Glider,Azure Roller
Vincent,79660,Blue Yoshi,Biddybuggy,Paper Glider,Azure Roller
Vincent,79632,Blue Yoshi,Biddybuggy,Paper Glider,Azure Roller
Vincent,79576,Blue Yoshi,Biddybuggy,Paper Glider,Azure Roller
Alberto,118573,Peach,Biddybuggy,Paper Glider,Azure Roller
Alberto,102384,White Yoshi,Biddybuggy,Paper Glider,Azure Roller
Pii,97216,Yoshi,Biddybuggy,Cloud Glider,Roller
Kabkal,95755,Yoshi,Biddybuggy,Paper Glider,Azure Roller
ラス,97317,Birdo (Yellow),Cat Cruiser,Paper Glider,Azure Roller
Panda,79584,Yellow Yoshi,Biddybuggy,Paper Glider,Azure Roller
ラス,97306,Birdo (Yellow),Cat Cruiser,Paper Glider,Azure Roller
ラス,97199,Birdo (Yellow),Cat Cruiser,Paper Glider,Azure Roller
なすの,121933,Light-blue Yoshi,Teddy Buggy,Paper Glider,Azure Roller
JenZua,61934,Luigi,Inkstriker,Paper Glider,Leaf Tires
kaimin,121088,King Boo,Teddy Buggy,Paper Glider,Roller
Kabkal,95737,Yoshi,Biddybuggy,Paper Glider,Azure Roller
Kabkal,95638,Yoshi,Biddybuggy,Paper Glider,Azure Roller
Panda,115433,Yellow Yoshi,Biddybuggy,Paper Glider,Azure Roller
しらぬい,85939,Yoshi,Cat Cruiser,Paper Glider,Azure Roller
Panda,115209,Yellow Yoshi,Biddybuggy,Paper Glider,Azure Roller
Alberto,118542,White Yoshi,Biddybuggy,Paper Glider,Azure Roller
Alberto,118520,White Yoshi,Biddybuggy,Paper Glider,Azure Roller
Alberto,118500,White Yoshi,Biddybuggy,Paper Glider,Azure Roller
Alberto,118484,White Yoshi,Biddybuggy,Paper Glider,Azure Roller
Alberto,118454,White Yoshi,Biddybuggy,Paper Glider,Azure Roller
K4I,95626,Peach,Biddybuggy,Paper Glider,Azure Roller
K4I,95559,Yoshi,Biddybuggy,Paper Glider,Azure Roller
Panda,143243,Yellow Yoshi,Teddy Buggy,Paper Glider,Azure Roller
Alpaco,102761,Pink Yoshi,Mr. Scooty,Paper Glider,Azure Roller
エル,107203,Yellow Yoshi,Teddy Buggy,Paper Glider,Azure Roller
エル,107090,Yellow Yoshi,Teddy Buggy,Paper Glider,Azure Roller
Panda,127639,Morton,Teddy Buggy,Wario Wing,Cushion
Technical,86971,Champion Link,Landship,Flower Glider,Roller
Technical,86882,Champion Link,Landship,Waddle Wing,Roller
Army,73177,Peach,Teddy Buggy,Paper Glider,Azure Roller
Pii,81457,Dry Bowser,Prancer,Super Glider,Slim
grace,82111,Heavy Mii PAC-MAN,Yoshi Bike,Paper Glider,Wood
EternalX,63627,Birdo (Black),Biddybuggy,Parachute,Azure Roller
Pii,81441,Dry Bowser,Prancer,Super Glider,Slim
EternalX,63335,Birdo (Black),Biddybuggy,Parachute,Azure Roller
Alberto,63603,Birdo (Light Blue),Biddybuggy,Paper Glider,Azure Roller
Alberto,63566,Birdo (Light Blue),Biddybuggy,Paper Glider,Azure Roller
Pii,81328,Dry Bowser,Teddy Buggy,Plane Glider,Crimson Slim
JenZua,86521,Koopa Troopa,Streetle,Paper Glider,Sponge
Tane,71416,Yoshi,Biddybuggy,Cloud Glider,Azure Roller
JenZua,86493,Koopa Troopa,Streetle,Paper Glider,Sponge
ラス,97129,Birdo (Yellow),Cat Cruiser,Paper Glider,Azure Roller
fairy,87216,Yoshi,Teddy Buggy,Paper Glider,Azure Roller
Panda,79301,Yellow Yoshi,Teddy Buggy,Paper Glider,Azure Roller
Euan,62872,White Yoshi,Biddybuggy,Paper Glider,Azure Roller
JenZua,86374,Koopa Troopa,Streetle,Paper Glider,Sponge
stove,102056,Dry Bones,Biddybuggy,Cloud Glider,Roller
Panda,143140,Yellow Yoshi,Teddy Buggy,Paper Glider,Azure Roller
L,143147,Yoshi,Teddy Buggy,Peach Parasol,Azure Roller
L,143139,Yoshi,Teddy Buggy,Peach Parasol,Azure Roller
Panda,79545,Yellow Yoshi,Biddybuggy,Paper Glider,Azure Roller
Army,71367,Birdo (Green),Biddybuggy,Flower Glider,Azure Roller
Army,71299,Birdo (Green),Biddybuggy,Flower Glider,Azure Roller
Panda,79532,Yellow Yoshi,Biddybuggy,Paper Glider,Azure Roller
Jimmy,63333,Blue Yoshi,Biddybuggy,Cloud Glider,Azure Roller
Army,63254,Birdo (Green),Biddybuggy,Flower Glider,Azure Roller
Army,62978,Birdo (Green),Biddybuggy,Flower Glider,Azure Roller
Euan,62911,White Yoshi,Biddybuggy,Paper Glider,Azure Roller
Euan,62726,White Yoshi,Biddybuggy,Paper Glider,Azure Roller
Alberto,117954,Light-blue Yoshi,Teddy Buggy,Paper Glider,Azure Roller
¥146,102752,White Yoshi,Mr. Scooty,Paper Glider,Azure Roller
ラス,120471,Birdo (Yellow),Teddy Buggy,Paper Glider,Azure Roller
ain,120016,Yoshi,Teddy Buggy,Paper Glider,Azure Roller
L,143132,Yoshi,Teddy Buggy,Peach Parasol,Azure Roller
ain,120345,Pink Yoshi,Teddy Buggy,Paper Glider,Azure Roller
ain,120118,Pink Yoshi,Teddy Buggy,Paper Glider,Azure Roller
Panda,143068,Yellow Yoshi,Teddy Buggy,Paper Glider,Azure Roller
Panda,142927,Yellow Yoshi,Teddy Buggy,Paper Glider,Azure Roller
Kabkal,95524,Light-blue Yoshi,Biddybuggy,Paper Glider,Azure Roller
Army,88727,Birdo,Biddybuggy,Paper Glider,Azure Roller
Pii,80868,Black Yoshi,Biddybuggy,Paper Glider,Azure Roller
Alberto,104873,Baby Mario,Biddybuggy,Paper Glider,Azure Roller
もぺち,83743,Medium Mii Fox,Inkstriker,Paper Glider,Leaf Tires
3-UP,86857,Yoshi,Yoshi Bike,Super Glider,Roller
Technical,86760,Champion Link,Streetle,Waddle Wing,Azure Roller
Technical,86821,Champion Link,Streetle,Waddle Wing,Azure Roller
Pii,81334,Dry Bowser,Teddy Buggy,Plane Glider,Crimson Slim
Pii,97202,Blue Yoshi,Biddybuggy,Cloud Glider,Azure Roller
¥146,102671,White Yoshi,Mr. Scooty,Paper Glider,Azure Roller
Army,88716,Birdo,Biddybuggy,Paper Glider,Azure Roller
しらぬい,108307,White Yoshi,Biddybuggy,Paper Glider,Azure Roller
K4I,95359,Yoshi,Biddybuggy,Paper Glider,Azure Roller
¥146,102488,White Yoshi,Mr. Scooty,Paper Glider,Azure Roller
Panda,127543,Morton,Teddy Buggy,Wario Wing,Cushion
Panda,127452,Morton,Teddy Buggy,Wario Wing,Cushion
kwartz,56522,Dry Bowser,Mach 8,Paper Glider,Leaf Tires
Alberto,86147,Birdo (White),Cat Cruiser,Paper Glider,Azure Roller
Panda,127418,Morton,Teddy Buggy,Wario Wing,Cushion
3-UP,86685,Light-blue Yoshi,Yoshi Bike,Super Glider,Azure Roller
¥146,102342,White Yoshi,Mr. Scooty,Paper Glider,Azure Roller
Army,88619,Birdo,Biddybuggy,Paper Glider,Azure Roller
Origin,87191,Orange Yoshi,Teddy Buggy,Paper Glider,Azure Roller
Origin,87158,Orange Yoshi,Teddy Buggy,Paper Glider,Azure Roller
Army,109579,Peach,Teddy Buggy,Paper Glider,Azure Roller
Euan,62694,Orange Yoshi,Biddybuggy,Paper Glider,Azure Roller
Technical,93522,Yoshi,Teddy Buggy,Paper Glider,Azure Roller
grace,87459,Wario,Yoshi Bike,Gold Glider,Sponge
Panda,115870,Yellow Yoshi,Biddybuggy,Paper Glider,Azure Roller
Panda,116066,Dry Bones,Biddybuggy,Paper Glider,Azure Roller
Panda,116048,Dry Bones,Biddybuggy,Paper Glider,Azure Roller
Panda,116023,Dry Bones,Biddybuggy,Paper Glider,Azure Roller
Panda,116000,Yellow Yoshi,Biddybuggy,Paper Glider,Azure Roller
Panda,115825,Yellow Yoshi,Biddybuggy,Paper Glider,Azure Roller
Panda,107019,Yellow Yoshi,Biddybuggy,Paper Glider,Azure Roller
Panda,107002,Yellow Yoshi,Biddybuggy,Paper Glider,Azure Roller
JenZua,73209,Orange Yoshi,Teddy Buggy,Paper Glider,Azure Roller
¥146,102459,White Yoshi,Mr. Scooty,Paper Glider,Azure Roller
¥146,102300,White Yoshi,Mr. Scooty,Paper Glider,Azure Roller
Alberto,85552,Yoshi,Biddybuggy,Paper Glider,Azure Roller
ain,120078,Light-blue Yoshi,Teddy Buggy,Paper Glider,Azure Roller
Army,85691,Birdo,Biddybuggy,Paper Glider,Azure Roller
ain,119967,Yoshi,Teddy Buggy,Paper Glider,Azure Roller
Alberto,85674,White Yoshi,Biddybuggy,Paper Glider,Azure Roller
Alberto,85560,Birdo (White),Biddybuggy,Paper Glider,Azure Roller
Alberto,104811,Dry Bones,Biddybuggy,Paper Glider,Azure Roller
クローリン,101838,Pink Yoshi,Biddybuggy,Paper Glider,Azure Roller
Vincent,79511,Blue Yoshi,Biddybuggy,Paper Glider,Azure Roller
しらぬい,105904,Black Yoshi,Biddybuggy,Paper Glider,Azure Roller
Pii,97004,White Yoshi,Biddybuggy,Paper Glider,Azure Roller
fairy,87122,Yellow Yoshi,Teddy Buggy,Paper Glider,Azure Roller
kaimin,121057,King Boo,Teddy Buggy,Paper Glider,Roller
Calcaire,118431,King Boo,Teddy Buggy,Paper Glider,Azure Roller
もぺち,83721,Medium Mii Peach,Inkstriker,Paper Glider,Leaf Tires
Alberto,86082,Light-blue Yoshi,Cat Cruiser,Paper Glider,Azure Roller
Alberto,86123,Light-blue Yoshi,Cat Cruiser,Paper Glider,Azure Roller
Alberto,86069,Light-blue Yoshi,Cat Cruiser,Paper Glider,Azure Roller
Alberto,86071,Light-blue Yoshi,Cat Cruiser,Paper Glider,Azure Roller
JenZua,86415,Koopa Troopa,Streetle,Paper Glider,Sponge
Alberto,85959,Light-blue Yoshi,Cat Cruiser,Paper Glider,Azure Roller
JenZua,86407,Koopa Troopa,Streetle,Paper Glider,Sponge
Panda,79405,Yellow Yoshi,Teddy Buggy,Paper Glider,Azure Roller
JenZua,86279,Koopa Troopa,Streetle,Paper Glider,Sponge
Pii,56512,Dry Bowser,Mach 8,Paper Glider,Leaf Tires
Alberto,56508,Dry Bowser,Mach 8,Paper Glider,Leaf Tires
Alberto,56507,Dry Bowser,Mach 8,Paper Glider,Leaf Tires
Alberto,56498,Dry Bowser,Mach 8,Paper Glider,Leaf Tires
Army,71260,Birdo,Biddybuggy,Paper Glider,Azure Roller
Army,71196,Birdo,Biddybuggy,Paper Glider,Azure Roller
EternalX,62663,Black Yoshi,Biddybuggy,Flower Glider,Azure Roller
EternalX,62631,Black Yoshi,Biddybuggy,Parachute,Azure Roller
EternalX,62605,Black Yoshi,Biddybuggy,Parachute,Azure Roller
EternalX,62583,Black Yoshi,Biddybuggy,Parachute,Azure Roller
EternalX,62551,Black Yoshi,Biddybuggy,Parachute,Azure Roller
EternalX,44748,Baby Daisy,Mr. Scooty,Parachute,Button
Technical,93108,Birdo,Cat Cruiser,Flower Glider,Roller
grace,73209,Luigi,Teddy Buggy,Paper Glider,Azure Roller
Technical,73096,Yoshi,Teddy Buggy,Paper Glider,Azure Roller
Technical,81318,Luigi,Inkstriker,Paper Glider,Button
Doodle,59060,King Boo,Koopa Clown,Super Glider,Sponge
Alberto,73074,Birdo (White),Teddy Buggy,Paper Glider,Azure Roller
Alberto,73035,Birdo (White),Teddy Buggy,Paper Glider,Azure Roller
Alberto,73029,Birdo (White),Teddy Buggy,Paper Glider,Azure Roller
Army,59007,King Boo,Koopa Clown,Super Glider,Sponge
Army,58880,King Boo,Koopa Clown,Super Glider,Sponge
Alberto,73000,Birdo (White),Teddy Buggy,Paper Glider,Azure Roller
Alberto,72979,Birdo (Green),Teddy Buggy,Paper Glider,Azure Roller
Alberto,72962,Birdo (Green),Teddy Buggy,Paper Glider,Azure Roller
F。,115131,Birdo (Red),Biddybuggy,Paper Glider,Azure Roller
Gazelle,115851,Pink Yoshi,Mach 8,Paper Glider,Azure Roller
Alberto,115755,Luigi,Sports Coupe,Paper Glider,Azure Roller
Alberto,115646,Luigi,Mach 8,Paper Glider,Azure Roller
Alberto,85906,White Yoshi,Cat Cruiser,Paper Glider,Azure Roller
Army,112599,King Boo,Teddy Buggy,Paper Glider,Azure Roller
ろーる,72890,Heavy Mii,Mach 8,Paper Glider,Leaf Tires
Vincent,85878,Blue Yoshi,Cat Cruiser,Paper Glider,Azure Roller
Alberto,105696,White Yoshi,Biddybuggy,Paper Glider,Azure Roller
Braydon,105211,Birdo (Light Blue),Biddybuggy,Parachute,Azure Roller
Alberto,115622,Iggy,Mach 8,Paper Glider,Azure Roller
¥146,102269,White Yoshi,Mr. Scooty,Paper Glider,Azure Roller
Army,105073,Peach,Biddybuggy,Paper Glider,Azure Roller
しらぬい,99696,White Yoshi,Biddybuggy,Paper Glider,Azure Roller
Alberto,115581,Iggy,Mach 8,Paper Glider,Azure Roller
しらぬい,115600,Luigi,Sports Coupe,Paper Glider,Azure Roller
ふぐヲ,122367,Wario,Mach 8,Paraglider,Crimson Slim
Kabkal,95358,Light-blue Yoshi,Biddybuggy,Paper Glider,Azure Roller
Pii,118666,Birdo (Orange),Biddybuggy,Paper Glider,Azure Roller
Pii,115551,Peach,Teddy Buggy,Cloud Glider,Azure Roller
しらぬい,99680,Blue Yoshi,Biddybuggy,Paper Glider,Azure Roller
しらぬい,99673,Yellow Yoshi,Biddybuggy,Paper Glider,Azure Roller
しらぬい,99636,Yoshi,Biddybuggy,Paper Glider,Azure Roller
Pii,85555,Yellow Yoshi,Biddybuggy,Paper Glider,Azure Roller
Alberto,118582,Peach,Biddybuggy,Paper Glider,Azure Roller
Alberto,117908,Black Yoshi,Biddybuggy,Paper Glider,Azure Roller
Alberto,106556,Light-blue Yoshi,Biddybuggy,Paper Glider,Azure Roller
Army,82757,Birdo (Yellow),Biddybuggy,Paper Glider,Azure Roller
Alberto,108473,Birdo (Green),Biddybuggy,Paper Glider,Azure Roller
Army,59623,Luigi ,Biddybuggy,Paper Glider,Button
Army,59526,Luigi ,Biddybuggy,Paper Glider,Button
Army,59590,Luigi ,Biddybuggy,Paper Glider,Button
Army,106849,Peach,Biddybuggy,Paper Glider,Azure Roller
Alberto,85523,Yoshi,Biddybuggy,Paper Glider,Azure Roller
JenZua,80185,Luigi,Teddy Buggy,Paper Glider,Azure Roller
JenZua,80107,Luigi,Teddy Buggy,Paper Glider,Azure Roller
Army,81936,King Boo,Teddy Buggy,Super Glider,Crimson Slim
しらぬい,99609,Light-blue Yoshi,Biddybuggy,Cloud Glider,Azure Roller
しらぬい,99509,Light-blue Yoshi,Biddybuggy,Cloud Glider,Azure Roller
Vincent,84491,Wario,Standard Kart,Super Glider,Crimson Slim
Calcaire,118342,King Boo,Teddy Buggy,Paper Glider,Azure Roller
しらぬい,122192,Pink Yoshi,Biddybuggy,Paper Glider,Azure Roller
Calcaire,118348,King Boo,Teddy Buggy,Paper Glider,Azure Roller
Army,84466,Wario,Standard Kart,Super Glider,Crimson Slim
Technical,95302,Yoshi,Biddybuggy,Paper Glider,Roller
Technical,95298,Yoshi,Biddybuggy,Paper Glider,Roller
¥146,102235,White Yoshi,Mr. Scooty,Paper Glider,Azure Roller
Alberto,119776,Luigi,Inkstriker,Paper Glider,Azure Roller
Alberto,119551,Luigi,Inkstriker,Paper Glider,Azure Roller
Alberto,108307,White Yoshi,Biddybuggy,Paper Glider,Azure Roller
Kabkal,95234,Light-blue Yoshi,Biddybuggy,Paper Glider,Azure Roller
Kabkal,95088,Light-blue Yoshi,Biddybuggy,Paper Glider,Azure Roller
Alberto,122938,Peach,Biddybuggy,Paper Glider,Azure Roller
Alberto,113612,Yellow Yoshi,Biddybuggy,Paper Glider,Azure Roller
Alberto,113539,Yellow Yoshi,Biddybuggy,Paper Glider,Azure Roller
¥146,102191,White Yoshi,Mr. Scooty,Paper Glider,Azure Roller
Kabkal,95273,Light-blue Yoshi,Biddybuggy,Paper Glider,Azure Roller
Alberto,99501,White Yoshi,Mr. Scooty,Paper Glider,Azure Roller
Kabkal,95120,Light-blue Yoshi,Biddybuggy,Paper Glider,Azure Roller
Vincent,79510,Blue Yoshi,Biddybuggy,Paper Glider,Azure Roller
Vincent,79469,Blue Yoshi,Biddybuggy,Paper Glider,Azure Roller
しらぬい,105724,Light-blue Yoshi,Biddybuggy,Paper Glider,Azure Roller
Alberto,83981,White Yoshi,Biddybuggy,Paper Glider,Azure Roller
Panda,77144,Rosalina,Streetle,Parachute,Sponge
Vincent,84380,Wario,Standard Kart,Super Glider,Crimson Slim
stove,76153,Birdo (Black),Mach 8,Cloud Glider,Azure Roller
Alberto,76080,King Boo,Cat Cruiser,Paper Glider,Azure Roller
Alberto,75853,King Boo,Cat Cruiser,Paper Glider,Azure Roller
JenZua,79965,Luigi,Teddy Buggy,Paper Glider,Azure Roller
Technical,91519,Luigi,Biddybuggy,Paper Glider,Azure Roller
Alberto,82135,Luigi,Teddy Buggy,Paper Glider,Azure Roller
Alberto,82010,Luigi,Teddy Buggy,Paper Glider,Azure Roller
Alberto,115546,Birdo (White),Teddy Buggy,Paper Glider,Azure Roller
Alberto,105489,White Yoshi,Biddybuggy,Paper Glider,Azure Roller
Alberto,115277,Birdo (White),Teddy Buggy,Paper Glider,Azure Roller
Yerson,101691,Yoshi,Biddybuggy,Paper Glider,Roller
F。,115119,Birdo (Red),Biddybuggy,Paper Glider,Azure Roller
grace,82090,Heavy Mii Bowser,Yoshi Bike,Paper Glider,Wood
Army,90917,Peach,Teddy Buggy,Paper Glider,Azure Roller
Alberto,85568,White Yoshi,Biddybuggy,Paper Glider,Azure Roller
Army,90895,Peach,Teddy Buggy,Paper Glider,Azure Roller
Nico4132,76496,Wario,Sport Bike,Super Glider,Metal
Alberto,100175,Dry Bones,Biddybuggy,Paper Glider,Azure Roller
Alberto,104893,White Yoshi,Biddybuggy,Paper Glider,Azure Roller
Byron,86925,Peach,Teddy Buggy,Paper Glider,Azure Roller
Alberto,87031,White Yoshi,Teddy Buggy,Paper Glider,Azure Roller
Alberto,78863,Wario,Inkstriker,Paper Glider,Crimson Slim
Alberto,78816,Wario,Inkstriker,Paper Glider,Crimson Slim
Alberto,78756,Wario,Inkstriker,Paper Glider,Crimson Slim
Alberto,86979,White Yoshi,Teddy Buggy,Paper Glider,Azure Roller
Mana,100237,Daisy,Biddybuggy,Paper Glider,Roller
Alberto,76591,White Yoshi,Streetle,Paper Glider,Sponge
Alberto,78742,Wario,Inkstriker,Paper Glider,Crimson Slim
Braydon,90827,Daisy,Teddy Buggy,Parachute,Azure Roller
Alberto,104738,White Yoshi,Biddybuggy,Paper Glider,Azure Roller
Alberto,100207,Dry Bones,Biddybuggy,Paper Glider,Azure Roller
Army,76395,Wario,Sport Bike,Super Glider,Metal
kaimin,120994,King Boo,Sports Coupe,Paper Glider,Roller
StervtL,110847,Light-blue Yoshi,Teddy Buggy,Paper Glider,Azure Roller
Alberto,78629,Wario,Inkstriker,Paper Glider,Crimson Slim
StervtL,110928,Light-blue Yoshi,Teddy Buggy,Paper Glider,Azure Roller
¥146,102171,Birdo (White),Mr. Scooty,Paper Glider,Azure Roller
Alberto,96680,White Yoshi,Biddybuggy,Paper Glider,Azure Roller
Army,96471,Peach,Biddybuggy,Paper Glider,Azure Roller
Army,96296,Peach,Biddybuggy,Paper Glider,Azure Roller
Army,96287,Peach,Biddybuggy,Paper Glider,Azure Roller
Army,96101,Peach,Biddybuggy,Paper Glider,Azure Roller
Alberto,86926,White Yoshi,Teddy Buggy,Paper Glider,Azure Roller
Alberto,86910,White Yoshi,Teddy Buggy,Paper Glider,Azure Roller
Alberto,86752,White Yoshi,Teddy Buggy,Paper Glider,Azure Roller
Army,90754,Peach,Teddy Buggy,Paper Glider,Azure Roller
grace,82088,Heavy Mii Bowser,Yoshi Bike,Paper Glider,Wood
kaimin,121017,King Boo,Teddy Buggy,Paper Glider,Roller
Army,95976,Peach,Biddybuggy,Paper Glider,Azure Roller
grace,82032,Heavy Mii Bowser,Yoshi Bike,Paper Glider,Wood
StervtL,110820,Light-blue Yoshi,Teddy Buggy,Paper Glider,Azure Roller
StervtL,110812,Light-blue Yoshi,Teddy Buggy,Paper Glider,Azure Roller
StervtL,110796,Light-blue Yoshi,Teddy Buggy,Paper Glider,Azure Roller
F。,115000,Birdo (Red),Biddybuggy,Paper Glider,Azure Roller
Alberto,115509,Birdo (White),Biddybuggy,Paper Glider,Azure Roller
F。,114912,Birdo (Red),Biddybuggy,Paper Glider,Azure Roller
Alberto,78728,Wario,Inkstriker,Paper Glider,Crimson Slim
Army,96100,Peach,Biddybuggy,Paper Glider,Azure Roller
Kabkal,94993,Light-blue Yoshi,Biddybuggy,Paper Glider,Azure Roller
Byron,119954,Pink Yoshi,Teddy Buggy,Paper Glider,Azure Roller
Panda,87483,Rosalina,Teddy Buggy,Paper Glider,Azure Roller
Panda,87316,Rosalina,Teddy Buggy,Paper Glider,Azure Roller
Panda,122853,Yellow Yoshi,Biddybuggy,Paper Glider,Azure Roller
Panda,85568,Yellow Yoshi,Biddybuggy,Paper Glider,Azure Roller
Panda,110129,Yellow Yoshi,Biddybuggy,Paper Glider,Azure Roller
Yerson,115887,White Yoshi,Teddy Buggy,Paper Glider,Roller
Technical,92713,Peach,Teddy Buggy,Cloud Glider,Azure Roller
しらぬい,118713,Yellow Yoshi,Biddybuggy,Paper Glider,Azure Roller
Prometheus,115841,Birdo (Light Blue),Teddy Buggy,Paper Glider,Azure Roller
Panda,101813,Yellow Yoshi,Biddybuggy,Paper Glider,Azure Roller
Panda,101757,Yellow Yoshi,Biddybuggy,Paper Glider,Azure Roller
Pii,118602,Blue Yoshi,Biddybuggy,Paper Glider,Azure Roller
Pii,118558,Blue Yoshi,Biddybuggy,Paper Glider,Azure Roller
Alberto,106913,White Yoshi,Biddybuggy,Paper Glider,Azure Roller
Alberto,106858,White Yoshi,Biddybuggy,Paper Glider,Azure Roller
Alberto,106625,White Yoshi,Biddybuggy,Paper Glider,Azure Roller
Alberto,110061,White Yoshi,Biddybuggy,Paper Glider,Azure Roller
Alberto,109954,White Yoshi,Biddybuggy,Paper Glider,Azure Roller
Vincent,79406,Blue Yoshi,Biddybuggy,Paper Glider,Azure Roller
grace,82025,Heavy Mii Bowser,Yoshi Bike,Paper Glider,Wood
grace,82011,Heavy Mii Bowser,Yoshi Bike,Paper Glider,Wood
grace,81982,Heavy Mii Bowser,Yoshi Bike,Paper Glider,Wood
Technical,84380,Luigi,Teddy Buggy,Super Glider,Slim
Technical,84367,Luigi,Teddy Buggy,Super Glider,Slim
Alberto,84359,Luigi,Teddy Buggy,Super Glider,Crimson Slim
Alberto,84341,Luigi,Teddy Buggy,Super Glider,Crimson Slim
Alberto,84322,Luigi,Teddy Buggy,Super Glider,Crimson Slim
Alberto,84160,Luigi,Teddy Buggy,Super Glider,Crimson Slim
ろーる,74226,White Yoshi,Teddy Buggy,Paper Glider,Azure Roller
Alberto,76570,White Yoshi,Streetle,Paper Glider,Sponge
Panda,86376,Yellow Yoshi,Biddybuggy,Paper Glider,Azure Roller
Panda,86308,Yellow Yoshi,Biddybuggy,Paper Glider,Azure Roller
Panda,86249,Yellow Yoshi,Biddybuggy,Paper Glider,Azure Roller
Panda,86213,Yellow Yoshi,Biddybuggy,Paper Glider,Azure Roller
Panda,86116,Yellow Yoshi,Biddybuggy,Paper Glider,Azure Roller
Panda,86108,Yellow Yoshi,Biddybuggy,Paper Glider,Azure Roller
grace,84994,Wario,Mach 8,Gold Glider,Crimson Slim
Prometheus,114900,Birdo (Blue),Biddybuggy,Paper Glider,Azure Roller
Technical,86526,Champion Link,Streetle,Super Glider,Azure Roller
なすの,121824,Black Yoshi,Teddy Buggy,Paper Glider,Azure Roller
Alpaco,118553,Pink Yoshi,Biddybuggy,Paper Glider,Azure Roller
Alberto,76568,Birdo (White),Streetle,Paper Glider,Sponge
Alberto,76524,Birdo (White),Streetle,Paper Glider,Sponge
F。,114618,Birdo (Red),Biddybuggy,Paper Glider,Azure Roller
ありす,101784,Yoshi,Biddybuggy,Parachute,Roller
F。,114587,Birdo (Red),Biddybuggy,Paper Glider,Azure Roller
Technical,67677,Champion Link,Landship,Flower Glider,Azure Roller
Alberto,56492,Dry Bowser,Mach 8,Paper Glider,Leaf Tires
kwartz,56496,Dry Bowser,Mach 8,Paper Glider,Leaf Tires
Gudichap,80398,Birdo (White),Teddy Buggy,Paper Glider,Azure Roller
Pii,118534,Blue Yoshi,Biddybuggy,Paper Glider,Azure Roller
Technical,67620,Champion Link,Landship,Flower Glider,Azure Roller
Technical,69726,Dry Bowser,Mach 8,Gold Glider,Crimson Slim
Technical,69662,Dry Bowser,Mach 8,Gold Glider,Crimson Slim
Technical,69686,Dry Bowser,Mach 8,Gold Glider,Crimson Slim
Technical,67543,Champion Link,Landship,Flower Glider,Azure Roller
Alberto,76501,White Yoshi,Streetle,Paper Glider,Sponge
Alberto,76403,Peach,Streetle,Paper Glider,Sponge
Panda,81317,Dry Bowser,Teddy Buggy,Wario Wing,Crimson Slim
Panda,81296,Dry Bowser,Teddy Buggy,Wario Wing,Crimson Slim
Panda,81271,Dry Bowser,Teddy Buggy,Wario Wing,Crimson Slim
Alberto,84990,Heavy Mii Wario,Mach 8,Wario Wing,Crimson Slim
Alberto,84989,Bowser,Mach 8,Gold Glider,Crimson Slim
grace,87404,Wario,Yoshi Bike,Gold Glider,Sponge
grace,87392,Wario,Yoshi Bike,Gold Glider,Sponge
Army,80306,Luigi,Teddy Buggy,Paper Glider,Azure Roller
Army,80140,Luigi,Teddy Buggy,Paper Glider,Azure Roller
Byron,119962,Pink Yoshi,Teddy Buggy,Paper Glider,Azure Roller
Byron,119928,Peach,Teddy Buggy,Paper Glider,Azure Roller
Byron,119825,Light-blue Yoshi,Teddy Buggy,Paper Glider,Azure Roller
Byron,119826,Blue Yoshi,Teddy Buggy,Flower Glider,Azure Roller
Technical,92260,White Yoshi,Teddy Buggy,Cloud Glider,Blue Standard
Calcaire,118341,King Boo,Teddy Buggy,Paper Glider,Azure Roller
Calcaire,118173,King Boo,Teddy Buggy,Paper Glider,Azure Roller
Calcaire,118115,King Boo,Teddy Buggy,Paper Glider,Azure Roller
Vincent,118395,Yellow Yoshi,Biddybuggy,Paper Glider,Azure Roller
Vincent,118192,Yellow Yoshi,Biddybuggy,Paper Glider,Azure Roller
Vincent,118280,Yellow Yoshi,Biddybuggy,Paper Glider,Azure Roller
Technical,69634,Dry Bowser,Mach 8,Gold Glider,Crimson Slim
Vincent,118201,Yellow Yoshi,Biddybuggy,Paper Glider,Azure Roller
Vincent,118007,Red Yoshi,Biddybuggy,Paper Glider,Azure Roller
なすの,121794,Blue Yoshi,Teddy Buggy,Paper Glider,Azure Roller
Army,88574,Wario,Sport Bike,Super Glider,Metal
grace,87365,Wario,Yoshi Bike,Gold Glider,Sponge
kwartz,56487,Dry Bowser,Mach 8,Paper Glider,Leaf Tires
grace,87316,Wario,Yoshi Bike,Plane Glider,Sponge
Vincent,118147,Yellow Yoshi,Biddybuggy,Paper Glider,Azure Roller
Alberto,116927,King Boo,Teddy Buggy,Paper Glider,Azure Roller
Alberto,116857,King Boo,Teddy Buggy,Paper Glider,Azure Roller
Alberto,116809,King Boo,Teddy Buggy,Paper Glider,Azure Roller
Alberto,116764,King Boo,Teddy Buggy,Paper Glider,Azure Roller
Alberto,116729,King Boo,Teddy Buggy,Paper Glider,Azure Roller
Alberto,116726,King Boo,Teddy Buggy,Paper Glider,Azure Roller
Alberto,116674,King Boo,Teddy Buggy,Paper Glider,Azure Roller
Alberto,117652,Yoshi,Teddy Buggy,Paper Glider,Azure Roller
Pii,118313,Blue Yoshi,Biddybuggy,Paper Glider,Azure Roller
ヨシ,119010,Champion Link,Teddy Buggy,Paper Glider,Roller
Vincent,117865,Red Yoshi,Biddybuggy,Paper Glider,Azure Roller
Vincent,117740,Red Yoshi,Biddybuggy,Paper Glider,Azure Roller
Vincent,117655,Red Yoshi,Biddybuggy,Paper Glider,Azure Roller
Pii,85466,White Yoshi,Mr. Scooty,Paper Glider,Azure Roller
Pii,122101,Black Yoshi,Biddybuggy,Cloud Glider,Azure Roller
Pii,122047,Black Yoshi,Biddybuggy,Cloud Glider,Azure Roller
Army,121951,Peach,Biddybuggy,Paper Glider,Azure Roller
Calcaire,117924,Light-blue Yoshi,Teddy Buggy,Paper Glider,GLA Tires
Army,88528,Wario,Sport Bike,Super Glider,Metal
Army,86073,King Boo,Teddy Buggy,Super Glider,Sponge
JenZua,74128,Luigi,Teddy Buggy,Paper Glider,Azure Roller
grace,61643,Rosalina,Sports Coupe,Super Glider,Cushion
しらぬい,74067,Luigi,Teddy Buggy,Paper Glider,Azure Roller
Panda,61575,Rosalina,Sports Coupe,Super Glider,Cushion
grace,61635,Champion Link,Sports Coupe,Super Glider,Cushion
grace,61617,Rosalina,Sports Coupe,Super Glider,Cushion
grace,61578,King Boo,Sports Coupe,Super Glider,Cushion
Panda,61577,Rosalina,Sports Coupe,Super Glider,Cushion
Panda,61508,Rosalina,Sports Coupe,Super Glider,Cushion
Panda,61556,Rosalina,Sports Coupe,Super Glider,Cushion
Panda,61499,Rosalina,Sports Coupe,Super Glider,Cushion
Panda,61504,Rosalina,Sports Coupe,Super Glider,Cushion
Panda,61460,Rosalina,Sports Coupe,Super Glider,Cushion
Panda,61461,Rosalina,Sports Coupe,Super Glider,Cushion
Alberto,81252,Dry Bowser,Teddy Buggy,Gold Glider,Crimson Slim
Panda,61485,Rosalina,Sports Coupe,Super Glider,Cushion
Alberto,56487,Dry Bowser,Mach 8,Paper Glider,Leaf Tires
Technical,67496,Champion Link,Landship,Flower Glider,Azure Roller
Alberto,67403,Luigi,Streetle,Paper Glider,Azure Roller
Alberto,67417,Luigi,Streetle,Paper Glider,Azure Roller
Alberto,67284,Luigi,Streetle,Paper Glider,Azure Roller
Alberto,67301,Luigi,Streetle,Paper Glider,Azure Roller
Technical,83541,Luigi,Teddy Buggy,Super Glider,Slim 
Technical,67255,Luigi,Landship,Flower Glider,Azure Roller
Technical,67142,Luigi,Landship,Flower Glider,Azure Roller
Miguel,67122,Iggy,Landship,Paper Glider,Azure Roller
Technical,83462,Luigi,Teddy Buggy,Super Glider,Slim
Alberto,67067,Luigi,Landship,Paper Glider,Azure Roller
F。,114447,Black Yoshi,Biddybuggy,Paper Glider,Azure Roller
Army,107069,Peach,Teddy Buggy,Paper Glider,Azure Roller
F。,114324,Black Yoshi,Biddybuggy,Paper Glider,Azure Roller
Byron,94390,Rosalina,Cat Cruiser,Paper Glider,Cushion
F。,114225,Black Yoshi,Biddybuggy,Paper Glider,Azure Roller
Army,80823,Peach,Biddybuggy,Paper Glider,Azure Roller
Pii,80707,Blue Yoshi,Biddybuggy,Flower Glider,Azure Roller
Alberto,67033,Luigi,Landship,Paper Glider,Azure Roller
Alberto,67065,Luigi,Landship,Paper Glider,Azure Roller
Alberto,66981,Luigi,Landship,Paper Glider,Azure Roller
Alberto,66961,Luigi,Landship,Paper Glider,Azure Roller
Draygo,79549,Rosalina,Inkstriker,Cloud Glider,Leaf Tires
3-UP,86483,Black Yoshi,Yoshi Bike,Super Glider,Roller
Alberto,64515,Koopa Troopa,Streetle,Paper Glider,Cushion
¥146,111039,Luigi,Mach 8,Paper Glider,Leaf Tires
しらぬい,117593,Blue Yoshi,Teddy Buggy,Paper Glider,Azure Roller
Army,80533,Peach,Biddybuggy,Paper Glider,Azure Roller
Army,80576,Peach,Biddybuggy,Paper Glider,Azure Roller
Panda,102161,Yellow Yoshi,Mr. Scooty,Paper Glider,Azure Roller
Alberto,85458,Light-blue Yoshi,Mr. Scooty,Paper Glider,Azure Roller
Alberto,85408,Light-blue Yoshi,Mr. Scooty,Paper Glider,Azure Roller
Alberto,85399,Light-blue Yoshi,Mr. Scooty,Paper Glider,Azure Roller
Army,80527,Peach,Biddybuggy,Paper Glider,Azure Roller
Alberto,85361,Light-blue Yoshi,Mr. Scooty,Paper Glider,Azure Roller
Alberto,85313,Light-blue Yoshi,Mr. Scooty,Paper Glider,Azure Roller
Alberto,85309,Light-blue Yoshi,Mr. Scooty,Paper Glider,Azure Roller
Alberto,85280,Light-blue Yoshi,Mr. Scooty,Paper Glider,Azure Roller
Alberto,85231,Light-blue Yoshi,Mr. Scooty,Paper Glider,Azure Roller
Alberto,66899,Ludwig,Landship,Paper Glider,Azure Roller
Technical,86192,Koopa Troopa,Streetle,Flower Glider,Sponge
Yerson,115742,Yoshi,Teddy Buggy,Paper Glider,Roller
JenZua,86043,Koopa Troopa,Streetle,Paper Glider,Sponge
Byron,94359,King Boo,Cat Cruiser,Paper Glider,Cushion
F。,114133,Black Yoshi,Biddybuggy,Paper Glider,Azure Roller
F。,114120,Black Yoshi,Biddybuggy,Paper Glider,Azure Roller
しらぬい,117463,White Yoshi,Teddy Buggy,Paper Glider,Azure Roller
Panda,102082,Yellow Yoshi,Mr. Scooty,Paper Glider,Azure Roller
Alberto,117441,Light-blue Yoshi,Teddy Buggy,Paper Glider,Azure Roller
Alberto,73148,Light-blue Yoshi,Teddy Buggy,Paper Glider,Azure Roller
Alberto,73125,Light-blue Yoshi,Teddy Buggy,Paper Glider,Azure Roller
Alberto,73045,Light-blue Yoshi,Teddy Buggy,Paper Glider,Azure Roller
Alberto,72953,Light-blue Yoshi,Teddy Buggy,Paper Glider,Azure Roller
Army,71109,Peach,Biddybuggy,Paper Glider,Azure Roller
JenZua,86109,Koopa Troopa,Streetle,Paper Glider,Sponge
Army,70963,Peach,Biddybuggy,Paper Glider,Azure Roller
JenZua,85964,Koopa Troopa,Streetle,Paper Glider,Sponge
JenZua,85834,Koopa Troopa,Streetle,Paper Glider,Sponge
JenZua,85758,Koopa Troopa,Streetle,Paper Glider,Sponge
Technical,86406,King Boo,Streetle,Super Glider,Azure Roller
Technical,86475,Champion Link,Streetle,Super Glider,Azure Roller
Panda,102071,Yellow Yoshi,Mr. Scooty,Paper Glider,Azure Roller
Panda,102021,Yellow Yoshi,Mr. Scooty,Paper Glider,Azure Roller
Panda,102016,Yellow Yoshi,Mr. Scooty,Paper Glider,Azure Roller
Panda,101954,Yellow Yoshi,Mr. Scooty,Paper Glider,Azure Roller
Alberto,109767,Light-blue Yoshi,Biddybuggy,Paper Glider,Azure Roller
Alberto,117399,Light-blue Yoshi,Teddy Buggy,Paper Glider,Azure Roller
F。,114024,Black Yoshi,Biddybuggy,Paper Glider,Azure Roller
JenZua,64542,Orange Yoshi,Biddybuggy,Paper Glider,Azure Roller
Alberto,109848,Light-blue Yoshi,Biddybuggy,Paper Glider,Azure Roller
ラス,112294,Pink Yoshi,Biddybuggy,Paper Glider,Azure Roller
ラス,112140,Pink Yoshi,Biddybuggy,Paper Glider,Azure Roller
F。,113974,Black Yoshi,Biddybuggy,Paper Glider,Azure Roller
はるいろ,112835,Black Yoshi,Streetle,Paper Glider,Azure Roller
ラス,112496,Blue Yoshi,Teddy Buggy,Paper Glider,Wood
Panda,94987,Yellow Yoshi,Biddybuggy,Paper Glider,Azure Roller
Technical,92642,Peach,Teddy Buggy,Flower Glider,Standard
Technical,92389,Peach,Teddy Buggy,Cloud Glider,Blue Standard
Alberto,113499,Light-blue Yoshi,Biddybuggy,Paper Glider,Azure Roller
Byron,119789,Blue Yoshi,Teddy Buggy,Paper Glider,Azure Roller
しらぬい,83475,White Yoshi,Biddybuggy,Paper Glider,Azure Roller
はるいろ,112762,Pink Yoshi,Streetle,Paper Glider,Azure Roller
SorNano,83496,Wario,Mach 8,Paper Glider,Leaf Tires
Pii,96957,Yellow Yoshi,Biddybuggy,Paper Glider,Azure Roller
はるいろ,112708,Yoshi,Streetle,Paper Glider,Azure Roller
Panda,94986,Yellow Yoshi,Biddybuggy,Paper Glider,Azure Roller
Panda,94908,Yellow Yoshi,Biddybuggy,Paper Glider,Azure Roller
Jøsee,117806,White Yoshi,Teddy Buggy,Cloud Glider,GLA Tires
Alberto,75967,Light-blue Yoshi,Landship,Paper Glider,Azure Roller
Alberto,75896,Light-blue Yoshi,Landship,Paper Glider,Azure Roller
Alberto,75864,Light-blue Yoshi,Landship,Paper Glider,Azure Roller
Alberto,75820,Light-blue Yoshi,Landship,Paper Glider,Azure Roller
Alberto,75795,Red Yoshi,Landship,Paper Glider,Azure Roller
Alberto,75752,Yellow Yoshi,Landship,Paper Glider,Azure Roller
Alberto,75746,Yellow Yoshi,Landship,Paper Glider,Azure Roller
Alberto,75684,Yellow Yoshi,Landship,Paper Glider,Azure Roller
Vincent,108764,Wario,Gold Standard,Gold Glider,Crimson Slim
alpha,62151,Pink Yoshi,Teddy Buggy,Paper Glider,Azure Roller
Alberto,62127,Blue Yoshi,Teddy Buggy,Paper Glider,Azure Roller
alpha,62097,Pink Yoshi,Teddy Buggy,Flower Glider,Azure Roller
Alberto,62093,Blue Yoshi,Teddy Buggy,Paper Glider,Azure Roller
Vincent,80256,Red Yoshi,Teddy Buggy,Paper Glider,Azure Roller
Vincent,80170,Red Yoshi,Teddy Buggy,Paper Glider,Azure Roller
Vincent,80095,Red Yoshi,Teddy Buggy,Paper Glider,Azure Roller
Vincent,80040,Red Yoshi,Teddy Buggy,Paper Glider,Azure Roller
Vincent,79997,Red Yoshi,Teddy Buggy,Paper Glider,Azure Roller
Vincent,79905,Red Yoshi,Teddy Buggy,Paper Glider,Azure Roller
Panda,94847,Yellow Yoshi,Biddybuggy,Paper Glider,Azure Roller
Army,86018,King Boo,Teddy Buggy,Super Glider,Azure Roller
Vincent,79869,White Yoshi,Teddy Buggy,Paper Glider,Azure Roller
StervtL,110718,Light-blue Yoshi,Teddy Buggy,Paper Glider,Azure Roller
StervtL,110710,Light-blue Yoshi,Teddy Buggy,Paper Glider,Azure Roller
StervtL,110687,Light-blue Yoshi,Teddy Buggy,Paper Glider,Azure Roller
Alberto,112405,Light-blue Yoshi,Teddy Buggy,Paper Glider,Azure Roller
Alberto,112089,Light-blue Yoshi,Teddy Buggy,Paper Glider,Azure Roller
Alberto,112082,Light-blue Yoshi,Teddy Buggy,Paper Glider,Azure Roller
stove,101748,Red Yoshi,Biddybuggy,Paper Glider,Roller
Alberto,112021,Light-blue Yoshi,Teddy Buggy,Paper Glider,Azure Roller
Alberto,111951,Light-blue Yoshi,Teddy Buggy,Paper Glider,Azure Roller
Alberto,111902,Light-blue Yoshi,Teddy Buggy,Paper Glider,Azure Roller
SorNano,83455,Wario,Mach 8,Paper Glider,Leaf Tires
クローリン,83443,Pink Yoshi,Biddybuggy,Paper Glider,Roller
Panda,94766,Yellow Yoshi,Biddybuggy,Paper Glider,Azure Roller
k,117297,Yoshi,Teddy Buggy,Paper Glider,GLA Tires
StervtL,110667,Light-blue Yoshi,Teddy Buggy,Paper Glider,Azure Roller
クローリン,83414,Pink Yoshi,Biddybuggy,Paper Glider,Roller
Alberto,111892,Light-blue Yoshi,Teddy Buggy,Paper Glider,Azure Roller
Alberto,111798,Light-blue Yoshi,Teddy Buggy,Paper Glider,Azure Roller
StervtL,110614,Luigi,Teddy Buggy,Paper Glider,Azure Roller
Alberto,83399,King Boo,Mach 8,Cloud Glider,Crimson Slim
Alberto,70951,King Boo,Inkstriker,Paper Glider,Azure Roller
Pii,100002,Light-blue Yoshi,Biddybuggy,Flower Glider,Azure Roller
stove,101679,Yoshi,Biddybuggy,Paper Glider,Roller
Alberto,64412,Koopa Troopa,Streetle,Paper Glider,Cushion
Alberto,119732,Light-blue Yoshi,Teddy Buggy,Paper Glider,Azure Roller
Alberto,119618,Orange Yoshi,Teddy Buggy,Paper Glider,Azure Roller
Alberto,119563,Orange Yoshi,Teddy Buggy,Paper Glider,Azure Roller
Army,99986,Peach,Biddybuggy,Paper Glider,Azure Roller
Panda,119550,Yellow Yoshi,Teddy Buggy,Paper Glider,Azure Roller
¥146,111096,Luigi,Mach 8,Paper Glider,Leaf Tires
Army,99828,Peach,Biddybuggy,Paper Glider,Azure Roller
Alberto,119518,Light-blue Yoshi,Teddy Buggy,Paper Glider,Azure Roller
Alberto,119511,Light-blue Yoshi,Teddy Buggy,Paper Glider,Azure Roller
Panda,119505,Yellow Yoshi,Teddy Buggy,Paper Glider,Azure Roller
Panda,119504,Yellow Yoshi,Teddy Buggy,Paper Glider,Azure Roller
Alberto,119493,Birdo (Light Blue),Teddy Buggy,Paper Glider,Azure Roller
Alberto,119453,Birdo (White),Teddy Buggy,Paper Glider,Azure Roller
kwartz,56486,Dry Bowser,Mach 8,Paper Glider,Leaf Tires
Alberto,56477,Wario,Mach 8,Paper Glider,Leaf Tires
Alberto,119405,Birdo (White),Teddy Buggy,Paper Glider,Azure Roller
Alberto,119382,White Yoshi,Teddy Buggy,Paper Glider,Azure Roller
stove,101655,Black Yoshi,Biddybuggy,Paper Glider,Roller
F。,113842,Black Yoshi,Biddybuggy,Paper Glider,Azure Roller
Alberto,56478,Dry Bowser,Mach 8,Paper Glider,Leaf Tires
kwartz,56477,Dry Bowser,Mach 8,Paper Glider,Leaf Tires
のり,111035,Luigi,Inkstriker,Paper Glider,Leaf Tires
Army,77097,Luigi,Teddy Buggy,Paper Glider,Azure Roller
Pii,81521,Luigi,Teddy Buggy,Paper Glider,Azure Roller
¥146,110984,Luigi,Mach 8,Paper Glider,Leaf Tires
Vincent,79792,Luigi,Teddy Buggy,Paper Glider,Azure Roller
しののめ,92359,Yoshi,Teddy Buggy,Paper Glider,GLA Tires
のり,111027,Luigi,Inkstriker,Paper Glider,Leaf Tires
Technical,92325,Peach,Teddy Buggy,Cloud Glider,Blue Standard
¥146,110975,Luigi,Mach 8,Paper Glider,Leaf Tires
ろーる,72741,Wario,Mach 8,Paper Glider,Slim
Panda,81104,Dry Bowser,Teddy Buggy,Wario Wing,Crimson Slim
Panda,81249,Dry Bowser,Teddy Buggy,Wario Wing,Crimson Slim
Alberto,58998,Wario,Gold Standard,Super Glider,Crimson Slim
Panda,81226,Dry Bowser,Teddy Buggy,Wario Wing,Crimson Slim
Panda,81182,Dry Bowser,Teddy Buggy,Wario Wing,Crimson Slim
Panda,81175,Dry Bowser,Teddy Buggy,Wario Wing,Crimson Slim
Panda,81168,Dry Bowser,Teddy Buggy,Wario Wing,Crimson Slim
Panda,81158,Dry Bowser,Teddy Buggy,Wario Wing,Crimson Slim
Panda,81109,Dry Bowser,Teddy Buggy,Wario Wing,Crimson Slim
Technical,92314,Peach,Teddy Buggy,Cloud Glider,Blue Standard
Panda,86035,Luigi,Inkstriker,Paper Glider,Wood
Panda,82615,Yellow Yoshi,Biddybuggy,Paper Glider,Azure Roller
Vincent,79651,Luigi,Teddy Buggy,Paper Glider,Azure Roller
Panda,81102,Dry Bowser,Teddy Buggy,Wario Wing,Crimson Slim
Panda,81089,Dry Bowser,Teddy Buggy,Wario Wing,Crimson Slim
Alberto,81017,Dry Bowser,Teddy Buggy,Gold Glider,Crimson Slim
Panda,80898,Dry Bowser,Teddy Buggy,Wario Wing,Crimson Slim
Technical,92130,White Yoshi,Teddy Buggy,Cloud Glider,Blue Standard
Alberto,82777,Luigi,Mach 8,Paper Glider,Crimson Slim
Army,82239,Rosalina,Mach 8,Paper Glider,Wood
Panda,80848,Dry Bowser,Teddy Buggy,Wario Wing,Crimson Slim
Panda,80846,Dry Bowser,Teddy Buggy,Wario Wing,Crimson Slim
Alberto,82543,Luigi,Mach 8,Paper Glider,Crimson Slim
Grant,82497,Luigi,Mach 8,Paper Glider,Wood
Alberto,82321,Luigi,Mach 8,Paper Glider,Slim
Army,82266,Rosalina,Mach 8,Paper Glider,Wood
Alberto,82229,Rosalina,Mach 8,Paper Glider,Crimson Slim
Alberto,82203,Luigi,Mach 8,Paper Glider,Crimson Slim
Alberto,82172,Luigi,Mach 8,Paper Glider,Crimson Slim
F。,113739,Black Yoshi,Biddybuggy,Paper Glider,Azure Roller
Alberto,82120,Luigi,Mach 8,Paper Glider,Crimson Slim
Alberto,82067,Luigi,Mach 8,Paper Glider,Crimson Slim
Alberto,64536,Light-blue Yoshi,Biddybuggy,Paper Glider,Azure Roller
Alberto,59012,Wario,Gold Standard,Super Glider,Crimson Slim
Vincent,84358,Wario,Standard Kart,Super Glider,Crimson Slim
Army,58965,Wario,Gold Standard,Super Glider,Crimson Slim
Army,58944,Wario,Gold Standard,Super Glider,Crimson Slim
Army,58907,Wario,Gold Standard,Super Glider,Crimson Slim
Army,58864,Wario,Gold Standard,Super Glider,Crimson Slim
Technical,61722,Birdo,Cat Cruiser,Cloud Glider,Cushion
Pii,118280,Blue Yoshi,Biddybuggy,Paper Glider,Azure Roller
JenZua,64528,Orange Yoshi,Biddybuggy,Paper Glider,Azure Roller
Alberto,58852,Wario,Gold Standard,Super Glider,Crimson Slim
Alberto,88871,Wario,Teddy Buggy,Paper Glider,Azure Roller
Alberto,88835,Dry Bowser,Teddy Buggy,Paper Glider,Azure Roller
Alberto,88808,Dry Bowser,Teddy Buggy,Paper Glider,Azure Roller
Plunky,78964,Baby Daisy,Biddybuggy,Paper Glider,Azure Roller
Technical,72955,Yoshi,Teddy Buggy,Paper Glider,Roller
ヒビキ,97117,Pink Yoshi,Cat Cruiser,Paper Glider,Azure Roller
ヒビキ,96985,Pink Yoshi,Cat Cruiser,Paper Glider,Azure Roller
のり,110968,Luigi,Inkstriker,Paper Glider,Leaf Tires
しらぬい,98971,White Yoshi,Teddy Buggy,Cloud Glider,Azure Roller
Alberto,78871,Baby Daisy,Biddybuggy,Paper Glider,Azure Roller
しらぬい,115103,Birdo (White),Teddy Buggy,Paper Glider,Azure Roller
しらぬい,114912,Orange Yoshi,Teddy Buggy,Paper Glider,Azure Roller
ヒビキ,97087,Black Yoshi,Cat Cruiser,Cloud Glider,Azure Roller
ヒビキ,97057,Black Yoshi,Cat Cruiser,Cloud Glider,Azure Roller
ヒビキ,97051,Black Yoshi,Cat Cruiser,Cloud Glider,Azure Roller
しらぬい,114971,White Yoshi,Teddy Buggy,Paper Glider,Azure Roller
ヒビキ,97012,Pink Yoshi,Cat Cruiser,Paper Glider,Azure Roller
k,83964,Yoshi,Biddybuggy,Paper Glider,Azure Roller
kwartz,56449,Dry Bowser,Mach 8,Paper Glider,Leaf Tires
Alberto,85318,Light-blue Yoshi,Mr. Scooty,Paper Glider,Azure Roller
kwartz,56446,Dry Bowser,Mach 8,Paper Glider,Leaf Tires
Vincent,79352,Red Yoshi,Biddybuggy,Paper Glider,Azure Roller
kwartz,56440,Dry Bowser,Mach 8,Paper Glider,Leaf Tires
stove,85404,White Yoshi,Mr. Scooty,Cloud Glider,Roller
Army,86033,Luigi,Inkstriker,Paper Glider,Crimson Slim
Alpaco,87060,Yoshi,Teddy Buggy,Paper Glider,Azure Roller
Alberto,96980,White Yoshi,Cat Cruiser,Paper Glider,Azure Roller
Vincent,79342,Red Yoshi,Biddybuggy,Paper Glider,Azure Roller
fairy,87053,Yellow Yoshi,Teddy Buggy,Paper Glider,Azure Roller
Army,86031,Luigi,Inkstriker,Paper Glider,Crimson Slim
Army,85946,Luigi,Inkstriker,Paper Glider,Crimson Slim
Alberto,72922,Light-blue Yoshi,Teddy Buggy,Paper Glider,Azure Roller
Alberto,85204,Light-blue Yoshi,Mr. Scooty,Paper Glider,Azure Roller
JenZua,61930,Orange Yoshi,Mr. Scooty,Paper Glider,Leaf Tires
Panda,81919,Iggy,Teddy Buggy,Paper Glider,Azure Roller
Technical,81316,Yoshi,Inkstriker,Paper Glider,Crimson Slim
Technical,81287,Yoshi,Inkstriker,Paper Glider,Crimson Slim
ヒビキ,96961,Pink Yoshi,Cat Cruiser,Paper Glider,Azure Roller
Alberto,96953,Light-blue Yoshi,Cat Cruiser,Paper Glider,Azure Roller
Alberto,101654,Light-blue Yoshi,Biddybuggy,Paper Glider,Azure Roller
Alberto,96943,White Yoshi,Cat Cruiser,Paper Glider,Azure Roller
Alberto,96876,White Yoshi,Cat Cruiser,Paper Glider,Azure Roller
Miguel,81903,Rosalina,Teddy Buggy,Super Glider,Slim
Army,101253,Orange Yoshi,Mr. Scooty,Paper Glider,Azure Roller
Army,85888,Luigi,Inkstriker,Paper Glider,Crimson Slim
Army,85763,Luigi,Inkstriker,Paper Glider,Crimson Slim
Panda,82665,Yellow Yoshi,Biddybuggy,Paper Glider,Azure Roller
Panda,82523,Yellow Yoshi,Biddybuggy,Paper Glider,Azure Roller
Alberto,121936,Orange Yoshi,Biddybuggy,Paper Glider,Azure Roller
Pii,59492,Luigi,Biddybuggy,Paper Glider,Button
Panda,82481,Yellow Yoshi,Biddybuggy,Paper Glider,Azure Roller
Panda,82493,Yellow Yoshi,Biddybuggy,Paper Glider,Azure Roller
K4I,109548,Peach,Teddy Buggy,Paper Glider,Azure Roller
Army,109430,Pink Yoshi,Teddy Buggy,Paper Glider,Azure Roller
Panda,127243,Yellow Yoshi,Mr. Scooty,Paper Glider,Azure Roller
Vincent,79311,Red Yoshi,Biddybuggy,Paper Glider,Azure Roller
Army,109376,Pink Yoshi,Teddy Buggy,Paper Glider,Azure Roller
Pii,59472,Luigi,Biddybuggy,Paper Glider,Button
Pii,59454,Luigi,Biddybuggy,Paper Glider,Button
kwartz,56422,Dry Bowser,Mach 8,Paper Glider,Leaf Tires
はるいろ,114421,Pink Yoshi,Sports Coupe,Paper Glider,Cushion
Panda,127109,Yellow Yoshi,Mr. Scooty,Paper Glider,Azure Roller
Technical,69627,Dry Bowser,Mach 8,Gold Glider,Crimson Slim
なすの,98959,Yellow Yoshi,Biddybuggy,Paper Glider,Azure Roller
エル,107058,Yellow Yoshi,Teddy Buggy,Paper Glider,Azure Roller
Technical,69626,Dry Bowser,Mach 8,Gold Glider,Crimson Slim
Technical,69571,Dry Bowser,Mach 8,Gold Glider,Crimson Slim
Army,98941,Pink Yoshi,Mr. Scooty,Paper Glider,Azure Roller
Army,98746,Pink Yoshi,Mr. Scooty,Paper Glider,Azure Roller
Panda,112591,Yellow Yoshi,Biddybuggy,Paper Glider,Azure Roller
Panda,112585,Yellow Yoshi,Biddybuggy,Paper Glider,Azure Roller
Army,98698,Pink Yoshi,Mr. Scooty,Paper Glider,Azure Roller
エル,107047,Yellow Yoshi,Teddy Buggy,Paper Glider,Azure Roller
Technical,92117,Yoshi,Teddy Buggy,Paper Glider,Blue Standard
JenZua,61908,Orange Yoshi,Mr. Scooty,Paper Glider,Leaf Tires
Alberto,116645,White Yoshi,Teddy Buggy,Paper Glider,Azure Roller
しらぬい,117773,White Yoshi,Biddybuggy,Paper Glider,Azure Roller
stove,101603,White Yoshi,Mr. Scooty,Cloud Glider,Roller
Army,101592,Pink Yoshi,Mr. Scooty,Paper Glider,Azure Roller
エル,106976,Yellow Yoshi,Teddy Buggy,Paper Glider,Azure Roller
Alberto,116333,White Yoshi,Teddy Buggy,Paper Glider,Azure Roller
Alberto,116340,White Yoshi,Teddy Buggy,Paper Glider,Azure Roller
JenZua,61836,Orange Yoshi,Mr. Scooty,Paper Glider,Leaf Tires
Alberto,116331,White Yoshi,Teddy Buggy,Paper Glider,Azure Roller
Panda,112441,Yellow Yoshi,Biddybuggy,Paper Glider,Azure Roller
Alberto,116258,White Yoshi,Teddy Buggy,Paper Glider,Azure Roller
エル,106905,Yellow Yoshi,Teddy Buggy,Paper Glider,Azure Roller
Panda,127203,Yellow Yoshi,Mr. Scooty,Paper Glider,Azure Roller
Panda,126984,Yellow Yoshi,Mr. Scooty,Paper Glider,Azure Roller
Alberto,116027,White Yoshi,Teddy Buggy,Paper Glider,Azure Roller
Alberto,116117,White Yoshi,Teddy Buggy,Paper Glider,Azure Roller
Alberto,115926,Light-blue Yoshi,Teddy Buggy,Paper Glider,Azure Roller
Alberto,116013,Light-blue Yoshi,Teddy Buggy,Paper Glider,Azure Roller
Alberto,117753,Light-blue Yoshi,Biddybuggy,Paper Glider,Azure Roller
Panda,127015,Yellow Yoshi,Mr. Scooty,Paper Glider,Azure Roller
Alberto,113495,Light-blue Yoshi,Biddybuggy,Paper Glider,Azure Roller
Alberto,113454,White Yoshi,Biddybuggy,Paper Glider,Azure Roller
Alberto,113453,Red Yoshi,Biddybuggy,Paper Glider,Azure Roller
Army,101411,Orange Yoshi,Mr. Scooty,Paper Glider,Azure Roller
Panda,85300,Yellow Yoshi,Mr. Scooty,Paper Glider,Azure Roller
Alberto,85192,Light-blue Yoshi,Mr. Scooty,Paper Glider,Azure Roller
Panda,85286,Yellow Yoshi,Mr. Scooty,Paper Glider,Azure Roller
Miguel,81811,Iggy,Teddy Buggy,Super Glider,Slim
Alberto,113354,Birdo (Yellow),Mr. Scooty,Paper Glider,Azure Roller
3-UP,62091,Birdo,Yoshi Bike,Peach Parasol,Roller
しらぬい,101644,White Yoshi,Biddybuggy,Paper Glider,Azure Roller
stove,101587,White Yoshi,Biddybuggy,Cloud Glider,Azure Roller
ain,114303,Pink Yoshi,Biddybuggy,Paper Glider,Azure Roller
ain,114285,Pink Yoshi,Biddybuggy,Paper Glider,Azure Roller
AK,114099,Yoshi,Biddybuggy,Paper Glider,Azure Roller
stove,113940,White Yoshi,Biddybuggy,Cloud Glider,Azure Roller
stove,113939,White Yoshi,Biddybuggy,Cloud Glider,Azure Roller
stove,113832,White Yoshi,Biddybuggy,Cloud Glider,Azure Roller
stove,113817,White Yoshi,Biddybuggy,Cloud Glider,Azure Roller
stove,114172,White Yoshi,Biddybuggy,Cloud Glider,Azure Roller
Alberto,113399,Black Yoshi,Biddybuggy,Paper Glider,Azure Roller
Technical,86304,King Boo,Landship,Super Glider,Roller
Pii,86172,Luigi,Mach 8,Paper Glider,Crimson Slim
Army,73117,Light Mii Cpt Falcon,Biddybuggy,Paper Glider,Azure Roller
Alberto,62069,Birdo,Teddy Buggy,Paper Glider,Roller
のり,112491,Orange Yoshi,Streetle,Paper Glider,Azure Roller
しらぬい,101480,White Yoshi,Biddybuggy,Paper Glider,Azure Roller
Panda,115479,Yellow Yoshi,Mr. Scooty,Paper Glider,Azure Roller
Alberto,104659,White Yoshi,Mr. Scooty,Paper Glider,Azure Roller
しらぬい,101262,White Yoshi,Biddybuggy,Paper Glider,Azure Roller
Vincent,101599,Peach,Biddybuggy,Paper Glider,Azure Roller
Panda,101457,Yellow Yoshi,Biddybuggy,Paper Glider,Azure Roller
Panda,115299,Yellow Yoshi,Mr. Scooty,Paper Glider,Azure Roller
Alberto,104603,White Yoshi,Mr. Scooty,Paper Glider,Azure Roller
Alberto,104472,White Yoshi,Mr. Scooty,Paper Glider,Azure Roller
James,114801,Black Yoshi,Streetle,Flower Glider,Sponge
Alberto,76667,Luigi,Mach 8,Paper Glider,Leaf Tires
Alberto,76650,Luigi,Mach 8,Paper Glider,Leaf Tires
Pii,86082,Iggy,Mach 8,Cloud Glider,Crimson Slim
Alberto,76609,Iggy,Mach 8,Paper Glider,Leaf Tires
ありす,101555,White Yoshi,Biddybuggy,Cloud Glider,Roller
Technical,58861,Rosalina,Koopa Clown,Super Glider,Sponge
Army,58850,Rosalina,Koopa Clown,Super Glider,Sponge
Panda,101586,Yellow Yoshi,Biddybuggy,Paper Glider,Azure Roller
ヒビキ,96874,Pink Yoshi,Cat Cruiser,Paper Glider,Azure Roller
F。,113710,Black Yoshi,Biddybuggy,Paper Glider,Azure Roller
Army,58784,Rosalina,Koopa Clown,Super Glider,Sponge
Army,76422,Light Mii Luigi,Biddybuggy,Paper Glider,Azure Roller
Technical,106102,Yoshi,Mr. Scooty,Paper Glider,Roller
Technical,105895,Yoshi,Mr. Scooty,Paper Glider,Roller
Technical,106015,Yoshi,Mr. Scooty,Paper Glider,Roller
Technical,105926,Yoshi,Mr. Scooty,Paper Glider,Roller
Panda,108336,Yellow Yoshi,Mr. Scooty,Paper Glider,Azure Roller
Technical,105822,Yoshi,Mr. Scooty,Paper Glider,Roller
Alberto,108281,Light-blue Yoshi,Mr. Scooty,Paper Glider,Azure Roller
Alberto,108224,White Yoshi,Mr. Scooty,Paper Glider,Azure Roller
Army,76368,Light Mii Wario,Biddybuggy,Paper Glider,Azure Roller
Army,76302,Light Mii Sonic,Biddybuggy,Paper Glider,Azure Roller
Alberto,96855,Birdo,Cat Cruiser,Paper Glider,Roller
Technical,105773,Yoshi,Mr. Scooty,Paper Glider,Roller
Alberto,127401,Heavy Mii Splatoon,Teddy Buggy,Plane Glider,Cushion
Alberto,96831,Peach,Cat Cruiser,Paper Glider,Azure Roller
Alberto,96785,Peach,Cat Cruiser,Paper Glider,Azure Roller
ヒビキ,96838,Black Yoshi,Cat Cruiser,Paper Glider,Azure Roller
Army,76211,Light Mii Mario,Biddybuggy,Paper Glider,Azure Roller
Panda,127335,Dry Bowser,Teddy Buggy,Wario Wing,Cushion
Draygo,79546,Rosalina,Inkstriker,Cloud Glider,Leaf Tires
Panda,127298,Dry Bowser,Teddy Buggy,Wario Wing,Cushion
Army,103629,Luigi ,Teddy Buggy,Paper Glider,Azure Roller
Alberto,104340,White Yoshi,Mr. Scooty,Paper Glider,Azure Roller
Draygo,79503,Rosalina,Inkstriker,Cloud Glider,Leaf Tires
Vincent,104348,Light-blue Yoshi,Mr. Scooty,Paper Glider,Azure Roller
Vincent,104251,Light-blue Yoshi,Mr. Scooty,Paper Glider,Azure Roller
Panda,139067,Yellow Yoshi,Mr. Scooty,Paper Glider,Azure Roller
Panda,139011,Yellow Yoshi,Mr. Scooty,Paper Glider,Azure Roller
Panda,138981,Yellow Yoshi,Mr. Scooty,Paper Glider,Azure Roller
Panda,127262,Dry Bowser,Teddy Buggy,Wario Wing,Cushion
Pii,59450,Luigi ,Biddybuggy,Cloud Glider ,Button
Panda,127109,Dry Bowser,Teddy Buggy,Wario Wing,Cushion
レシーブ,79528,Rosalina,Inkstriker,Paper Glider,Leaf Tires
Technical,58722,Yoshi,Koopa Clown,Super Glider,Ancient Tires
Yerson,101356,Yellow Yoshi,Biddybuggy,Paper Glider,Roller
はるいろ,112442,Black Yoshi,Streetle,Paper Glider,Azure Roller
Army,73025,Light Mii Cpt Falcon,Biddybuggy,Paper Glider,Azure Roller
F。,113584,Black Yoshi,Biddybuggy,Paper Glider,Azure Roller
しののめ,92001,Black Yoshi,Mach 8,Paper Glider,GLA Tires
Alberto,83955,Light-blue Yoshi,Biddybuggy,Paper Glider,Azure Roller
Panda,101336,Yellow Yoshi,Biddybuggy,Paper Glider,Azure Roller
¥146,107272,White Yoshi,Biddybuggy,Paper Glider,Azure Roller
¥146,107338,White Yoshi,Biddybuggy,Paper Glider,Azure Roller
¥146,107454,White Yoshi,Biddybuggy,Paper Glider,Azure Roller
¥146,107520,White Yoshi,Biddybuggy,Paper Glider,Azure Roller
¥146,107658,White Yoshi,Biddybuggy,Paper Glider,Azure Roller
¥146,107798,White Yoshi,Biddybuggy,Paper Glider,Azure Roller
Zae,75749,Luigi,Streetle,Paper Glider,Roller
Zae,75548,Kamek,Streetle,Paper Glider,Roller
Technical,75634,Kamek,Streetle,Paper Glider,Azure Roller
Zae,75887,Luigi,Streetle,Paper Glider,Azure Roller
Alpaco,100448,Black Yoshi,Biddybuggy,Paper Glider,Azure Roller
あるふぁ,117909,Light-blue Yoshi ,Biddybuggy,Paper Glider,Azure Roller
Zae,76064,Luigi,Streetle,Paper Glider,Azure Roller
Ziline,99943,Orange Yoshi,Teddy Buggy,Paper Glider,Azure Roller
Zae,76265,Luigi,Streetle,Paper Glider,Azure Roller
ths,99798,Black Yoshi,Teddy Buggy,Paper Glider,Azure Roller
ths,100604,Black Yoshi,Biddybuggy,Paper Glider,Azure Roller
italic177,74499,Luigi,Landship,Paper Glider,Roller
Panda,93708,Yellow Yoshi,Biddybuggy,Paper Glider,Azure Roller
Lyte,93990,Pink Yoshi,Biddybuggy,Paper Glider,Roller
Army,73690,Pink Yoshi,Pipe Frame,Paper Glider,Azure Roller
Hobbie,74188,Yoshi,Pipe Frame,Paper Glider,Azure Roller
Hobbie,73907,Yoshi,Pipe Frame,Paper Glider,Azure Roller
grace,73784,Black Yoshi,Pipe Frame,Paper Glider,Azure Roller
Panda,68881,Yellow Yoshi,Streetle,Paper Glider,Sponge
Panda,93499,Yellow Yoshi,Biddybuggy,Paper Glider,Azure Roller
grace,73349,Blue Yoshi,Pipe Frame,Cloud Glider,Azure Roller
grace,73228,Blue Yoshi,Pipe Frame,Cloud Glider,Azure Roller
Panda,93191,Yellow Yoshi,Biddybuggy,Paper Glider,Azure Roller
Army,72992,Pink Yoshi,Pipe Frame,Paper Glider,Azure Roller
grace,72911,Orange Yoshi,Streetle,Flower Glider,Azure Roller
grace,72709,Orange Yoshi,Streetle,Flower Glider,Azure Roller
Panda,68968,Yellow Yoshi,Streetle,Paper Glider,Sponge
Panda,69045,Yellow Yoshi,Streetle,Paper Glider,Sponge
Panda,69058,Yellow Yoshi,Streetle,Paper Glider,Sponge
Panda,69132,Yellow Yoshi,Streetle,Paper Glider,Sponge
grace,72543,Kamek,Pipe Frame,Paper Glider,Azure Roller
grace,72382,Kamek,Teddy Buggy,Paper Glider,Roller
Panda,69187,Yellow Yoshi,Streetle,Paper Glider,Sponge
grace,72451,Luigi,Teddy Buggy,Flower Glider,Azure Roller
Mirai,69207,Blue Yoshi,Landship,Paper Glider,Azure Roller
JenZua,69302,Orange Yoshi,Streetle,Paper Glider,Sponge
JenZua,69510,Orange Yoshi,Streetle,Paper Glider,Sponge
Mirai,69569,Kamek,Landship,Paper Glider,Azure Roller
Calcaire,95515,Light-blue Yoshi,Biddybuggy,Paper Glider,Azure Roller
Calcaire,95414,Light-blue Yoshi,Biddybuggy,Paper Glider,Azure Roller
Byron,95310,Pink Yoshi,Biddybuggy,Paper Glider,Azure Roller
Brandon,118618,Red Yoshi,Biddybuggy,Flower Glider,Roller
stove,95253,White Yoshi,Mr. Scooty,Paper Glider,Roller
Brandon,118162,Red Yoshi,Biddybuggy,Flower Glider,Roller
Alberto,118164,White Yoshi,Biddybuggy,Paper Glider,Azure Roller
stove,95128,Dark Blue Inkling Boy,Mr. Scooty,Paper Glider,Roller
Alberto,118370,White Yoshi,Biddybuggy,Paper Glider,Azure Roller
Alberto,118485,White Yoshi,Biddybuggy,Paper Glider,Azure Roller
stove,95007,Purple Inkling Boy,Mr. Scooty,Paper Glider,Roller
stove,94960,Teal Inkling Boy,Mr. Scooty,Paper Glider,Roller
Army,94776,Light-blue Yoshi,Biddybuggy,Paper Glider,Azure Roller
Brandon,118707,Red Yoshi,Biddybuggy,Flower Glider,Roller
Brandon,118940,Red Yoshi,Biddybuggy,Flower Glider,Roller
Army,94835,Male Villager,Mr. Scooty,Paper Glider,Azure Roller
Brandon,119040,Red Yoshi,Biddybuggy,Flower Glider,Roller
Army,94702,Light-blue Yoshi,Biddybuggy,Paper Glider,Azure Roller
Army,94649,Light-blue Yoshi,Biddybuggy,Paper Glider,Azure Roller
Brandon,119265,Red Yoshi,Biddybuggy,Flower Glider,Roller
Army,94604,Light-blue Yoshi,Biddybuggy,Paper Glider,Azure Roller
Brandon,119621,Red Yoshi,Biddybuggy,Flower Glider,Roller
ありす,95067,Yoshi,Biddybuggy,Cloud Glider,Roller
Technical,69722,Daisy,Teddy Buggy,Flower Glider,Azure Roller
Army,69568,Daisy,Teddy Buggy,Paper Glider,Azure Roller
Miguel,88899,White Yoshi,Streetle,Paper Glider,Azure Roller
Hgt,87605,Yoshi,Streetle,Paper Glider,Azure Roller
Army,69257,Daisy,Teddy Buggy,Paper Glider,Azure Roller
Miguel,88660,White Yoshi,Streetle,Paper Glider,Azure Roller
Miguel,88316,White Yoshi,Streetle,Paper Glider,Azure Roller
Hgt,88129,Yoshi,Streetle,Paper Glider,Azure Roller
Madison,104500,Wario,Splat Buggy,Wario Wing,Cyber Slick
JenZua,87396,Orange Yoshi,Streetle,Paper Glider,Azure Roller
ヘリッパー,58727,Rosalina,Koopa Clown,Super Glider,Sponge
Michael,104464,Wario,Splat Buggy,Wario Wing,Cyber Slick
ぐち,122216,Yoshi,Teddy Buggy,Paper Glider,Roller
Flapsman,104439,Wario,Splat Buggy,Gold Glider,Slick
ぐち,122178,Yoshi,Teddy Buggy,Paper Glider,Roller
Flapsman,104308,Wario,Splat Buggy,Gold Glider,Slick
Alpaco,121518,Blue Yoshi,Biddybuggy,Paper Glider,Azure Roller
Michael,104225,Wario,Gold Standard,Gold Glider,Slick
Michael,104024,Wario,P-Wing,Gold Glider,Slim
Pii,104121,Wario,Gold Standard,Super Glider,Slick
ぐち,121728,Yoshi,Teddy Buggy,Paper Glider,Roller
Beta,103729,Dry Bowser,Circuit Special,Gold Glider,Slick
Hikki,103685,Dry Bowser,Circuit Special,Gold Glider,Slick
Alpaco,121476,Blue Yoshi,Biddybuggy,Paper Glider,Azure Roller
Hikki,103578,Dry Bowser,Circuit Special,Gold Glider,Slick
Hikki,103550,Dry Bowser,Circuit Special,Gold Glider,Slick
Hikki,103419,Dry Bowser,Circuit Special,Super Glider,Slick
Wa,122078,Pink Yoshi,Teddy Buggy,Paper Glider,Azure Roller
Pii,103485,Wario,Circuit Special,Super Glider,Slick
Pii,103376,Dry Bowser,Circuit Special,Super Glider,Slick
Pii,103232,Dry Bowser,Circuit Special,Super Glider,Slick
エル,103401,Dry Bowser,Circuit Special,Super Glider,Slick
ラス,104436,Dry Bowser,Inkstriker,Gold Glider,Cyber Slick
ラス,103995,Dry Bowser,P-Wing,Gold Glider,Cyber Slick
こんこん,121193,Light-blue Yoshi,Biddybuggy,Paper Glider,Azure Roller
ラス,103769,Dry Bowser,P-Wing,Gold Glider,Cyber Slick
ラス,103566,Dry Bowser,P-Wing,Gold Glider,Cyber Slick
こんこん,121372,Light-blue Yoshi,Biddybuggy,Paper Glider,Azure Roller
Pii,73087,Wario,Varmint,Super Glider,Crimson Slim
TylerR,73084,Dry Bowser,Gold Standard,Super Glider,Slim
Nico4132,86386,Wario,Yoshi Bike,Wario Wing,Sponge
TylerR,73069,Dry Bowser,Gold Standard,Super Glider,Slim
Pii,72580,Wario,Circuit Special,Super Glider,Slim
Alberto,86477,Luigi,Teddy Buggy,Super Glider,Crimson Slim
TylerR,73054,Dry Bowser,Gold Standard,Super Glider,Slim
Luigi_Fan2,73031,Wario,B Dasher,Super Glider,Slick
Darky,73007,Wario,B Dasher,Super Glider,Slick
Nico4132,86329,Wario,Yoshi Bike,Hylian Kite,Sponge
Grant,72749,Wario,B Dasher,Hylian Kite,Slick
Darky,72932,Wario,B Dasher,Super Glider,Slick
Nico4132,86264,Wario,Yoshi Bike,Hylian Kite,Sponge
Technical,75541,Kamek,Streetle,Paper Glider,Azure Roller
TylerR,72801,Dry Bowser,Circuit Special,Super Glider,Slick
Nico4132,86252,Wario,Yoshi Bike,Hylian Kite,Sponge
Grant,72724,Dry Bowser,Circuit Special,Hylian Kite,Cyber Slick
¥146,108348,White Yoshi,Biddybuggy,Paper Glider,Azure Roller
Grant,72660,Dry Bowser,Circuit Special,Super Glider,Slick
Grant,72604,Dry Bowser,P-Wing,Hylian Kite,Cyber Slick
Panda,94577,Yellow Yoshi,Biddybuggy,Paper Glider,Azure Roller
Zae,76389,Luigi,Streetle,Paper Glider,Azure Roller
Pii,72569,Wario,Circuit Special,Super Glider,Slim
Tane,72561,Dry Bowser,Circuit Special,Gold Glider,Cyber Slick
nanew,72556,Wario,Circuit Special,Super Glider,Slick
Army,72327,Wario,Circuit Special,Super Glider,Cyber Slick
TylerR,72555,Dry Bowser,Circuit Special,Gold Glider,Slick
Mirai,70077,Kamek,Streetle,Paper Glider,Azure Roller
nanew,72541,Wario,Circuit Special,Super Glider,Slick
TylerR,72538,Dry Bowser,Circuit Special,Gold Glider,Slick
Army,72480,Wario,Circuit Special,Super Glider,Cyber Slick
Glooba,119780,Birdo (Yellow),Biddybuggy,Paper Glider,Roller
Army,72475,Wario,Circuit Special,Super Glider,Cyber Slick
Army,72423,Wario,Circuit Special,Super Glider,Cyber Slick
Miguel,88918,White Yoshi,Streetle,Paper Glider,Azure Roller
Army,72394,Wario,Circuit Special,Super Glider,Cyber Slick
Army,72390,Wario,Circuit Special,Super Glider,Cyber Slick
K4I,122839,Tanooki Mario,Streetle,Paper Glider,Azure Roller
Bruh,84067,Red Yoshi,Landship,Parachute,Roller
Panda,67131,Yellow Yoshi,Pipe Frame,Paper Glider,Azure Roller
Pii,72408,Wario,Circuit Special,Super Glider,Slick
Blaze,125615,Peach,Streetle,Paper Glider,Roller
Blaze,125100,White Yoshi,Streetle,Paper Glider,Roller
Blaze,125185,White Yoshi,Streetle,Paper Glider,Roller
Blaze,124672,White Yoshi,Streetle,Paper Glider,Roller
Blaze,125061,White Yoshi,Streetle,Paper Glider,Roller
Astro,124572,Black Yoshi,Streetle,Paper Glider,Azure Roller
ぐち,122068,Yoshi,Teddy Buggy,Paper Glider,Roller
Panda,106454,Yellow Yoshi,Biddybuggy,Paper Glider,Azure Roller
Technical,71202,Birdo,Cat Cruiser,Cloud Glider,Roller
YOS,124504,Orange Yoshi,Streetle,Flower Glider,Azure Roller
Valer,124454,Yoshi,Streetle,Paper Glider,Roller
YOS,124028,Yoshi,Streetle,Flower Glider,Azure Roller
Alpaco,124089,Red Yoshi,Streetle,Paper Glider,Azure Roller
Ziline,123273,Light-blue Yoshi,Streetle,Paper Glider,Azure Roller
Ziline,123766,Light-blue Yoshi,Streetle,Paper Glider,Azure Roller
YOS,123668,Yoshi,Streetle,Flower Glider,Azure Roller
K4I,123487,Yoshi,Streetle,Paper Glider,Azure Roller
Kabkal,122800,Pink Yoshi,Streetle,Paper Glider,Azure Roller
Ziline,123014,Light-blue Yoshi,Streetle,Paper Glider,Azure Roller
Ziline,122844,Male Villager,Streetle,Paper Glider,Azure Roller
Alberto,88357,Luigi,Streetle,Paper Glider,Azure Roller
Alberto,88294,Luigi,Streetle,Paper Glider,Azure Roller
Alberto,88275,Kamek,Streetle,Paper Glider,Azure Roller
Alberto,88214,Kamek,Streetle,Paper Glider,Azure Roller
Alberto,88073,Kamek,Streetle,Paper Glider,Azure Roller
Alberto,88016,Kamek,Streetle,Paper Glider,Azure Roller
Alberto,87789,Kamek,Streetle,Paper Glider,Azure Roller
Alberto,87652,Kamek,Streetle,Paper Glider,Azure Roller
Alberto,87581,Kamek,Streetle,Paper Glider,Azure Roller
Alberto,87576,Kamek,Streetle,Paper Glider,Azure Roller
Alberto,87365,Kamek,Streetle,Paper Glider,Azure Roller
Alberto,87310,Kamek,Streetle,Paper Glider,Azure Roller
Alberto,87228,Kamek,Streetle,Paper Glider,Azure Roller
Alberto,87146,Kamek,Streetle,Paper Glider,Azure Roller
Alberto,87108,Kamek,Streetle,Paper Glider,Azure Roller
Alberto,87102,Kamek,Streetle,Paper Glider,Azure Roller
Alberto,86849,Kamek,Streetle,Paper Glider,Azure Roller
Technical,87701,Kamek,Streetle,Paper Glider,Azure Roller
Panda,99757,Yellow Yoshi,Teddy Buggy,Paper Glider,Azure Roller
Logan,103204,Dry Bowser,Circuit Special,Wario Wing,Slick
ヘリッパー,58580,Rosalina,Koopa Clown,Super Glider ,Ancient Tires
Army,58470,Rosalina,Koopa Clown,Super Glider,Ancient Tires
Panda,99733,Yellow Yoshi,Teddy Buggy,Paper Glider,Azure Roller
Panda,99671,Yellow Yoshi,Teddy Buggy,Paper Glider,Azure Roller
Panda,99591,Yellow Yoshi,Teddy Buggy,Paper Glider,Azure Roller
Panda,99448,Yellow Yoshi,Teddy Buggy,Paper Glider,Azure Roller
Panda,99322,Yellow Yoshi,Teddy Buggy,Paper Glider,Azure Roller
Panda,99147,Yellow Yoshi,Teddy Buggy,Paper Glider,Azure Roller
Panda,98681,Yellow Yoshi,Teddy Buggy,Paper Glider,Azure Roller
Army,72090,Kamek,Teddy Buggy,Paper Glider,Azure Roller
エル,103195,Heavy Mii Peach,Circuit Special,Super Glider,Slick
エル,103158,Heavy Mii Peach,Circuit Special,Hylian Kite,Slick
エル,103103,Heavy Mii Peach,Circuit Special,Hylian Kite,Slick
Pii,102981,Wario,Circuit Special,Super Glider,Cyber Slick
Pii,102875,Heavy Mii PAC-MAN,Circuit Special,Super Glider,Cyber Slick
4laps2win,72308,Wario,Circuit Special,Waddle Wing,Slick
Calcaire,122715,Tanooki Mario,Streetle,Paper Glider,Azure Roller
Calcaire,122649,Tanooki Mario,Streetle,Paper Glider,Azure Roller
Calcaire,122577,Tanooki Mario,Streetle,Paper Glider,Azure Roller
Calcaire,122453,Tanooki Mario,Streetle,Paper Glider,Azure Roller
Calcaire,122422,Tanooki Mario,Streetle,Paper Glider,Azure Roller
Kabkal,122309,Pink Yoshi,Streetle,Cloud Glider,Azure Roller
Kabkal,122259,Pink Yoshi,Streetle,Cloud Glider,Azure Roller
SKaR,68816,Black Yoshi,Landship,Paper Glider,Sponge
Panda,68816,Yellow Yoshi,Landship,Paper Glider,Sponge
SKaR,68794,Black Yoshi,Landship,Paper Glider,Sponge
Army,68703,Pink Yoshi,Landship,Paper Glider,Sponge
Panda,68543,Yellow Yoshi,Landship,Paper Glider,Sponge
Panda,68456,Yellow Yoshi,Landship,Paper Glider,Sponge
Panda,68453,Yellow Yoshi,Landship,Paper Glider,Sponge
Panda,68329,Yellow Yoshi,Landship,Paper Glider,Sponge
JenZua,87327,Kamek,Streetle,Paper Glider,Azure Roller
JenZua,87105,Kamek,Streetle,Paper Glider,Azure Roller
JenZua,87054,Kamek,Streetle,Paper Glider,Azure Roller
JenZua,86899,Orange Yoshi,Inkstriker,Paper Glider,Azure Roller
JenZua,86887,Orange Yoshi,Inkstriker,Paper Glider,Azure Roller
JenZua,86855,Orange Yoshi,Inkstriker,Paper Glider,Azure Roller
JenZua,86657,Orange Yoshi,Inkstriker,Paper Glider,Azure Roller
Vincent,84667,Mario,Tanooki Kart,Gold Glider,GLA Tires
Ziline,121937,Blue Yoshi,Streetle,Paper Glider,Azure Roller
Pii,62536,Blue Yoshi,Varmint,Paper Glider,Azure Roller
Alberto,117760,White Yoshi,Biddybuggy,Paper Glider,Azure Roller
Alberto,117674,White Yoshi,Biddybuggy,Paper Glider,Azure Roller
Alberto,117572,Orange Yoshi,Biddybuggy,Paper Glider,Azure Roller
Alberto,117447,White Yoshi,Biddybuggy,Cloud Glider,Azure Roller
Panda,121123,Yellow Yoshi,Biddybuggy,Paper Glider,Azure Roller
Zae,74768,Kamek,Streetle,Paper Glider,Azure Roller
Panda,121073,Yellow Yoshi,Biddybuggy,Paper Glider,Azure Roller
Panda,120805,Yellow Yoshi,Biddybuggy,Paper Glider,Azure Roller
Panda,120792,Yellow Yoshi,Biddybuggy,Paper Glider,Azure Roller
Panda,120631,Yellow Yoshi,Biddybuggy,Paper Glider,Azure Roller
Panda,120479,Yellow Yoshi,Biddybuggy,Paper Glider,Azure Roller
Panda,120428,Yellow Yoshi,Biddybuggy,Paper Glider,Azure Roller
Panda,120114,Yellow Yoshi,Biddybuggy,Paper Glider,Azure Roller
Panda,120099,Yellow Yoshi,Biddybuggy,Paper Glider,Azure Roller
Panda,119944,Yellow Yoshi,Biddybuggy,Paper Glider,Azure Roller
Nico4132,86081,Wario,Yoshi Bike,Hylian Kite,Sponge
Miguel,86029,Heavy Mii,Teddy Buggy,Super Glider,Sponge
Miguel,86002,Heavy Mii,Teddy Buggy,Super Glider,Sponge
Miguel,85863,Heavy Mii,Teddy Buggy,Super Glider,Sponge
Miguel,85769,Heavy Mii,Teddy Buggy,Super Glider,Retro Off-Road
Alberto,85732,Wiggler,Teddy Buggy,Super Glider,Retro Off-Road
Alberto,85680,Wiggler,Teddy Buggy,Super Glider,Retro Off-Road
Alberto,85434,Wario,Teddy Buggy,Super Glider,GLA Tires
Technical,75467,Kamek,Streetle,Paper Glider,Azure Roller
Technical,75352,Kamek,Streetle,Paper Glider,Azure Roller
Zae,75307,Kamek,Streetle,Paper Glider,Roller
kwartz,56392,Heavy Mii Mega Man,Mach 8,Paper Glider,Leaf Tires
Byron,94357,Rosalina,Cat Cruiser,Paper Glider,Cushion
Alberto,80788,Dry Bowser,Teddy Buggy,Gold Glider,Crimson Slim
StervtL,110581,Medium Mii Pikmin,Teddy Buggy,Paper Glider,Azure Roller
Pii,67927,Yellow Yoshi,Landship,Cloud Glider,Azure Roller
Army,58450,Rosalina,Koopa Clown,Super Glider,Hot Monster
Army,58356,Rosalina,Koopa Clown,Super Glider,Hot Monster
Vincent,64357,White Yoshi,Pipe Frame,Paper Glider,Azure Roller
Panda,119514,Yellow Yoshi,Streetle,Paper Glider,Azure Roller
Alberto,117423,White Yoshi,Biddybuggy,Cloud Glider,Azure Roller
Alberto,117409,White Yoshi,Biddybuggy,Cloud Glider,Azure Roller
Alberto,117259,White Yoshi,Biddybuggy,Cloud Glider,Azure Roller
SKaR,68320,Black Yoshi,Landship,Paper Glider,Sponge
Panda,68289,Yellow Yoshi,Landship,Paper Glider,Azure Roller
Panda,68165,Yellow Yoshi,Landship,Paper Glider,Azure Roller
Panda,68147,Yellow Yoshi,Landship,Paper Glider,Azure Roller
Panda,68120,Yellow Yoshi,Landship,Paper Glider,Azure Roller
Panda,68119,Yellow Yoshi,Landship,Paper Glider,Azure Roller
Pii,68075,Yellow Yoshi,Landship,Cloud Glider,Azure Roller
Byron,93074,Birdo (Yellow),Biddybuggy,Paper Glider,Azure Roller
Panda,92916,Yellow Yoshi,Streetle,Paper Glider,Azure Roller
Panda,106347,Yellow Yoshi,Biddybuggy,Paper Glider,Azure Roller
Panda,106495,Yellow Yoshi,Biddybuggy,Paper Glider,Azure Roller
Panda,106514,Yellow Yoshi,Biddybuggy,Paper Glider,Azure Roller
Panda,106542,Yellow Yoshi,Biddybuggy,Paper Glider,Azure Roller
Panda,106555,Yellow Yoshi,Biddybuggy,Paper Glider,Azure Roller
Panda,106746,Yellow Yoshi,Biddybuggy,Paper Glider,Azure Roller
Panda,107253,Yellow Yoshi,Biddybuggy,Paper Glider,Azure Roller
Panda,107138,Yellow Yoshi,Biddybuggy,Paper Glider,Azure Roller
¥146,106743,White Yoshi,Biddybuggy,Paper Glider,Azure Roller
¥146,106804,White Yoshi,Biddybuggy,Paper Glider,Azure Roller
¥146,106927,White Yoshi,Biddybuggy,Paper Glider,Azure Roller
¥146,107014,White Yoshi,Biddybuggy,Paper Glider,Azure Roller
Alberto,86561,Luigi,Streetle,Paper Glider,Azure Roller
Alberto,86752,Luigi,Streetle,Paper Glider,Azure Roller
K4I,121864,Tanooki Mario,Streetle,Paper Glider,Azure Roller
Tane,72239,Dry Bowser,Circuit Special,Gold Glider,Cyber Slick
Army,72146,Dry Bowser,Circuit Special,Super Glider,Slick
Army,72121,Dry Bowser,Circuit Special,Super Glider,Slick
Army,72060,Dry Bowser,Circuit Special,Super Glider,Slick
しらぬい,102849,Heavy Mii Crossing,Circuit Special,Super Glider,Slick
Pii,102682,Dry Bowser,Circuit Special,Plane Glider,Cyber Slick
エル,102837,Heavy Mii Peach,Circuit Special,Hylian Kite,Slick
Army,94350,Orange Yoshi,Biddybuggy,Paper Glider,Azure Roller
Army,94417,Orange Yoshi,Biddybuggy,Paper Glider,Azure Roller
Army,94519,Orange Yoshi,Biddybuggy,Paper Glider,Azure Roller
Technical,71985,Kamek,Teddy Buggy,Paper Glider,Azure Roller
Technical,71716,Birdo,Cat Cruiser,Cloud Glider,Roller
Technical,72076,Kamek,Teddy Buggy,Paper Glider,Azure Roller
grace,84967,Heavy Mii Bowser,Mach 8,Gold Glider,Crimson Slim
grace,84977,Heavy Mii Bowser,Mach 8,Gold Glider,Crimson Slim
Technical,85400,Heavy Mii Sonic,Teddy Buggy,Gold Glider,Blue Standard
Technical,66867,Kamek,Landship,Cloud Glider,Azure Roller
Panda,119817,Yellow Yoshi,Biddybuggy,Paper Glider,Azure Roller
Technical,71892,Kamek,Teddy Buggy,Paper Glider,Azure Roller
Alberto,94344,Daisy,Biddybuggy,Paper Glider,Azure Roller
Alberto,94258,Daisy,Biddybuggy,Paper Glider,Azure Roller
Army,94318,Daisy,Biddybuggy,Paper Glider,Azure Roller
Army,94276,Daisy,Biddybuggy,Paper Glider,Azure Roller
Army,94184,Daisy,Biddybuggy,Paper Glider,Azure Roller
Ziline,121445,Blue Yoshi,Streetle,Parachute,Azure Roller
Ziline,121297,Tanooki Mario,Streetle,Paper Glider,Azure Roller
Hgt,86461,Orange Yoshi,Wild Wiggler,Paper Glider,Roller
Alberto,85228,Heavy Mii Sonic,Teddy Buggy,Gold Glider,GLA Tires
Panda,119690,Yellow Yoshi,Biddybuggy,Paper Glider,Azure Roller
Panda,119518,Yellow Yoshi,Biddybuggy,Paper Glider,Azure Roller
Panda,106210,Yellow Yoshi,Biddybuggy,Paper Glider,Azure Roller
Panda,106116,Yellow Yoshi,Biddybuggy,Paper Glider,Azure Roller
Panda,106193,Yellow Yoshi,Biddybuggy,Paper Glider,Azure Roller
¥146,106268,White Yoshi,Biddybuggy,Paper Glider,Azure Roller
Zae,74944,Kamek,Streetle,Paper Glider,Azure Roller
しらぬい,102826,Heavy Mii Mario,Circuit Special,Super Glider,Slick
Zae,74892,Kamek,Streetle,Paper Glider,Azure Roller
Technical,74865,Champion Link,Streetle,Paper Glider,Azure Roller
しらぬい,102750,Heavy Mii,Circuit Special,Super Glider,Slick
しらぬい,102723,Dry Bowser,Circuit Special,Super Glider,Cyber Slick
Panda,98559,Yellow Yoshi,Teddy Buggy,Paper Glider,Azure Roller
Panda,98356,Yellow Yoshi,Teddy Buggy,Paper Glider,Azure Roller
Panda,98298,Yellow Yoshi,Teddy Buggy,Paper Glider,Azure Roller
しらぬい,102717,Wario,Circuit Special,Super Glider,Cyber Slick
Tane,72032,Dry Bowser,Circuit Special,Gold Glider,Cyber Slick
Army,72028,Dry Bowser,P-Wing,Gold Glider,Cyber Slick
Army,72015,Dry Bowser,Circuit Special,Gold Glider,Cyber Slick
kisaragi,121366,Male Villager,Streetle,Paper Glider,Azure Roller
Zae,74827,Kamek,Streetle,Paper Glider,Roller
grace,84908,Heavy Mii Bowser,Mach 8,Gold Glider,Crimson Slim
Army,72000,Dry Bowser,Circuit Special,Gold Glider,Cyber Slick
kisaragi,121032,Male Villager,Streetle,Paper Glider,Azure Roller
kisaragi,121256,Male Villager,Streetle,Paper Glider,Azure Roller
Technical,71801,Birdo,Cat Cruiser,Cloud Glider,Roller
Army,71979,Dry Bowser,Circuit Special,Super Glider,Cyber Slick
Technical,71617,Birdo,Cat Cruiser,Cloud Glider,Roller
しらぬい,102669,Dry Bowser,Circuit Special,Super Glider,Slick
kisaragi,120957,Male Villager,Streetle,Paper Glider,Azure Roller
Alberto,117104,Male Villager,Biddybuggy,Paper Glider,Azure Roller
Panda,119468,Yellow Yoshi ,Biddybuggy,Paper Glider,Azure Roller
Panda,119351,Yellow Yoshi ,Biddybuggy,Paper Glider,Azure Roller
Panda,119328,Yellow Yoshi ,Biddybuggy,Paper Glider,Azure Roller
Technical,71364,Birdo,Cat Cruiser,Cloud Glider,Roller
JenZua,64325,Orange Yoshi,Pipe Frame,Paper Glider,Azure Roller
しらぬい,102581,Dry Bowser,Circuit Special,Super Glider,Slick
しらぬい,102546,Dry Bowser,Circuit Special,Super Glider,Slick
Diogo,102418,Dry Bowser,Circuit Special,Super Glider,Cyber Slick
Army,71988,Dry Bowser,Circuit Special,Gold Glider,Cyber Slick
Alberto,86470,Kamek,Streetle,Paper Glider,Azure Roller
Alberto,86429,Kamek,Streetle,Paper Glider,Azure Roller
JenZua,64323,Orange Yoshi,Pipe Frame,Paper Glider,Azure Roller
Army,69181,Daisy,Landship,Flower Glider,Azure Roller
Army,69006,Daisy,Varmint,Flower Glider,Azure Roller
Technical,67805,Yoshi,Landship,Paper Glider,Roller
Alberto,86153,Kamek,Streetle,Paper Glider,Azure Roller
しらぬい,102388,Heavy Mii Crossing,Circuit Special,Super Glider,Slick
Calcaire,120806,Yoshi,Streetle,Paper Glider,Azure Roller
Panda,106092,Yellow Yoshi,Biddybuggy,Paper Glider,Azure Roller
Panda,106052,Yellow Yoshi,Biddybuggy,Paper Glider,Azure Roller
Panda,106003,Yellow Yoshi,Biddybuggy,Paper Glider,Azure Roller
Panda,105909,Yellow Yoshi,Biddybuggy,Paper Glider,Azure Roller
Panda,105818,Yellow Yoshi,Biddybuggy,Paper Glider,Azure Roller
Panda,105758,Yellow Yoshi,Biddybuggy,Paper Glider,Azure Roller
Army,68942,Daisy,Varmint,Flower Glider,Azure Roller
Army,68923,Daisy,Varmint,Flower Glider,Azure Roller
Army,68901,Daisy,Varmint,Flower Glider,Azure Roller
Army,68807,Daisy,Varmint,Flower Glider,Azure Roller
kwartz,56413,Heavy Mii PAC-MAN,Mach 8,Paper Glider,Leaf Tires
Alberto,86306,Kamek,Streetle,Paper Glider,Azure Roller
Alberto,86243,Kamek,Streetle,Paper Glider,Azure Roller
Alberto,86155,Kamek,Streetle,Paper Glider,Azure Roller
Technical,85209,Champion Link,Tanooki Kart,Waddle Wing,GLA Tires
Alberto,85178,King Boo,Tanooki Kart,Gold Glider,GLA Tires
Alberto,85090,King Boo,Tanooki Kart,Gold Glider,GLA Tires
Alberto,84951,King Boo,Tanooki Kart,Gold Glider,GLA Tires
Alberto,84832,Mario,Tanooki Kart,Gold Glider,GLA Tires
Pii,67591,Orange Yoshi,Landship,Flower Glider,Azure Roller
Technical,71561,Birdo,Cat Cruiser,Cloud Glider,Roller
Technical,71502,Birdo,Cat Cruiser,Cloud Glider,Roller
Technical,71465,Birdo,Cat Cruiser,Cloud Glider,Roller
Technical,71254,Birdo,Cat Cruiser,Cloud Glider,Roller
しらぬい,102371,Dry Bowser,Circuit Special,Super Glider,Cyber Slick
Army,102327,Dry Bowser,Circuit Special,Super Glider,Cyber Slick
Alphabet Soup,102313,Heavy Mii DK,Circuit Special,Hylian Kite,Cyber Slick
Army,102266,Dry Bowser,Circuit Special,Super Glider,Cyber Slick
しらぬい,102266,Wario,Circuit Special,Super Glider,Cyber Slick
Panda,120736,Yellow Yoshi,Streetle,Paper Glider,Azure Roller
Alberto,85967,Kamek,Streetle,Paper Glider,Azure Roller
Alberto,86047,Kamek,Streetle,Paper Glider,Azure Roller
JenZua,86395,Orange Yoshi,Inkstriker,Paper Glider,Azure Roller
JenZua,86042,Orange Yoshi,Inkstriker,Paper Glider,Azure Roller
JenZua,85908,Orange Yoshi,Inkstriker,Paper Glider,Azure Roller
Euan,62439,Yellow Yoshi,Pipe Frame,Paper Glider,Azure Roller
Technical,71225,Birdo,Cat Cruiser,Cloud Glider,Roller
Technical,71184,Birdo,Cat Cruiser,Cloud Glider,Roller
Army,71986,Dry Bowser,Circuit Special,Super Glider,Cyber Slick
Army,71961,Dry Bowser,Circuit Special,Super Glider,Cyber Slick
Army,71931,Dry Bowser,Circuit Special,Super Glider,Cyber Slick
Panda,120697,Yellow Yoshi,Streetle,Paper Glider,Azure Roller
Panda,120659,Yellow Yoshi,Streetle,Paper Glider,Azure Roller
Panda,120604,Yellow Yoshi,Streetle,Paper Glider,Azure Roller
Jamie,102264,Heavy Mii,Circuit Special,Super Glider,Slick
Alberto,102025,Heavy Mii Mega Man,Circuit Special,Super Glider,Cyber Slick
Army,102208,Dry Bowser,Circuit Special,Super Glider,Cyber Slick
Army,102145,Wario,Circuit Special,Super Glider,Cyber Slick
Alberto,102132,Heavy Mii,Circuit Special,Super Glider,Cyber Slick
Panda,120279,Yellow Yoshi,Streetle,Paper Glider,Azure Roller
Byron,92836,Yellow Yoshi,Streetle,Paper Glider,Azure Roller
Technical,71116,Birdo (White),Teddy Buggy,Cloud Glider,Azure Roller
Technical,71039,Birdo (White),Teddy Buggy,Cloud Glider,Azure Roller
Technical,71001,Birdo (White),Teddy Buggy,Cloud Glider,Azure Roller
Technical,70957,Birdo (White),Teddy Buggy,Cloud Glider,Azure Roller
Xylix,74647,Kamek,Streetle,Paper Glider,Azure Roller
Vincent,84688,Mario,Tanooki Kart,Gold Glider,GLA Tires
JenZua,73451,Luigi,Pipe Frame,Paper Glider,Azure Roller
Army,73345,Kamek,Pipe Frame,Paper Glider,Azure Roller
JenZua,73441,Luigi,Pipe Frame,Paper Glider,Azure Roller
Panda,61449,Rosalina,Koopa Clown,Super Glider,Cushion
Panda,61389,Rosalina,Koopa Clown,Super Glider,Cushion
Panda,61405,Rosalina,Koopa Clown,Super Glider,Cushion
Army,73424,Luigi,Teddy Buggy,Paper Glider,Azure Roller
Zae,74598,Kamek,Streetle,Paper Glider,Roller
Army,73317,Kamek,Pipe Frame,Paper Glider,Azure Roller
Vincent,84438,Mario,Tanooki Kart,Super Glider,GLA Tires
Byron,92758,Yellow Yoshi,Streetle,Paper Glider,Azure Roller
しらぬい,102112,Heavy Mii Crossing,Circuit Special,Super Glider,Cyber Slick
しらぬい,102082,Heavy Mii Mario,Circuit Special,Super Glider,Cyber Slick
Alberto,102081,Heavy Mii Cpt Falcon,Circuit Special,Super Glider,Cyber Slick
Alberto,102066,Heavy Mii Bowser,Circuit Special,Super Glider,Cyber Slick
Alberto,102060,Heavy Mii Hylian,Circuit Special,Super Glider,Cyber Slick
しらぬい,102051,Heavy Mii Splatoon,Circuit Special,Super Glider,Cyber Slick
Alberto,102048,Heavy Mii Mega Man,Circuit Special,Super Glider,Cyber Slick
Panda,61398,Rosalina,Koopa Clown,Super Glider,Cushion
Alberto,102008,Heavy Mii Mega Man,Circuit Special,Super Glider,Cyber Slick
Panda,61380,Rosalina,Koopa Clown,Super Glider,Cushion
Alberto,84605,Mario,Tanooki Kart,Gold Glider,GLA Tires
Panda,61354,Rosalina,Koopa Clown,Super Glider,Cushion
Army,73414,Kamek,Pipe Frame,Paper Glider,Azure Roller
Panda,61343,Rosalina,Koopa Clown,Super Glider,Cushion
Vincent,84567,Mario,Tanooki Kart,Super Glider,GLA Tires
Zae,74444,Kamek,Streetle,Paper Glider,Azure Roller
Vincent,84476,Mario,Tanooki Kart,Super Glider,GLA Tires
Vincent,84445,Mario,Tanooki Kart,Super Glider,GLA Tires
Technical,86182,King Boo,Landship,Super Glider,Roller
Alpaco,98280,Red Yoshi,Biddybuggy,Paper Glider,Azure Roller
Alpaco,98211,Red Yoshi,Biddybuggy,Paper Glider,Azure Roller
Alberto,102006,Heavy Mii PAC-MAN,Circuit Special,Super Glider,Cyber Slick
Alberto,101991,Heavy Mii PAC-MAN,Circuit Special,Super Glider,Cyber Slick
Panda,98155,Yellow Yoshi,Biddybuggy,Paper Glider,Azure Roller
Panda,98122,Yellow Yoshi,Biddybuggy,Paper Glider,Azure Roller
Panda,98112,Yellow Yoshi,Biddybuggy,Paper Glider,Azure Roller
Panda,97924,Yellow Yoshi,Biddybuggy,Paper Glider,Azure Roller
Panda,97910,Yellow Yoshi,Biddybuggy,Paper Glider,Azure Roller
Alberto,76926,King Boo,Koopa Clown,Paper Glider,Blue Standard
Alberto,64402,Koopa Troopa,Streetle,Paper Glider,Cushion
Alberto,64345,Koopa Troopa,Streetle,Paper Glider,Cushion
Alberto,64249,Koopa Troopa,Streetle,Paper Glider,Cushion
Alberto,64230,Koopa Troopa,Streetle,Paper Glider,Cushion
Alberto,64209,Koopa Troopa,Streetle,Paper Glider,Cushion
Vincent,84321,Mario,Tanooki Kart,Super Glider,GLA Tires
alpha,62057,Pink Yoshi,Pipe Frame,Cloud Glider,Azure Roller
しののめ,91885,Black Yoshi,Koopa Clown,Super Glider,Ancient Tires
Alberto,76316,White Yoshi,Koopa Clown,Paper Glider,Sponge
Vincent,84319,Mario,Tanooki Kart,Super Glider,GLA Tires
Byron,92596,White Yoshi,Streetle,Paper Glider,Azure Roller
frog,112074,Yoshi,Biddybuggy,Paper Glider,Azure Roller
stove,85210,Red Yoshi,Mr. Scooty,Paper Glider,Azure Roller
Alberto,85198,Yoshi,Mr. Scooty,Paper Glider,Azure Roller
ヒビキ,112029,Pink Yoshi,Biddybuggy,Paper Glider,Azure Roller
ヒビキ,111968,Black Yoshi,Biddybuggy,Paper Glider,Roller
Alberto,76287,White Yoshi,Koopa Clown,Paper Glider,Sponge
Army,68755,Daisy,City Tripper,Paper Glider,Azure Roller
Army,68662,Daisy,City Tripper,Paper Glider,Azure Roller
Technical,66855,Kamek,Landship,Cloud Glider,Azure Roller
Vincent,84196,Mario,Tanooki Kart,Super Glider,GLA Tires
Tane,71920,Heavy Mii Splatoon,Circuit Special,Waddle Wing,Slick
Alberto,76275,White Yoshi,Koopa Clown,Paper Glider,Sponge
Alberto,76212,White Yoshi,Koopa Clown,Paper Glider,Sponge
Army,71918,Heavy Mii Cpt Falcon,Circuit Special,Super Glider,Slick
alpha,62013,Pink Yoshi,Pipe Frame,Cloud Glider,Azure Roller
Vincent,84021,Mario,Tanooki Kart,Super Glider,GLA Tires
Vincent,84009,Mario,Tanooki Kart,Super Glider,GLA Tires
kwartz,56412,Heavy Mii Yoshi,Mach 8,Paper Glider,Leaf Tires
kwartz,56407,Heavy Mii Yoshi,Mach 8,Paper Glider,Leaf Tires
kwartz,56400,Heavy Mii Crossing,Mach 8,Paper Glider,Leaf Tires
Tane,71909,Heavy Mii Splatoon,Circuit Special,Waddle Wing,Slick
Tane,71890,Heavy Mii Splatoon,Circuit Special,Waddle Wing,Slick
しののめ,91988,Black Yoshi,Koopa Clown,Gold Glider,GLA Tires
ゆうっち,91979,Heavy Mii,W 25 Silver Arrow,Paper Glider,GLA Tires
Alberto,82014,Kamek,Mach 8,Paper Glider,Crimson Slim
Technical,66846,Kamek,Landship,Paper Glider,Azure Roller
しののめ,91942,Black Yoshi,Koopa Clown,Super Glider,Ancient Tires
Alberto,62006,Male Villager,Pipe Frame,Paper Glider,Azure Roller
Pii,67578,Orange Yoshi,Landship,Flower Glider,Azure Roller
Panda,97828,Yellow Yoshi,Biddybuggy,Paper Glider,Azure Roller
Glooba,119711,Birdo (Yellow),Biddybuggy,Paper Glider,Roller
Alberto,85204,Yoshi,Mr. Scooty,Paper Glider,Azure Roller
Alberto,85152,Yoshi,Mr. Scooty,Paper Glider,Azure Roller
Alberto,85158,Yoshi,Mr. Scooty,Paper Glider,Azure Roller
Panda,97736,Yellow Yoshi,Biddybuggy,Paper Glider,Azure Roller
Panda,97508,Yellow Yoshi,Biddybuggy,Paper Glider,Azure Roller
Braydon,90703,Daisy,Pipe Frame,Parachute,Azure Roller
Army,90670,Tanooki Mario,Pipe Frame,Paper Glider,Azure Roller
Army,71854,Heavy Mii Cpt Falcon,B Dasher,Super Glider,Cyber Slick
ろーる,72662,Heavy Mii Splatoon,Mach 8,Paper Glider,Slim
Army,71834,Heavy Mii Kirby,B Dasher,Super Glider,Cyber Slick
Pii,80588,Heavy Mii Cpt Falcon,Mach 8,Cloud Glider,Wood
Technical,66823,Kamek,Landship,Paper Glider,Azure Roller
ゆうっち,91820,Heavy Mii Splatoon,Koopa Clown,Super Glider,GLA Tires
Army,75670,Daisy,Streetle,Paper Glider,Azure Roller
Alberto,75640,White Yoshi,Landship,Paper Glider,Azure Roller
Alberto,75636,White Yoshi,Landship,Paper Glider,Azure Roller
Alberto,75635,White Yoshi,Landship,Paper Glider,Azure Roller
Alberto,75611,White Yoshi,Landship,Paper Glider,Azure Roller
Alberto,75604,White Yoshi,Landship,Paper Glider,Azure Roller
Alberto,75598,White Yoshi,Landship,Paper Glider,Azure Roller
SirBookwriter,91707,King Boo,Tanooki Kart,Super Glider,GLA Tires
Army,68624,Pink Yoshi,Varmint,Paper Glider,Azure Roller
Alberto,82040,Kamek,Mach 8,Paper Glider,Crimson Slim
Army,68546,Pink Yoshi,Varmint,Paper Glider,Azure Roller
Technical,66806,Kamek,Landship,Paper Glider,Azure Roller
Technical,66755,Kamek,Landship,Paper Glider,Azure Roller
Alberto,75573,White Yoshi,Landship,Paper Glider,Azure Roller
Alberto,75569,White Yoshi,Landship,Paper Glider,Azure Roller
Vincent,83967,Medium Mii,Tanooki Kart,Super Glider,GLA Tires
Alberto,81984,Kamek,Mach 8,Paper Glider,Crimson Slim
k,116740,Yoshi,Koopa Clown,Paper Glider,Ancient Tires
stove,113631,Yoshi,Biddybuggy,Paper Glider,Roller
F。,103598,Luigi,Teddy Buggy,Paper Glider,Azure Roller
Technical,69554,Dry Bowser,Mach 8,Gold Glider,Crimson Slim
Pii,67472,Orange Yoshi,Landship,Cloud Glider,Azure Roller
Panda,77064,Yellow Yoshi,Streetle,Paper Glider,Off-Road
Pii,67534,Orange Yoshi,Landship,Cloud Glider,Azure Roller
Alberto,88141,Wiggler,Teddy Buggy,Paper Glider,Azure Roller
Alberto,87987,Wiggler,Teddy Buggy,Paper Glider,Azure Roller
Alberto,88103,Wiggler,Teddy Buggy,Paper Glider,Azure Roller
Alberto,88060,Wiggler,Teddy Buggy,Paper Glider,Azure Roller
Technical,69527,Dry Bowser,Tanooki Kart,Gold Glider,Crimson Slim
Technical,69505,Dry Bowser,Tanooki Kart,Gold Glider,Crimson Slim
しらぬい,73889,Male Villager,Pipe Frame,Paper Glider,Azure Roller
しののめ,91798,Rosalina,Koopa Clown,Super Glider,GLA Tires
Alberto,88026,Wiggler,Teddy Buggy,Paper Glider,Azure Roller
Panda,97676,Yellow Yoshi,Biddybuggy,Paper Glider,Azure Roller
もぺち,83323,Light-blue Yoshi,Biddybuggy,Paper Glider,Azure Roller
Panda,97659,Yellow Yoshi,Biddybuggy,Paper Glider,Azure Roller
Panda,97618,Yellow Yoshi,Biddybuggy,Paper Glider,Azure Roller
deadmate,67154,Yoshi,Teddy Buggy,Paper Glider,Azure Roller
Panda,97616,Yellow Yoshi,Biddybuggy,Paper Glider,Azure Roller
Army,103560,Kamek,Teddy Buggy,Paper Glider,Azure Roller
Alberto,88014,Wiggler,Teddy Buggy,Paper Glider,Azure Roller
Alberto,80824,Dry Bowser,Teddy Buggy,Gold Glider,Crimson Slim
Vincent,83897,King Boo,Tanooki Kart,Paper Glider,GLA Tires
しののめ,91707,Rosalina,Koopa Clown,Super Glider,GLA Tires
Alberto,80774,Heavy Mii Bowser,Teddy Buggy,Hylian Kite,Crimson Slim
しらぬい,115570,White Yoshi,Biddybuggy,Paper Glider,Azure Roller
Alberto,115412,Light-blue Yoshi,Biddybuggy,Paper Glider,Azure Roller
Alberto,115506,Light-blue Yoshi,Biddybuggy,Paper Glider,Azure Roller
Army,103489,Kamek,Teddy Buggy,Paper Glider,Azure Roller
alpha,44731,Baby Peach,Mr. Scooty,Cloud Glider,Button
Alberto,115477,Light-blue Yoshi,Biddybuggy,Paper Glider,Azure Roller
ヒビキ,111964,Black Yoshi,Biddybuggy,Paper Glider,Roller
ヒビキ,111943,Black Yoshi,Biddybuggy,Paper Glider,Roller
ヒビキ,111893,Black Yoshi,Biddybuggy,Paper Glider,Roller
Alberto,115453,Light-blue Yoshi,Biddybuggy,Paper Glider,Azure Roller
Alberto,115397,Light-blue Yoshi,Biddybuggy,Paper Glider,Azure Roller
Alberto,115394,Light-blue Yoshi,Biddybuggy,Paper Glider,Azure Roller
Alberto,115367,Light-blue Yoshi,Biddybuggy,Paper Glider,Azure Roller
Paco,85876,Daisy,Pipe Frame,Cloud Glider,Azure Roller
Calcaire,116071,Light-blue Yoshi,Koopa Clown,Paper Glider,Ancient Tires
ヒビキ,111842,Black Yoshi,Biddybuggy,Paper Glider,Roller
Vincent,121929,White Yoshi,Biddybuggy,Paper Glider,Azure Roller
Vincent,121704,White Yoshi,Biddybuggy,Paper Glider,Azure Roller
Byron,92578,Light-Blue Yoshi,Streetle,Paper Glider,Azure Roller
JenZua,70940,Kamek,Inkstriker,Paper Glider,Azure Roller
FA,60442,Wario,Mach 8,Paper Glider,Leaf Tires
Matt,71824,Dry Bowser,B Dasher,Super Glider,Cyber Slick
4laps2win,61314,Rosalina,Koopa Clown,Waddle Wing,Cushion
Panda,76982,Yellow Yoshi,Streetle,Paper Glider,Retro Off-Road
Byron,92540,Yellow Yoshi,Streetle,Paper Glider,Azure Roller
Vincent,121533,White Yoshi,Biddybuggy,Paper Glider,Azure Roller
Vincent,121373,White Yoshi,Biddybuggy,Paper Glider,Azure Roller
Calcaire,116730,Yoshi,Koopa Clown,Paper Glider,Ancient Tires
もぺち,83234,Light-blue Yoshi,Biddybuggy,Paper Glider,Azure Roller
Alpaco,87014,Light-blue Yoshi,Pipe Frame,Paper Glider,Azure Roller
Alberto,117838,White Yoshi,Streetle,Paper Glider,Azure Roller
Panda,105711,Yellow Yoshi,Biddybuggy,Paper Glider,Azure Roller
Panda,105623,Yellow Yoshi,Biddybuggy,Paper Glider,Azure Roller
Technical,70765,Yoshi,Teddy Buggy,Paper Glider,Roller
Technical,70801,Yoshi,Teddy Buggy,Paper Glider,Roller
Technical,70901,Yoshi,Teddy Buggy,Paper Glider,Roller
Technical,70879,Yoshi,Teddy Buggy,Paper Glider,Roller
Technical,70875,Light-blue Yoshi,Teddy Buggy,Paper Glider,Roller
Panda,61288,Rosalina,Koopa Clown,Super Glider,Cushion
Panda,61255,Rosalina,Koopa Clown,Super Glider,Cushion
Panda,61154,Rosalina,Koopa Clown,Super Glider,Cushion
Panda,76879,Yellow Yoshi,Streetle,Paper Glider,Retro Off-Road
Alberto,72869,White Yoshi,Pipe Frame,Paper Glider,Azure Roller
Alberto,84881,Heavy Mii Wario,Mach 8,Gold Glider,Crimson Slim
Panda,105751,Yellow Yoshi,Biddybuggy,Paper Glider,Azure Roller
Panda,105735,Yellow Yoshi,Biddybuggy,Paper Glider,Azure Roller
k,116221,Yoshi,Koopa Clown,Paper Glider,Ancient Tires
Mana,100170,Daisy,Biddybuggy,Paper Glider,Azure Roller
Technical,111986,Kamek,Mach 8,Paper Glider,Crimson Slim
Jotrix,85852,Blue Yoshi,Pipe Frame,Paper Glider,Azure Roller
Alberto,85841,White Yoshi,Pipe Frame,Cloud Glider,Azure Roller
Alberto,85803,White Yoshi,Pipe Frame,Cloud Glider,Azure Roller
Alberto,85754,White Yoshi,Pipe Frame,Cloud Glider,Azure Roller
Alberto,100081,Teal Inkling Boy,Biddybuggy,Flower Glider,Azure Roller
なえトル,117045,Black Yoshi,Biddybuggy,Paper Glider,Azure Roller
Army,86224,Rosalina,Koopa Clown,Paper Glider,Ancient Tires
k,115523,Yoshi,Koopa Clown,Paper Glider,Ancient Tires
Alberto,117014,Light-blue Yoshi,Biddybuggy,Paper Glider,Azure Roller
fairy,86945,Yoshi,Teddy Buggy,Paper Glider,Azure Roller
Matt,71819,Dry Bowser,B Dasher,Super Glider,Cyber Slick
Alberto,117745,Light-blue Yoshi,Streetle,Paper Glider,Azure Roller
Matt,71789,Dry Bowser,B Dasher,Super Glider,Cyber Slick
Pii,99497,Light-blue Yoshi,Mr. Scooty,Paper Glider,Azure Roller
JenZua,67435,Orange Yoshi,Pipe Frame,Paper Glider,Azure Roller
Panda,131326,Yellow Yoshi ,Biddybuggy,Paper Glider,Azure Roller
Army,86093,Pink Yoshi,Biddybuggy,Paper Glider,Azure Roller
Pii,67331,Orange Yoshi,Pipe Frame,Flower Glider,Azure Roller
ゆうっち,91619,Rosalina,Koopa Clown,Super Glider,GLA Tires
JenZua,85872,Kamek,Biddybuggy,Paper Glider,Leaf Tires
JenZua,67427,Orange Yoshi,Pipe Frame,Paper Glider,Azure Roller
のり,112328,White Yoshi,Streetle,Paper Glider,Azure Roller
はるいろ,112302,Pink Yoshi,Streetle,Paper Glider,Azure Roller
Alberto,104241,White Yoshi,Mr. Scooty,Paper Glider,Azure Roller
Mirai,62362,Black Yoshi,Pipe Frame,Waddle Wing,Azure Roller
Mirai,62213,Yoshi,Pipe Frame,Super Glider,Azure Roller
Technical,85948,Kamek,Streetle,Paper Glider,Azure Roller
Technical,85854,Kamek,Streetle,Paper Glider,Azure Roller
Technical,85787,Kamek,Streetle,Paper Glider,Azure Roller
Technical,85431,Kamek,Streetle,Paper Glider,Azure Roller
Astro,61832,White Yoshi,Pipe Frame,Paper Glider,Azure Roller
Ziline,117704,Yoshi,Streetle,Paper Glider,Azure Roller
Ziline,117670,Yoshi,Streetle,Paper Glider,Azure Roller
Army,85971,Pink Yoshi,Biddybuggy,Paper Glider,Azure Roller
Alberto,117596,Light-blue Yoshi,Streetle,Paper Glider,Azure Roller
Alberto,117408,White Yoshi,Streetle,Paper Glider,Azure Roller
F。,101244,Black Yoshi,Biddybuggy,Paper Glider,Azure Roller
Alberto,116882,Yoshi,Biddybuggy,Paper Glider,Azure Roller
Alberto,117541,White Yoshi,Streetle,Paper Glider,Azure Roller
F。,101161,Black Yoshi,Biddybuggy,Paper Glider,Azure Roller
らくbot,120992,Waluigi,Teddy Buggy,Paper Glider,Azure Roller
Matt,71775,Dry Bowser,B Dasher,Super Glider,Cyber Slick
Panda,142926,Yellow Yoshi,Pipe Frame,Paper Glider,Azure Roller
Panda,142880,Iggy,Pipe Frame,Paper Glider,Azure Roller
F。,101118,Black Yoshi,Biddybuggy,Paper Glider,Azure Roller
Panda,142807,Iggy,Pipe Frame,Paper Glider,Azure Roller
クロト,107290,Waluigi,Biddybuggy,Paper Glider,Roller
クロト,107179,Waluigi,Biddybuggy,Paper Glider,Roller
Army,58341,King Boo,Koopa Clown,Super Glider,Ancient Tires
Army,58262,King Boo,Koopa Clown,Super Glider,Ancient Tires
Technical,91596,Champion Link,Koopa Clown,Super Glider,Standard
Technical,91583,Champion Link,Koopa Clown,Super Glider,Standard
Technical,91467,Champion Link,Koopa Clown,Super Glider,Standard
Mirai,62273,Yoshi,Pipe Frame,Super Glider,Azure Roller
Alberto,83309,Rosalina,W 25 Silver Arrow,Super Glider,Azure Roller
Mirai,62195,Light-blue Yoshi,Pipe Frame,Super Glider,Azure Roller
Zae,74399,Yoshi,Teddy Buggy,Super Glider,Azure Roller
Matt,71770,Dry Bowser,B Dasher,Super Glider,Cyber Slick
Matt,71750,Dry Bowser,B Dasher,Super Glider,Cyber Slick
Alberto,74307,Black Yoshi,Pipe Frame,Super Glider,Azure Roller
Alberto,74203,Black Yoshi,Pipe Frame,Super Glider,Azure Roller
SorNano,83386,Wario,Mach 8,Paper Glider,Leaf Tires
F。,101033,Black Yoshi,Biddybuggy,Paper Glider,Azure Roller
F。,101023,Black Yoshi,Biddybuggy,Paper Glider,Azure Roller
F。,101004,Black Yoshi,Biddybuggy,Paper Glider,Azure Roller
Matt,71732,Dry Bowser,B Dasher,Super Glider,Cyber Slick
そーなのかー,60401,Heavy Mii,Mach 8,Cloud Glider,Crimson Slim
Mirai,86395,Peachette,Streetle,Paper Glider,Azure Roller
Matt,71726,Dry Bowser,B Dasher,Super Glider,Cyber Slick
Vincent,79274,White Yoshi,Biddybuggy,Paper Glider,Azure Roller
Panda,119123,Yellow Yoshi,Streetle,Paper Glider,Azure Roller
StervtL,112296,Daisy,Streetle,Paper Glider,Azure Roller
F。,100937,Black Yoshi,Biddybuggy,Paper Glider,Azure Roller
Alberto,117337,Light-blue Yoshi,Teddy Buggy,Paper Glider,Azure Roller
SeLe,113061,Morton,Streetle,Super Glider,Slim
SeLe,112253,Morton,Streetle,Super Glider,Slim
かたゆ,94345,Rosalina,Cat Cruiser,Paper Glider,Cushion
Vincent,105731,White Yoshi,Biddybuggy,Paper Glider,Azure Roller
しらぬい,83374,Heavy Mii Mario,Mach 8,Paper Glider,Crimson Slim
Vincent,105686,White Yoshi,Biddybuggy,Paper Glider,Azure Roller
Vincent,105563,Light-blue Yoshi,Biddybuggy,Paper Glider,Azure Roller
Alberto,104229,White Yoshi,Mr. Scooty,Paper Glider,Azure Roller
しらぬい,83365,Heavy Mii Crossing,Mach 8,Paper Glider,Crimson Slim
しらぬい,83338,Heavy Mii Crossing,Mach 8,Paper Glider,Crimson Slim
Byron,94288,King Boo,Cat Cruiser,Paper Glider,Cushion
Fuga,118192,Light-blue Yoshi,Biddybuggy,Paper Glider,Roller
Army,88494,Pink Yoshi,Biddybuggy,Paper Glider,Azure Roller
F。,100907,Black Yoshi,Biddybuggy,Paper Glider,Azure Roller
F。,100876,Black Yoshi,Biddybuggy,Paper Glider,Azure Roller
Panda,119253,Yellow Yoshi,Biddybuggy,Paper Glider,Azure Roller
Panda,119093,Yellow Yoshi,Biddybuggy,Paper Glider,Azure Roller
Matt,71723,Dry Bowser,B Dasher,Super Glider,Cyber Slick
Pii,118067,Black Yoshi,Biddybuggy,Paper Glider,Azure Roller
Pii,117960,Black Yoshi,Biddybuggy,Paper Glider,Azure Roller
はるいろ,112233,Yoshi,Streetle,Paper Glider,Azure Roller
Alberto,76130,White Yoshi,Koopa Clown,Paper Glider,Sponge
Army,74330,Kamek,Pipe Frame,Paper Glider,Azure Roller
しらぬい,83308,Heavy Mii,Mach 8,Cloud Glider,Crimson Slim
Draygo,79474,Rosalina,Inkstriker,Cloud Glider,Leaf Tires
Technical,86178,King Boo,Koopa Clown,Super Glider,Roller
Technical,86056,King Boo,Koopa Clown,Super Glider,Roller
grace,76926,King Boo,Koopa Clown,Paper Glider,GLA Tires
Technical,91513,Kamek,Biddybuggy,Cloud Glider,Roller
もぺち,83150,Light-blue Yoshi,Biddybuggy,Paper Glider,Azure Roller
Yerson,101219,Yellow Yoshi,Biddybuggy,Paper Glider,Roller
ヒビキ,111764,Black Yoshi,Biddybuggy,Paper Glider,Roller
Alberto,99246,Blue Yoshi,Mr. Scooty,Paper Glider,Azure Roller
Army,112742,Orange Yoshi,Biddybuggy,Paper Glider,Azure Roller
Panda,120220,Yellow Yoshi,Streetle,Paper Glider,Azure Roller
Alberto,99456,White Yoshi,Mr. Scooty,Paper Glider,Azure Roller
Alberto,99400,White Yoshi,Mr. Scooty,Paper Glider,Azure Roller
Alberto,99377,Blue Yoshi,Mr. Scooty,Paper Glider,Azure Roller
Vincent,99307,White Yoshi,Mr. Scooty,Paper Glider,Azure Roller
Vincent,99101,White Yoshi,Mr. Scooty,Paper Glider,Azure Roller
Alberto,99219,Birdo (Black),Mr. Scooty,Paper Glider,Azure Roller
Army,112849,Orange Yoshi,Biddybuggy,Paper Glider,Azure Roller
Braydon,112858,Orange Yoshi,Biddybuggy,Parachute,Azure Roller
Alberto,99082,Light-blue Yoshi,Mr. Scooty,Paper Glider,Azure Roller
Pii,59436,Luigi,Biddybuggy,Paper Glider,Button
もぺち,83014,Light-blue Yoshi,Biddybuggy,Paper Glider,Azure Roller
bup,78625,Wario,Inkstriker,Flower Glider,Crimson Slim
Army,76655,Kamek,Teddy Buggy,Super Glider,Crimson Slim
Vincent,98995,White Yoshi,Mr. Scooty,Paper Glider,Azure Roller
Technical,69497,Heavy Mii Yoshi,Tanooki Kart,Gold Glider,Crimson Slim
Technical,69446,Funky Kong,Tanooki Kart,Gold Glider,Crimson Slim
Technical,70762,Yoshi,Teddy Buggy,Paper Glider,Roller
Alpaco,105900,Pink Yoshi,Biddybuggy,Paper Glider,Azure Roller
ths,105649,White Yoshi,Biddybuggy,Paper Glider,Azure Roller
Panda,104402,Yellow Yoshi,Biddybuggy,Paper Glider,Azure Roller
Alpaco,105491,Yoshi,Biddybuggy,Paper Glider,Azure Roller
ths,105341,White Yoshi,Biddybuggy,Paper Glider,Azure Roller
ths,105171,White Yoshi,Biddybuggy,Paper Glider,Azure Roller
ths,105014,White Yoshi,Biddybuggy,Paper Glider,Azure Roller
Panda,104759,Yellow Yoshi,Biddybuggy,Paper Glider,Azure Roller
Panda,104677,Yellow Yoshi,Biddybuggy,Paper Glider,Azure Roller
Bruh,75416,Red Yoshi,Teddy Buggy,Super Glider,Roller
ヘリッパー,75228,Peachette,Teddy Buggy,Super Glider,Azure Roller
ヘリッパー,75124,Peachette,Teddy Buggy,Super Glider,Azure Roller
Technical,75410,Peachette,Teddy Buggy,Super Glider,Roller
Technical,75257,Peachette,Teddy Buggy,Super Glider,Roller
Technical,75212,Yoshi,Teddy Buggy,Super Glider,Roller
Technical,75185,Yoshi,Teddy Buggy,Super Glider,Roller
Technical,75098,Luigi,Teddy Buggy,Paper Glider,Azure Roller
Technical,75053,Luigi,Pipe Frame,Paper Glider,Azure Roller
Technical,74957,Luigi,Pipe Frame,Paper Glider,Azure Roller
Technical,74895,Luigi,Pipe Frame,Paper Glider,Azure Roller
Technical,74776,Luigi,Pipe Frame,Paper Glider,Azure Roller
Alberto,74917,Kamek,Pipe Frame,Paper Glider,Azure Roller
Alberto,74845,Kamek,Pipe Frame,Paper Glider,Azure Roller
Alberto,74840,Kamek,Pipe Frame,Paper Glider,Azure Roller
Alberto,74748,Kamek,Pipe Frame,Paper Glider,Azure Roller
Alberto,74614,Kamek,Pipe Frame,Paper Glider,Azure Roller
ths,134377,White Yoshi,Biddybuggy,Paper Glider,Azure Roller
Panda,132246,Yellow Yoshi,Biddybuggy,Paper Glider,Azure Roller
Brandon,134184,Red Yoshi,Biddybuggy,Flower Glider,Roller
Brandon,133555,Red Yoshi,Biddybuggy,Flower Glider,Roller
StervtL,133443,Light-blue Yoshi,Biddybuggy,Paper Glider,Azure Roller
Panda,133039,Yellow Yoshi,Biddybuggy,Paper Glider,Azure Roller
Panda,132643,Yellow Yoshi,Biddybuggy,Paper Glider,Azure Roller
Panda,132510,Yellow Yoshi,Biddybuggy,Paper Glider,Azure Roller
Panda,132442,Yellow Yoshi,Biddybuggy,Paper Glider,Azure Roller
JenZua,108397,Orange Yoshi,Pipe Frame,Paper Glider,Azure Roller
JenZua,108362,Orange Yoshi,Pipe Frame,Paper Glider,Azure Roller
JenZua,108390,Orange Yoshi,Pipe Frame,Paper Glider,Azure Roller
JenZua,107796,Orange Yoshi,Pipe Frame,Paper Glider,Azure Roller
JenZua,107969,Orange Yoshi,Pipe Frame,Paper Glider,Azure Roller
JenZua,107764,Orange Yoshi,Pipe Frame,Paper Glider,Azure Roller
JenZua,107418,Orange Yoshi,Pipe Frame,Paper Glider,Azure Roller
Vincent,109173,Light-blue Yoshi,Teddy Buggy,Paper Glider,Azure Roller
JenZua,107364,Orange Yoshi,Pipe Frame,Paper Glider,Azure Roller
JenZua,107073,Orange Yoshi,Pipe Frame,Paper Glider,Azure Roller
Vincent,108972,Light-blue Yoshi,Teddy Buggy,Paper Glider,Azure Roller
Vincent,108727,Light-blue Yoshi,Teddy Buggy,Paper Glider,Azure Roller
Vincent,108514,Light-blue Yoshi,Teddy Buggy,Paper Glider,Azure Roller
Vincent,108439,Light-blue Yoshi,Teddy Buggy,Paper Glider,Azure Roller
Vincent,108282,Light-blue Yoshi,Teddy Buggy,Paper Glider,Azure Roller
Army,77853,Pauline,Teddy Buggy,Paper Glider,Azure Roller
Army,77518,Pauline,Teddy Buggy,Super Glider,Crimson Slim
Army,77492,Pauline,Teddy Buggy,Super Glider,Crimson Slim
Army,77325,Pauline,Teddy Buggy,Super Glider,Crimson Slim
Army,77264,Pauline,Teddy Buggy,Super Glider,Crimson Slim
Army,77217,Pauline,Teddy Buggy,Super Glider,Crimson Slim
Army,77106,Pauline,Teddy Buggy,Super Glider,Crimson Slim
Army,77067,Pauline,Teddy Buggy,Super Glider,Crimson Slim
Army,76938,Kamek,Teddy Buggy,Super Glider,Crimson Slim
Army,76899,Kamek,Teddy Buggy,Super Glider,Crimson Slim
Army,76868,Kamek,Teddy Buggy,Super Glider,Crimson Slim
Army,76784,Kamek,Teddy Buggy,Super Glider,Crimson Slim
Army,76751,Kamek,Teddy Buggy,Super Glider,Crimson Slim
Ziline,123881,Peachette,Streetle,Paper Glider,Azure Roller
Doodle,87706,Medium Mii Dolphin,Streetle,Paper Glider,Azure Roller
Ziline,123637,Peachette,Streetle,Paper Glider,Azure Roller
Ziline,123228,Peachette,Streetle,Paper Glider,Azure Roller
Ziline,122885,Peachette,Streetle,Paper Glider,Azure Roller
Ziline,122771,Peachette,Streetle,Paper Glider,Azure Roller
Ziline,122561,Peachette,Streetle,Paper Glider,Azure Roller
Ziline,122464,Peachette,Streetle,Paper Glider,Azure Roller
Ziline,122248,Peachette,Streetle,Paper Glider,Azure Roller
Ziline,121514,Peachette,Streetle,Paper Glider,Azure Roller
Ziline,121360,Peachette,Streetle,Paper Glider,Azure Roller
kisaragi,121657,Blue Yoshi,Streetle,Cloud Glider,Azure Roller
はるいろ,122230,Pink Yoshi,Streetle,Paper Glider,Azure Roller
ラス,122171,Light-blue Yoshi,Streetle,Paper Glider,Azure Roller
ラス,121907,Light-blue Yoshi,Streetle,Paper Glider,Azure Roller
ラス,121333,Light-blue Yoshi,Streetle,Paper Glider,Roller
ラス,121281,Light-blue Yoshi,Streetle,Paper Glider,Roller
ラス,121076,Light-blue Yoshi,Streetle,Paper Glider,Roller
iXA,115625,Blue Yoshi,Teddy Buggy,Paper Glider,Azure Roller
Doodle,87654,Yellow Yoshi,Streetle,Paper Glider,Azure Roller
Doodle,87569,Yellow Yoshi,Streetle,Paper Glider,Azure Roller
Doodle,87421,Yellow Yoshi,Streetle,Paper Glider,Azure Roller
Doodle,87275,Yellow Yoshi,Streetle,Paper Glider,Azure Roller
Doodle,87188,Yellow Yoshi,Streetle,Paper Glider,Azure Roller
Doodle,87131,Yellow Yoshi,Landship,Paper Glider,Azure Roller
Doodle,86878,Yellow Yoshi,Landship,Paper Glider,Azure Roller
Mirai,86970,Peachette,Streetle,Paper Glider,Azure Roller
Mirai,86788,Peachette,Streetle,Paper Glider,Azure Roller
Mirai,86777,Peachette,Streetle,Paper Glider,Azure Roller
Mirai,86640,Peachette,Streetle,Paper Glider,Azure Roller
¥146,118317,White Yoshi,Biddybuggy,Paper Glider,Azure Roller
はすのあ,117969,Birdo,Yoshi Bike,Paper Glider,Roller
Wa,118304,Pink Yoshi,Mr. Scooty,Paper Glider,Azure Roller
Wa,118217,Pink Yoshi,Mr. Scooty,Paper Glider,Azure Roller
Zakaria,118207,Orange Yoshi,Yoshi Bike,Paper Glider,Azure Roller
Angel,118064,White Yoshi,Teddy Buggy,Cloud Glider,Azure Roller
Alberto,117823,Red Yoshi,Mr. Scooty,Flower Glider,Azure Roller
Alberto,117892,Red Yoshi,Mr. Scooty,Flower Glider,Azure Roller
Alberto,117509,Red Yoshi,Mr. Scooty,Flower Glider,Azure Roller
Alberto,117783,Red Yoshi,Mr. Scooty,Flower Glider,Azure Roller
Alberto,117309,Red Yoshi,Mr. Scooty,Flower Glider,Azure Roller
Alberto,117372,Red Yoshi,Mr. Scooty,Flower Glider,Azure Roller
Zae,84701,Peachette,Teddy Buggy,Super Glider,Azure Roller
Alberto,117090,Red Yoshi,Mr. Scooty,Flower Glider,Azure Roller
JenZua,83440,Luigi,Pipe Frame,Paper Glider,Azure Roller
Zae,84583,Peachette,Teddy Buggy,Paper Glider,Azure Roller
JenZua,84445,Luigi,Pipe Frame,Paper Glider,Azure Roller
JenZua,84365,Luigi,Pipe Frame,Paper Glider,Azure Roller
JenZua,84183,Luigi,Pipe Frame,Paper Glider,Azure Roller
JenZua,84079,Luigi,Pipe Frame,Paper Glider,Azure Roller
JenZua,84070,Luigi,Pipe Frame,Paper Glider,Azure Roller
JenZua,83928,Luigi,Pipe Frame,Paper Glider,Azure Roller
JenZua,83818,Orange Yoshi,Pipe Frame,Paper Glider,Azure Roller
JenZua,83770,Luigi,Pipe Frame,Paper Glider,Azure Roller
JenZua,83641,Luigi,Pipe Frame,Paper Glider,Azure Roller
JenZua,83603,Luigi,Pipe Frame,Paper Glider,Azure Roller
JenZua,83598,Luigi,Pipe Frame,Paper Glider,Azure Roller
JenZua,83534,Luigi,Pipe Frame,Paper Glider,Azure Roller
Technical,112997,Kamek,Mach 8,Paper Glider,Crimson Slim
Panda,104443,Yellow Yoshi,Biddybuggy,Paper Glider,Azure Roller
Technical,112847,Kamek,Mach 8,Paper Glider,Crimson Slim
Technical,112786,Kamek,Mach 8,Paper Glider,Crimson Slim
Technical,112609,Kamek,Mach 8,Paper Glider,Crimson Slim
Technical,112517,Kamek,Mach 8,Paper Glider,Crimson Slim
Technical,112422,Kamek,Mach 8,Paper Glider,Crimson Slim
Technical,112371,Kamek,Mach 8,Paper Glider,Crimson Slim
Pii,86666,Rosalina,Koopa Clown,Cloud Glider,Ancient Tires
Army,86653,Pauline,Koopa Clown,Paper Glider,Ancient Tires
Army,86594,Pauline,Koopa Clown,Paper Glider,Ancient Tires
Army,86577,Pauline,Koopa Clown,Paper Glider,Ancient Tires
James,155542,Dry Bowser,Mach 8,Paper Glider,Leaf Tires
Engel,155062,Funky Kong,Mach 8,Paper Glider,Leaf Tires
Engel,155372,Funky Kong,Mach 8,Paper Glider,Leaf Tires
Byron,154881,Funky Kong,Mach 8,Paper Glider,Leaf Tires
Engel,154933,Funky Kong,Mach 8,Paper Glider,Leaf Tires
k,154358,Heavy Mii Moo Moo,Mach 8,Paper Glider,Crimson Slim
Byron,154661,Funky Kong,Mach 8,Paper Glider,Leaf Tires
Pii,153607,Heavy Mii Chain Chomp,Mach 8,Cloud Glider,Wood
しらぬい,154322,Heavy Mii ? Block,Sports Coupe,Paper Glider,Crimson Slim
しらぬい,154241,Heavy Mii ? Block,Sports Coupe,Paper Glider,Crimson Slim
しらぬい,154201,Heavy Mii Moo Moo,Sports Coupe,Paper Glider,Crimson Slim
しらぬい,153960,Funky Kong,Sports Coupe,Paper Glider,Crimson Slim
ths,154294,Heavy Mii Pikmin,Sports Coupe,Paper Glider,Slim
k,154136,Heavy Mii Moo Moo,Mach 8,Paper Glider,Crimson Slim
Pii,153819,Heavy Mii ? Block,Mach 8,Cloud Glider,Wood
deadmate,153453,Funky Kong,Mach 8,Paper Glider,Crimson Slim
Pii,153541,Heavy Mii ? Block,Mach 8,Cloud Glider,Wood
Army,75072,Kamek,Mach 8,Paper Glider,Leaf Tires
Army,74835,Kamek,Mach 8,Paper Glider,Leaf Tires
Army,74778,Kamek,Mach 8,Paper Glider,Leaf Tires
Army,74643,Kamek,Mach 8,Paper Glider,Leaf Tires
Army,74561,Kamek,Mach 8,Paper Glider,Leaf Tires
Calcaire,102129,Blue Yoshi,Biddybuggy,Paper Glider,Azure Roller
JenZua,82685,Luigi,Pipe Frame,Paper Glider,Azure Roller
ths,101671,White Yoshi,Biddybuggy,Paper Glider,Azure Roller
Pii,101755,Orange Yoshi,Biddybuggy,Cloud Glider,Azure Roller
Pii,101365,Black Yoshi,Biddybuggy,Cloud Glider,Azure Roller
Pii,101239,Black Yoshi,Biddybuggy,Cloud Glider,Azure Roller
Pii,101135,Black Yoshi,Biddybuggy,Cloud Glider,Azure Roller
Pii,101133,Black Yoshi,Biddybuggy,Cloud Glider,Azure Roller
Pii,101083,Black Yoshi,Biddybuggy,Cloud Glider,Azure Roller
ぐち,119719,Yoshi,Biddybuggy,Paper Glider,Roller
ぐち,119675,Yoshi,Biddybuggy,Paper Glider,Roller
ぐち,119541,Yoshi,Biddybuggy,Paper Glider,Roller
ぐち,119449,Yoshi,Biddybuggy,Paper Glider,Roller
K4I,119314,Yoshi,Biddybuggy,Paper Glider,Azure Roller
ぐち,119247,Yoshi,Biddybuggy,Paper Glider,Roller
ぐち,119136,Yoshi,Biddybuggy,Paper Glider,Roller
Alpaco,119441,Light-blue Yoshi,Biddybuggy,Paper Glider,Azure Roller
Alpaco,118737,White Yoshi,Biddybuggy,Cloud Glider,Roller
Brandon,119330,Red Yoshi,Biddybuggy,Flower Glider,Roller
Brandon,119076,Red Yoshi,Biddybuggy,Flower Glider,Roller
Brandon,118881,Red Yoshi,Biddybuggy,Flower Glider,Roller
Panda,132403,Yellow Yoshi,Biddybuggy,Paper Glider,Azure Roller
Panda,132162,Yellow Yoshi,Biddybuggy,Paper Glider,Azure Roller
Panda,132003,Yellow Yoshi,Biddybuggy,Paper Glider,Azure Roller
Panda,131547,Yellow Yoshi,Biddybuggy,Paper Glider,Azure Roller
JenZua,83469,Luigi,Pipe Frame,Paper Glider,Azure Roller
JenZua,83391,Luigi,Pipe Frame,Paper Glider,Azure Roller
JenZua,83351,Luigi,Pipe Frame,Paper Glider,Azure Roller
JenZua,83332,Luigi,Pipe Frame,Paper Glider,Azure Roller
Army,73826,Peachette,Biddybuggy,Paper Glider,Azure Roller
JenZua,107005,Orange Yoshi,Pipe Frame,Paper Glider,Azure Roller
JenZua,83249,Luigi,Pipe Frame,Paper Glider,Azure Roller
Panda,104314,Yellow Yoshi,Biddybuggy,Paper Glider,Azure Roller
JenZua,83217,Luigi,Pipe Frame,Paper Glider,Azure Roller
JenZua,83166,Luigi,Pipe Frame,Paper Glider,Azure Roller
JenZua,83125,Luigi,Pipe Frame,Paper Glider,Azure Roller
JenZua,83104,Luigi,Pipe Frame,Paper Glider,Azure Roller
JenZua,83086,Luigi,Pipe Frame,Paper Glider,Azure Roller
JenZua,106826,Orange Yoshi,Pipe Frame,Paper Glider,Azure Roller
JenZua,106946,Orange Yoshi,Pipe Frame,Paper Glider,Azure Roller
Panda,116952,Yellow Yoshi,Streetle,Paper Glider,Azure Roller
K4I,118600,Peachette,Biddybuggy,Paper Glider,Azure Roller
JenZua,85563,Koopa Troopa,Streetle,Paper Glider,Sponge
K4I,118567,Peachette,Biddybuggy,Paper Glider,Azure Roller
ぐち,118667,Yoshi,Biddybuggy,Paper Glider,Roller
Vincent,108265,Pink Yoshi,Teddy Buggy,Paper Glider,Azure Roller
Alberto,118414,Light-blue Yoshi,Biddybuggy,Paper Glider,Azure Roller
Vincent,108202,Pink Yoshi,Teddy Buggy,Paper Glider,Azure Roller
Alberto,118368,Light-blue Yoshi,Biddybuggy,Paper Glider,Azure Roller
JenZua,106668,Orange Yoshi,Pipe Frame,Paper Glider,Azure Roller
Vincent,107993,Pink Yoshi,Teddy Buggy,Paper Glider,Azure Roller
Alberto,117944,Light-blue Yoshi,Biddybuggy,Paper Glider,Azure Roller
Mirai,86504,Peachette,Streetle,Paper Glider,Azure Roller
Vincent,108081,Pink Yoshi,Teddy Buggy,Paper Glider,Azure Roller
Alberto,118274,Light-blue Yoshi,Biddybuggy,Paper Glider,Azure Roller
Alberto,118248,Light-blue Yoshi,Biddybuggy,Paper Glider,Azure Roller
Alberto,118161,Light-blue Yoshi,Biddybuggy,Paper Glider,Azure Roller
Technical,112307,Kamek,Mach 8,Paper Glider,Crimson Slim
Alberto,118090,Orange Yoshi,Biddybuggy,Paper Glider,Azure Roller
Technical,112176,Kamek,Mach 8,Paper Glider,Crimson Slim
Technical,112068,Kamek,Mach 8,Paper Glider,Crimson Slim
Technical,112005,Kamek,Mach 8,Paper Glider,Crimson Slim
Byron,153242,Heavy Mii Moo Moo,Mach 8,Paper Glider,Slim
Army,86546,Rosalina,Koopa Clown,Cloud Glider,Ancient Tires
Army,86507,Rosalina,Koopa Clown,Cloud Glider,Ancient Tires
Byron,153197,Heavy Mii Toadette,Mach 8,Flower Glider,Crimson Slim
Army,86234,Rosalina,Koopa Clown,Paper Glider,Ancient Tires
Calcaire,153154,Funky Kong,Mach 8,Paper Glider,Crimson Slim
Army,86456,Rosalina,Koopa Clown,Cloud Glider,Ancient Tires
Army,86351,Rosalina,Koopa Clown,Paper Glider,Ancient Tires
Army,74494,Peachette,Mach 8,Paper Glider,Crimson Slim
Army,74439,Peachette,Mach 8,Paper Glider,Crimson Slim
Army,86169,Rosalina,Koopa Clown,Paper Glider,Ancient Tires
Army,74342,Peachette,Mach 8,Paper Glider,Crimson Slim
Army,74238,Peachette,Mach 8,Paper Glider,Crimson Slim
Pii,100895,Black Yoshi,Biddybuggy,Cloud Glider,Azure Roller
Panda,131475,Yellow Yoshi,Biddybuggy,Paper Glider,Azure Roller
Vincent,107877,Pink Yoshi,Teddy Buggy,Paper Glider,Azure Roller
Army,76718,Kamek,Teddy Buggy,Super Glider,Crimson Slim
Army,76576,Kamek,Teddy Buggy,Super Glider,Crimson Slim
Mirai,86207,Peachette,Streetle,Paper Glider,Azure Roller
Mirai,86120,Peachette,Streetle,Paper Glider,Azure Roller
ラス,152805,Funky Kong,Sports Coupe,Paper Glider,Slim
Panda,131203,Yellow Yoshi ,Biddybuggy,Paper Glider,Azure Roller
Panda,130656,Yellow Yoshi ,Biddybuggy,Paper Glider,Azure Roller
Army,76562,Kamek,Teddy Buggy,Super Glider,Crimson Slim
Army,76524,Kamek,Teddy Buggy,Super Glider,Crimson Slim
Army,76456,Kamek,Teddy Buggy,Super Glider,Crimson Slim
JenZua,83081,Luigi,Pipe Frame,Paper Glider,Azure Roller
JenZua,83073,Luigi ,Pipe Frame,Paper Glider,Azure Roller
Alberto,118026,Light-blue Yoshi,Biddybuggy,Paper Glider,Azure Roller
Army,74212,Peachette,Mach 8,Paper Glider,Crimson Slim
JenZua,83043,Luigi ,Pipe Frame,Paper Glider,Azure Roller
Panda,104184,Yellow Yoshi ,Biddybuggy,Paper Glider,Azure Roller
ヒビキ,96719,Pink Yoshi,Cat Cruiser,Paper Glider,Azure Roller
Army,112431,Pink Yoshi,Biddybuggy,Paper Glider,Azure Roller
iXA,115721,Tanooki Mario,Teddy Buggy,Paper Glider,Azure Roller
k,120760,Yoshi,Cat Cruiser,Paper Glider,Azure Roller
ささゆき,105568,Pink Yoshi,Biddybuggy,Paper Glider,Azure Roller
ヒビキ,100755,Peachette,Biddybuggy,Paper Glider,Azure Roller
Technical,85798,Yoshi,Streetle,Paper Glider,Roller
Technical,111869,Kamek,Mach 8,Paper Glider,Crimson Slim
Domenico,152786,Dry Bowser,Sports Coupe,Paper Glider,Slim
Panda,103760,Yellow Yoshi,Biddybuggy,Paper Glider,Azure Roller
Panda,104037,Yellow Yoshi,Biddybuggy,Paper Glider,Azure Roller
Panda,103856,Yellow Yoshi,Biddybuggy,Paper Glider,Azure Roller
Panda,103799,Yellow Yoshi,Biddybuggy,Paper Glider,Azure Roller
Alberto,74574,Kamek,Pipe Frame,Paper Glider,Azure Roller
Alberto,74570,Kamek,Pipe Frame,Paper Glider,Azure Roller
Alberto,74559,Kamek,Pipe Frame,Paper Glider,Azure Roller
Alberto,74536,Kamek,Pipe Frame,Paper Glider,Azure Roller
Alberto,74426,Kamek,Pipe Frame,Paper Glider,Azure Roller
JenZua,106820,Orange Yoshi,Pipe Frame,Paper Glider,Azure Roller
JenZua,106604,Orange Yoshi,Pipe Frame,Paper Glider,Azure Roller
JenZua,106609,Orange Yoshi,Pipe Frame,Paper Glider,Azure Roller
JenZua,82904,Luigi,Pipe Frame,Paper Glider,Azure Roller
JenZua,106521,Orange Yoshi,Pipe Frame,Paper Glider,Azure Roller
Army,117937,Peachette,Biddybuggy,Paper Glider,Azure Roller
Army,117729,Pink Yoshi,Biddybuggy,Paper Glider,Azure Roller
Alberto,117713,Light-blue Yoshi,Biddybuggy,Paper Glider,Azure Roller
Alberto,117675,Light-blue Yoshi,Biddybuggy,Paper Glider,Azure Roller
Alberto,117572,Light-blue Yoshi,Biddybuggy,Paper Glider,Azure Roller
Army,74148,Peachette,Mach 8,Paper Glider,Crimson Slim
ヒビキ,100827,Peachette,Biddybuggy,Paper Glider,Azure Roller
ヒビキ,100635,Peachette,Biddybuggy,Paper Glider,Azure Roller
Panda,119219,Yellow Yoshi,Streetle,Paper Glider,Azure Roller
Panda,118867,Yellow Yoshi,Streetle,Paper Glider,Azure Roller
Panda,118951,Yellow Yoshi,Streetle,Paper Glider,Azure Roller
Panda,103773,Yellow Yoshi,Biddybuggy,Paper Glider,Azure Roller
Ziline,120799,Peachette,Streetle,Paper Glider,Azure Roller
Ziline,120578,Peachette,Streetle,Paper Glider,Azure Roller
Ziline,120508,Peachette,Streetle,Paper Glider,Azure Roller
Ziline,119649,Peachette,Streetle,Paper Glider,Azure Roller
kisaragi,120912,White Yoshi,Streetle,Cloud Glider,Azure Roller
Mirai,86091,Peachette,Streetle,Paper Glider,Azure Roller
Mirai,86014,Peachette,Streetle,Paper Glider,Azure Roller
Mirai,85648,Black Yoshi,Streetle,Paper Glider,Azure Roller
Mirai,85560,Black Yoshi,Streetle,Paper Glider,Azure Roller
Alberto,85847,Light-blue Yoshi,Streetle,Paper Glider,Azure Roller
Technical,85745,Yoshi,Streetle,Paper Glider,Roller
しらぬい,117721,Pink Yoshi,Biddybuggy,Cloud Glider,Azure Roller
Alberto,117023,Red Yoshi,Mr. Scooty,Paper Glider,Azure Roller
Alberto,116992,Red Yoshi,Mr. Scooty,Paper Glider,Azure Roller
Alberto,116940,Red Yoshi,Mr. Scooty,Paper Glider,Azure Roller
Alberto,116929,Red Yoshi,Mr. Scooty,Paper Glider,Azure Roller
Alberto,116878,Birdo (Red),Mr. Scooty,Paper Glider,Azure Roller
Calcaire,152779,Funky Kong,Mach 8,Paper Glider,Slim
ヒビキ,100477,Peachette,Biddybuggy,Paper Glider,Azure Roller
Emil,152617,Wario,Sports Coupe,Paper Glider,Crimson Slim
Panda,118757,Yellow Yoshi,Streetle,Paper Glider,Azure Roller
Panda,103515,Yellow Yoshi,Biddybuggy,Paper Glider,Azure Roller
Pii,100424,White Yoshi,Biddybuggy,Paper Glider,Azure Roller
Pii,100225,White Yoshi,Biddybuggy,Paper Glider,Azure Roller
Alphabet Soup,152602,Funky Kong,Sports Coupe,Cloud Glider,Crimson Slim
Alphabet Soup,152385,Funky Kong,Sports Coupe,Cloud Glider,Crimson Slim
Technical,85475,Yoshi,Streetle,Paper Glider,Roller
SuperFX,111721,Luigi,Mach 8,Paper Glider,Slim
JenZua,106418,Orange Yoshi,Pipe Frame,Paper Glider,Azure Roller
JenZua,106322,Orange Yoshi,Pipe Frame,Paper Glider,Azure Roller
JenZua,106221,Orange Yoshi,Pipe Frame,Paper Glider,Azure Roller
JenZua,106022,Orange Yoshi,Pipe Frame,Paper Glider,Azure Roller
Technical,85433,Yoshi,Streetle,Paper Glider,Roller
Technical,85390,Yoshi,Streetle,Paper Glider,Roller
Technical,85312,Yoshi,Streetle,Paper Glider,Roller
Army,74352,Kamek,Pipe Frame,Paper Glider,Azure Roller
Alphabet Soup,152594,Funky Kong,Sports Coupe,Cloud Glider,Crimson Slim
Army,74263,Kamek,Pipe Frame,Paper Glider,Azure Roller
Alphabet Soup,152506,Funky Kong,Sports Coupe,Cloud Glider,Crimson Slim
StervtL,152454,Funky Kong,Sports Coupe,Paper Glider,Crimson Slim
のり,112199,Blue Yoshi,Streetle,Paper Glider,Azure Roller
Yerson,115665,Tanooki Mario,Teddy Buggy,Paper Glider,Roller
Alberto,74235,Luigi,Pipe Frame,Paper Glider,Azure Roller
Pii,74102,Orange Yoshi,Biddybuggy,Paper Glider,Azure Roller
Pii,74088,Orange Yoshi,Biddybuggy,Paper Glider,Azure Roller
Pii,74031,Orange Yoshi,Biddybuggy,Paper Glider,Azure Roller
Pii,74009,Orange Yoshi,Biddybuggy,Paper Glider,Azure Roller
Army,73892,Yoshi,Biddybuggy,Paper Glider,Azure Roller
JenZua,105960,Orange Yoshi,Pipe Frame,Paper Glider,Azure Roller
Matt,71719,Funky Kong,B Dasher,Super Glider,Cyber Slick
Alberto,116516,Red Yoshi,Mr. Scooty,Paper Glider,Azure Roller
Panda,116580,Yellow Yoshi,Mr. Scooty,Paper Glider,Azure Roller
Panda,116682,Yellow Yoshi,Mr. Scooty,Paper Glider,Azure Roller
Panda,116747,Yellow Yoshi,Mr. Scooty,Paper Glider,Azure Roller
Panda,116778,Yellow Yoshi,Mr. Scooty,Paper Glider,Azure Roller
Panda,116796,Yellow Yoshi,Mr. Scooty,Paper Glider,Azure Roller
しらぬい,105405,White Yoshi,Biddybuggy,Paper Glider,Azure Roller
Matt,71718,Funky Kong,B Dasher,Super Glider,Cyber Slick
F。,117382,Black Yoshi,Biddybuggy,Paper Glider,Azure Roller
Pii,100039,Orange Yoshi,Biddybuggy,Paper Glider,Azure Roller
Panda,116406,Yellow Yoshi,Mr. Scooty,Paper Glider,Azure Roller
ヒビキ,117028,Peachette,Streetle,Paper Glider,Azure Roller
k,120975,Yoshi,Cat Cruiser,Paper Glider,Azure Roller
Vincent,107829,Pink Yoshi,Teddy Buggy,Paper Glider,Azure Roller
Vincent,107664,Pink Yoshi,Teddy Buggy,Paper Glider,Azure Roller
JenZua,82891,Luigi,Pipe Frame,Paper Glider,Azure Roller
Matt,71717,Funky Kong,B Dasher,Super Glider,Cyber Slick
Panda,116506,Yellow Yoshi,Mr. Scooty,Paper Glider,Azure Roller
Panda,116353,Yellow Yoshi,Mr. Scooty,Paper Glider,Azure Roller
K4I,152325,Funky Kong,Sports Coupe,Paper Glider,Slim
Alberto,116142,Red Yoshi,Mr. Scooty,Paper Glider,Azure Roller
Panda,116315,Yellow Yoshi,Mr. Scooty,Paper Glider,Azure Roller
Panda,116335,Yellow Yoshi,Mr. Scooty,Paper Glider,Azure Roller
Panda,116268,Yellow Yoshi,Mr. Scooty,Paper Glider,Azure Roller
Panda,116311,Yellow Yoshi,Mr. Scooty,Paper Glider,Azure Roller
Panda,116181,Yellow Yoshi,Mr. Scooty,Paper Glider,Azure Roller
Panda,116256,Yellow Yoshi,Mr. Scooty,Paper Glider,Azure Roller
Alberto,116170,Red Yoshi,Mr. Scooty,Paper Glider,Azure Roller
StervtL,152368,Funky Kong,Sports Coupe,Paper Glider,Crimson Slim
Panda,116163,Yellow Yoshi,Mr. Scooty,Paper Glider,Azure Roller
Panda,118743,Yellow Yoshi,Streetle,Paper Glider,Azure Roller
Panda,118612,Yellow Yoshi,Streetle,Paper Glider,Azure Roller
JenZua,82827,Luigi,Pipe Frame,Paper Glider,Azure Roller
JenZua,82823,Luigi,Pipe Frame,Paper Glider,Azure Roller
JenZua,82816,Luigi,Pipe Frame,Paper Glider,Azure Roller
Army,76421,Kamek,Teddy Buggy,Super Glider,Crimson Slim
JenZua,82810,Luigi,Pipe Frame,Paper Glider,Azure Roller
Army,76301,Luigi,Teddy Buggy,Super Glider,Crimson Slim
JenZua,82737,Luigi,Pipe Frame,Paper Glider,Azure Roller
JenZua,82720,Luigi,Pipe Frame,Paper Glider,Azure Roller
Alberto,82706,Luigi,Pipe Frame,Paper Glider,Azure Roller
JenZua,82688,Luigi,Pipe Frame,Paper Glider,Azure Roller
Panda,118324,Yellow Yoshi,Streetle,Paper Glider,Azure Roller
Alberto,138922,Peachette,Mr. Scooty,Paper Glider,Azure Roller
Alphabet Soup,152010,Funky Kong,Sports Coupe,Flower Glider,Crimson Slim
かたゆ,83297,Wario,Mach 8,Paper Glider,Leaf Tires
Panda,118526,Yellow Yoshi,Streetle,Paper Glider,Azure Roller
Alberto,117720,Light-blue Yoshi,Biddybuggy,Parachute,Azure Roller
Panda,118306,Yellow Yoshi,Streetle,Paper Glider,Azure Roller
StervtL,151993,Funky Kong,Sports Coupe,Paper Glider,Crimson Slim
F。,117308,Black Yoshi,Biddybuggy,Paper Glider,Azure Roller
ありす,100198,Yoshi,Biddybuggy,Paper Glider,Roller
Alpaco,117260,Blue Yoshi,Biddybuggy,Parachute,Azure Roller
Erickfree,105923,Black Yoshi,Pipe Frame,Paper Glider,Azure Roller
Alpaco,117223,Yellow Yoshi,Biddybuggy,Paper Glider,Roller
Alpaco,117106,Yellow Yoshi,Biddybuggy,Paper Glider,Roller
Yerson,115574,Tanooki Mario,Teddy Buggy,Paper Glider,Roller
Yerson,115577,Tanooki Mario,Teddy Buggy,Paper Glider,Roller
F。,117080,Black Yoshi,Biddybuggy,Paper Glider,Azure Roller
JenZua,105527,Orange Yoshi,Pipe Frame,Paper Glider,Azure Roller
Technical,85120,Kamek,Landship,Cloud Glider,Azure Roller
kwartz,56379,Dry Bowser,Mach 8,Paper Glider,Leaf Tires
JenZua,82644,Luigi,Pipe Frame,Paper Glider,Azure Roller
Technical,86138,Rosalina,Koopa Clown,Paper Glider,Ancient Tires
Technical,86052,Rosalina,Koopa Clown,Paper Glider,Ancient Tires
Technical,86047,Rosalina,Koopa Clown,Paper Glider,Ancient Tires
Technical,85979,Rosalina,Koopa Clown,Paper Glider,Ancient Tires
Army,85932,Rosalina,Koopa Clown,Paper Glider,Ancient Tires
StervtL,110069,Light-blue Yoshi,Teddy Buggy,Paper Glider,Azure Roller
Army,85857,Rosalina,Koopa Clown,Paper Glider,Ancient Tires
Army,85820,Rosalina,Koopa Clown,Paper Glider,Ancient Tires
Technical,111696,Kamek,Mach 8,Cloud Glider,Crimson Slim
Army,85759,Rosalina,Koopa Clown,Paper Glider,Ancient Tires
ろーる,111696,Funky Kong,Mach 8,Paper Glider,Slim
Technical,111501,Funky Kong,Mach 8,Cloud Glider,Crimson Slim
Technical,111546,Funky Kong,Mach 8,Cloud Glider,Crimson Slim
Luckyo,75710,Luigi,Varmint,Super Glider,Crimson Slim
Alberto,70922,Luigi,Inkstriker,Paper Glider,Azure Roller
Technical,85990,Yoshi,Koopa Clown,Super Glider,Roller
はるいろ,112119,Black Yoshi,Streetle,Paper Glider,Azure Roller
Panda,116925,Yellow Yoshi,Streetle,Paper Glider,Azure Roller
Panda,116835,Yellow Yoshi,Streetle,Paper Glider,Azure Roller
Panda,116723,Yellow Yoshi,Streetle,Paper Glider,Azure Roller
Panda,116435,Yellow Yoshi,Streetle,Paper Glider,Azure Roller
Pii,100093,Orange Yoshi,Biddybuggy,Paper Glider,Azure Roller
Panda,116635,Yellow Yoshi,Streetle,Paper Glider,Azure Roller
Panda,116537,Yellow Yoshi,Streetle,Paper Glider,Azure Roller
Panda,116477,Yellow Yoshi,Streetle,Paper Glider,Azure Roller
Panda,116452,Yellow Yoshi,Streetle,Paper Glider,Azure Roller
Panda,116438,Yellow Yoshi,Streetle,Paper Glider,Azure Roller
Panda,116346,Yellow Yoshi,Streetle,Paper Glider,Azure Roller
Army,73887,Peachette,Biddybuggy,Paper Glider,Azure Roller
Albert,58517,Heavy Mii,Circuit Special,Super Glider,Slim
Army,73782,Peachette,Biddybuggy,Paper Glider,Azure Roller
Panda,116315,Yellow Yoshi,Streetle,Paper Glider,Azure Roller
Pii,99827,Black Yoshi,Biddybuggy,Cloud Glider,Azure Roller
Panda,116283,Yellow Yoshi,Streetle,Paper Glider,Azure Roller
Panda,116227,Yellow Yoshi,Streetle,Paper Glider,Azure Roller
かたゆ,83259,Wario,Mach 8,Paper Glider,Leaf Tires
Technical,111201,Heavy Mii Chain Chomp,Mach 8,Paper Glider,Crimson Slim
Alberto,75707,Yellow Yoshi,Varmint,Super Glider,Crimson Slim
Alberto,75617,Yellow Yoshi,Varmint,Super Glider,Crimson Slim
Technical,111337,Funky Kong,Mach 8,Cloud Glider,Crimson Slim
Panda,130581,Yellow Yoshi,Biddybuggy,Paper Glider,Azure Roller
¥146,110955,Luigi,Mach 8,Paper Glider,Leaf Tires
Yerson,115452,Tanooki Mario,Teddy Buggy,Paper Glider,Roller
Alberto,75562,Yellow Yoshi,Varmint,Super Glider,Crimson Slim
Tane,75576,Daisy,Varmint,Super Glider,Crimson Slim
Alberto,75426,Yellow Yoshi,Varmint,Super Glider,Crimson Slim
Alberto,70935,Luigi,Inkstriker,Paper Glider,Azure Roller
Army,77862,King Boo,Teddy Buggy,Paper Glider,Azure Roller
Alberto,70873,Kamek,Inkstriker,Paper Glider,Azure Roller
¥146,110925,Luigi,Mach 8,Paper Glider,Leaf Tires
Vincent,84349,Wario,Koopa Clown,Super Glider,Crimson Slim
K4I,151852,Funky Kong,Sports Coupe,Paper Glider,Slim
¥146,110945,Luigi,Mach 8,Paper Glider,Leaf Tires
JenZua,105374,Orange Yoshi,Pipe Frame,Paper Glider,Azure Roller
JenZua,104952,Orange Yoshi,Pipe Frame,Paper Glider,Azure Roller
Army,99680,Pink Yoshi,Biddybuggy,Paper Glider,Azure Roller
Panda,108294,Yellow Yoshi,Biddybuggy,Paper Glider,Azure Roller
Panda,108263,Yellow Yoshi,Biddybuggy,Paper Glider,Azure Roller
Mirai,62066,Blue Yoshi,Pipe Frame,Super Glider,Azure Roller
Panda,108248,Yellow Yoshi,Biddybuggy,Paper Glider,Azure Roller
Panda,108169,Yellow Yoshi,Biddybuggy,Paper Glider,Azure Roller
Panda,108163,Yellow Yoshi,Biddybuggy,Paper Glider,Azure Roller
Panda,108127,Yellow Yoshi,Biddybuggy,Paper Glider,Azure Roller
¥146,110905,Luigi,Mach 8,Paper Glider,Leaf Tires
しらぬい,108115,White Yoshi,Biddybuggy,Paper Glider,Azure Roller
Vincent,106258,Light-blue Yoshi,Biddybuggy,Paper Glider,Azure Roller
Army,101432,Peachette,Biddybuggy,Paper Glider,Azure Roller
Alberto,102283,White Yoshi,Biddybuggy,Paper Glider,Azure Roller
StervtL,110857,Kamek,Mach 8,Paper Glider,Leaf Tires
Vincent,106412,Light-blue Yoshi,Biddybuggy,Paper Glider,Azure Roller
Alberto,102264,White Yoshi,Biddybuggy,Paper Glider,Azure Roller
Alberto,102263,White Yoshi,Biddybuggy,Paper Glider,Azure Roller
StervtL,110877,Kamek,Mach 8,Paper Glider,Leaf Tires
しらぬい,108077,White Yoshi,Biddybuggy,Paper Glider,Azure Roller
かたゆ,83245,Wario,Mach 8,Paper Glider,Leaf Tires
Alberto,102158,White Yoshi,Biddybuggy,Paper Glider,Azure Roller
ささゆき,103442,Pink Yoshi,Biddybuggy,Paper Glider,Azure Roller
くぜろ,130419,Light-blue Yoshi,Biddybuggy,Paper Glider,Azure Roller
Panda,130112,Yellow Yoshi,Biddybuggy,Paper Glider,Azure Roller
Alberto,102229,White Yoshi,Biddybuggy,Paper Glider,Azure Roller
StervtL,110843,Kamek,Mach 8,Paper Glider,Leaf Tires
Panda,130059,Yellow Yoshi,Biddybuggy,Paper Glider,Azure Roller
ささゆき,103326,Pink Yoshi,Biddybuggy,Paper Glider,Azure Roller
Panda,130063,Yellow Yoshi,Biddybuggy,Paper Glider,Azure Roller
Panda,129846,Yellow Yoshi,Biddybuggy,Paper Glider,Azure Roller
しらぬい,104900,White Yoshi,Biddybuggy,Paper Glider,Azure Roller
しらぬい,104812,White Yoshi,Biddybuggy,Paper Glider,Azure Roller
stove,104718,Yoshi,Biddybuggy,Cloud Glider,Azure Roller
StervtL,110849,Kamek,Mach 8,Paper Glider,Leaf Tires
StervtL,110828,Kamek,Mach 8,Paper Glider,Leaf Tires
しらぬい,104794,White Yoshi,Biddybuggy,Paper Glider,Azure Roller
StervtL,110839,Kamek,Mach 8,Paper Glider,Leaf Tires
Vincent,104135,Pink Yoshi,Mr. Scooty,Paper Glider,Azure Roller
StervtL,110814,Kamek,Mach 8,Paper Glider,Leaf Tires
しらぬい,104778,White Yoshi,Biddybuggy,Paper Glider,Azure Roller
Panda,104647,Yellow Yoshi,Biddybuggy,Paper Glider,Azure Roller
Vincent,104094,Pink Yoshi,Mr. Scooty,Paper Glider,Azure Roller
Alberto,104617,White Yoshi,Biddybuggy,Paper Glider,Azure Roller
Alberto,104569,White Yoshi,Biddybuggy,Paper Glider,Azure Roller
Alberto,104556,White Yoshi,Biddybuggy,Paper Glider,Azure Roller
Alberto,104387,White Yoshi,Biddybuggy,Paper Glider,Azure Roller
Alberto,104328,White Yoshi,Biddybuggy,Paper Glider,Azure Roller
Alberto,104314,White Yoshi,Biddybuggy,Paper Glider,Azure Roller
Alberto,104268,White Yoshi,Biddybuggy,Paper Glider,Azure Roller
Alberto,104254,White Yoshi,Biddybuggy,Paper Glider,Azure Roller
F。,100740,Black Yoshi,Biddybuggy,Paper Glider,Azure Roller
Vincent,104112,White Yoshi,Biddybuggy,Paper Glider,Azure Roller
Vincent,103924,White Yoshi,Biddybuggy,Paper Glider,Azure Roller
Alberto,104026,Light-blue Yoshi,Biddybuggy,Paper Glider,Azure Roller
Vincent,104047,White Yoshi,Biddybuggy,Paper Glider,Azure Roller
かたゆ,83244,Wario,Mach 8,Paper Glider,Leaf Tires
F。,100713,Black Yoshi,Biddybuggy,Paper Glider,Azure Roller
Panda,132106,Yellow Yoshi,Biddybuggy,Paper Glider,Azure Roller
StervtL,110788,Kamek,Mach 8,Paper Glider,Leaf Tires
grace,83424,Luigi,Teddy Buggy,Gold Glider,Crimson Slim
SorNano,83234,Wario,Mach 8,Paper Glider,Leaf Tires
かたゆ,94284,Rosalina,Cat Cruiser,Paper Glider,Cushion
くぜろ,129674,Light-blue Yoshi,Biddybuggy,Paper Glider,Azure Roller
F。,100712,Black Yoshi,Biddybuggy,Paper Glider,Azure Roller
Army,73667,Pink Yoshi,Biddybuggy,Paper Glider,Azure Roller
Army,73607,Pink Yoshi,Biddybuggy,Paper Glider,Azure Roller
Army,73511,Pink Yoshi,Biddybuggy,Paper Glider,Azure Roller
k,151599,Wario,Mach 8,Cloud Glider,Slim
k,151759,Wario,Mach 8,Cloud Glider,Slim
F。,100622,Black Yoshi,Biddybuggy,Paper Glider,Azure Roller
Alberto,117221,White Yoshi,Teddy Buggy,Paper Glider,Azure Roller
Army,79900,Kamek,Teddy Buggy,Paper Glider,Azure Roller
しらぬい,121615,Light-blue Yoshi,Pipe Frame,Paper Glider,Azure Roller
Vincent,106080,Light-blue Yoshi,Biddybuggy,Paper Glider,Azure Roller
Technical,111057,Heavy Mii Chain Chomp,Mach 8,Cloud Glider,Crimson Slim
JenZua,67233,Orange Yoshi,Pipe Frame,Paper Glider,Azure Roller
Alberto,70557,Luigi,Inkstriker,Paper Glider,Azure Roller
Bruh,84769,Red Yoshi,Streetle,Parachute,Roller
JenZua,85655,Kamek,Biddybuggy,Paper Glider,Azure Roller
Alberto,100025,Yellow Yoshi,Biddybuggy,Cloud Glider,Azure Roller
Technical,84673,Yoshi,Landship,Paper Glider,Roller
JenZua,85833,Kamek,Biddybuggy,Paper Glider,Azure Roller
JenZua,85838,Kamek,Biddybuggy,Paper Glider,Azure Roller
Technical,110910,Heavy Mii Yoshi,Mach 8,Paper Glider,Crimson Slim
Miguel,85870,Peachette,Biddybuggy,Paper Glider,Azure Roller
Technical,111024,Heavy Mii Chain Chomp,Mach 8,Cloud Glider,Crimson Slim
Technical,111055,Heavy Mii Chain Chomp,Mach 8,Cloud Glider,Crimson Slim
Panda,106434,Yellow Yoshi,Biddybuggy,Paper Glider,Azure Roller
Alberto,83867,Orange Yoshi,Biddybuggy,Paper Glider,Azure Roller
くぜろ,129602,Light-blue Yoshi,Biddybuggy,Paper Glider,Azure Roller
Army,106413,Pink Yoshi,Biddybuggy,Paper Glider,Azure Roller
くぜろ,129639,Light-blue Yoshi,Biddybuggy,Paper Glider,Azure Roller
Yerson,115385,Tanooki Mario,Teddy Buggy,Paper Glider,Roller
Calcaire,83928,Blue Yoshi,Biddybuggy,Paper Glider,Azure Roller
Army,98502,Pink Yoshi,Biddybuggy,Paper Glider,Azure Roller
しらぬい,98612,Light-blue Yoshi,Biddybuggy,Paper Glider,Azure Roller
Vincent,109453,Light-blue Yoshi,Biddybuggy,Paper Glider,Azure Roller
Vincent,109556,Light-blue Yoshi,Biddybuggy,Paper Glider,Azure Roller
しらぬい,94277,Light-blue Yoshi,Cat Cruiser,Paper Glider,Cushion
くぜろ,129523,Light-blue Yoshi,Biddybuggy,Paper Glider,Azure Roller
Vincent,115682,Pink Yoshi,Teddy Buggy,Paper Glider,Azure Roller
Army,80037,Kamek,Teddy Buggy,Paper Glider,Azure Roller
Army,80029,Kamek,Teddy Buggy,Paper Glider,Azure Roller
しらぬい,121773,White Yoshi,Pipe Frame,Paper Glider,Azure Roller
しらぬい,121729,White Yoshi,Pipe Frame,Paper Glider,Azure Roller
Panda,106726,Yellow Yoshi,Biddybuggy,Paper Glider,Azure Roller
Panda,106793,Yellow Yoshi,Biddybuggy,Paper Glider,Azure Roller
F。,100545,Black Yoshi,Biddybuggy,Paper Glider,Azure Roller
なすの,121586,Pink Yoshi,Varmint,Paper Glider,Azure Roller
Panda,79265,Ludwig,Teddy Buggy,Paper Glider,Azure Roller
Bruh,85027,Red Yoshi,Streetle,Parachute,Roller
Alberto,70859,Luigi,Inkstriker,Paper Glider,Azure Roller
Alberto,70782,Luigi,Inkstriker,Paper Glider,Azure Roller
Alberto,70766,Luigi,Inkstriker,Paper Glider,Azure Roller
Alberto,70690,Luigi,Inkstriker,Paper Glider,Azure Roller
Alberto,70666,Luigi,Inkstriker,Paper Glider,Azure Roller
Alberto,70651,Luigi,Inkstriker,Paper Glider,Azure Roller
Alberto,70613,Luigi,Inkstriker,Paper Glider,Azure Roller
Alberto,103920,White Yoshi,Biddybuggy,Paper Glider,Azure Roller
くぜろ,129486,Light-blue Yoshi,Biddybuggy,Paper Glider,Azure Roller
bup,78604,Heavy Mii Chain Chomp,Inkstriker,Paper Glider,Crimson Slim
くぜろ,129482,Light-blue Yoshi,Mr. Scooty,Paper Glider,Azure Roller
Panda,83705,Yellow Yoshi,Biddybuggy,Paper Glider,Azure Roller
Zae,74130,Light-blue Yoshi,Varmint,Super Glider,Azure Roller
Zae,74159,Light-blue Yoshi,Varmint,Super Glider,Azure Roller
4laps2win,70608,Heavy Mii Crossing,Teddy Buggy,Super Glider,Azure Roller
4laps2win,70633,Heavy Mii Crossing,Teddy Buggy,Super Glider,Azure Roller
Erickfree,104891,Birdo (Black),Pipe Frame,Paper Glider,Azure Roller
Zae,74166,Light-blue Yoshi,Pipe Frame,Super Glider,Azure Roller
Alberto,106477,Light-blue Yoshi,Biddybuggy,Paper Glider,Azure Roller
Panda,83642,Yellow Yoshi,Biddybuggy,Paper Glider,Azure Roller
Alberto,106516,Light-blue Yoshi,Biddybuggy,Paper Glider,Azure Roller
Alberto,106573,Light-blue Yoshi,Biddybuggy,Paper Glider,Azure Roller
F。,119529,Black Yoshi,Inkstriker,Paper Glider,Azure Roller
¥146,126916,White Yoshi,Mr. Scooty,Paper Glider,Azure Roller
Panda,117947,Yellow Yoshi,Streetle,Paper Glider,Azure Roller
Panda,118065,Yellow Yoshi,Streetle,Paper Glider,Azure Roller
Panda,118176,Yellow Yoshi,Streetle,Paper Glider,Azure Roller
Panda,118254,Yellow Yoshi,Streetle,Paper Glider,Azure Roller
くぜろ,129175,Light-blue Yoshi,Biddybuggy,Paper Glider,Azure Roller
くぜろ,129388,Light-blue Yoshi,Mr. Scooty,Paper Glider,Azure Roller
YOS,117052,Light-blue Yoshi,Streetle,Paper Glider,Azure Roller
YOS,117243,Yoshi,Streetle,Paper Glider,Azure Roller
ささゆき,101889,Pink Yoshi,Mr. Scooty,Paper Glider,Azure Roller
Alberto,106415,Light-blue Yoshi,Biddybuggy,Paper Glider,Azure Roller
くぜろ,129054,Pink Yoshi,Biddybuggy,Paper Glider,Azure Roller
Panda,83675,Yellow Yoshi,Biddybuggy,Paper Glider,Azure Roller
Alberto,106298,Birdo (Light Blue),Biddybuggy,Paper Glider,Azure Roller
kisaragi,120086,Orange Yoshi,Streetle,Cloud Glider,Azure Roller
とりっぴぃ,60399,Heavy Mii,Mach 8,Cloud Glider,Slim
もぺち,83012,Light-blue Yoshi,Biddybuggy,Paper Glider,Azure Roller
Jamie,101918,Funky Kong,Circuit Special,Super Glider,Slick
Panda,105524,Yellow Yoshi,Biddybuggy,Paper Glider,Azure Roller
4laps2win,70563,Pauline,Teddy Buggy,Super Glider,Blue Standard
Army,94143,Daisy,Biddybuggy,Paper Glider,Azure Roller
Army,93951,Daisy,Biddybuggy,Paper Glider,Azure Roller
Vincent,76278,Luigi,Teddy Buggy,Super Glider,Crimson Slim
Army,76220,Kamek,Teddy Buggy,Super Glider,Crimson Slim
Army,76269,Kamek,Teddy Buggy,Super Glider,Crimson Slim
Army,76168,Kamek,Teddy Buggy,Super Glider,Crimson Slim
Army,76130,Kamek,Teddy Buggy,Super Glider,Crimson Slim
Army,81802,Kamek,Teddy Buggy,Super Glider,Crimson Slim
Alberto,138943,Birdo (Light Blue),Mr. Scooty,Paper Glider,Azure Roller
Alberto,138795,Yellow Yoshi,Mr. Scooty,Paper Glider,Azure Roller
Alberto,138706,Light-blue Yoshi,Mr. Scooty,Paper Glider,Azure Roller
F。,119482,Black Yoshi,Inkstriker,Paper Glider,Azure Roller
Alberto,96718,Light-blue Yoshi,Cat Cruiser,Paper Glider,Azure Roller
Army,76118,Kamek,Teddy Buggy,Super Glider,Crimson Slim
Draygo,79467,Rosalina,Inkstriker,Cloud Glider,Leaf Tires
Vincent,103830,Pink Yoshi,Biddybuggy,Paper Glider,Azure Roller
ありす,101292,Pink Yoshi,Biddybuggy,Parachute,Roller
Alberto,82593,Iggy,Varmint,Paper Glider,Azure Roller
bup,78541,Heavy Mii Castle,Inkstriker,Flower Glider,Crimson Slim
Technical,81254,Yoshi,Inkstriker,Paper Glider,Crimson Slim
F。,119440,Black Yoshi,Inkstriker,Paper Glider,Azure Roller
くぜろ,129040,Light-blue Yoshi,Biddybuggy,Paper Glider,Azure Roller
くぜろ,128997,Light-blue Yoshi,Biddybuggy,Paper Glider,Azure Roller
Vincent,85638,Light-blue Yoshi,Pipe Frame,Paper Glider,Azure Roller
Vincent,85569,Light-blue Yoshi,Pipe Frame,Paper Glider,Azure Roller
Panda,114884,Yellow Yoshi,Teddy Buggy,Paper Glider,Azure Roller
Panda,114790,Yellow Yoshi,Teddy Buggy,Paper Glider,Azure Roller
Panda,114818,Yellow Yoshi,Teddy Buggy,Paper Glider,Azure Roller
Panda,114778,Yellow Yoshi,Teddy Buggy,Paper Glider,Azure Roller
SorNano,83189,Roy,Mach 8,Paper Glider,Wood
Ziline,110936,Peach,Biddybuggy,Paper Glider,Azure Roller
Pii,67150,Orange Yoshi,Pipe Frame,Cloud Glider,Azure Roller
Alberto,110517,Tanooki Mario,Biddybuggy,Flower Glider,Azure Roller
Vincent,110690,White Yoshi,Biddybuggy,Paper Glider,Azure Roller
F。,119391,Black Yoshi,Inkstriker,Paper Glider,Azure Roller
Alberto,116181,Light-blue Yoshi,Streetle,Parachute,Azure Roller
Alberto,116124,Yoshi,Streetle,Paper Glider,Azure Roller
Alberto,116156,Yoshi,Streetle,Paper Glider,Azure Roller
Alberto,82515,Luigi,Varmint,Paper Glider,Azure Roller
Alberto,82467,Luigi,Varmint,Paper Glider,Azure Roller
4laps2win,70509,Pauline,Teddy Buggy,Super Glider,Blue Standard
Alberto,116020,Yoshi,Streetle,Paper Glider,Azure Roller
StervtL,115472,Light-blue Yoshi,Koopa Clown,Paper Glider,Ancient Tires
もぺち,82972,Light-blue Yoshi,Biddybuggy,Paper Glider,Azure Roller
Alberto,115976,Yoshi,Streetle,Paper Glider,Azure Roller
Army,82438,Luigi,Varmint,Paper Glider,Azure Roller
grace,81915,Yellow Yoshi,Pipe Frame,Paper Glider,Roller
Hgt,81673,Yellow Yoshi,Pipe Frame,Paper Glider,Roller
Mirai,74128,Luigi,Pipe Frame,Paper Glider,Azure Roller
パンプ,120648,Red Yoshi,Teddy Buggy,Paper Glider,Roller
k,120477,Yoshi,Teddy Buggy,Paper Glider,Azure Roller
もぺち,82953,Light-blue Yoshi,Biddybuggy,Paper Glider,Azure Roller
Alberto,82415,Luigi,Varmint,Paper Glider,Azure Roller
Alberto,82427,Luigi,Varmint,Paper Glider,Azure Roller
Army,82412,Luigi,Varmint,Paper Glider,Azure Roller
Army,82378,Luigi,Varmint,Paper Glider,Azure Roller
Army,82371,Luigi,Varmint,Paper Glider,Azure Roller
Alberto,74122,Luigi,Pipe Frame,Paper Glider,Azure Roller
Alberto,73992,Light-blue Yoshi,Pipe Frame,Paper Glider,Azure Roller
F。,119329,Black Yoshi,Inkstriker,Paper Glider,Azure Roller
Alpaco,110508,Pink Yoshi,Biddybuggy,Paper Glider,Azure Roller
kisaragi,119798,Light-blue Yoshi,Streetle,Cloud Glider,Azure Roller
StervtL,59892,Luigi,Inkstriker,Paper Glider,Crimson Slim
FA,60393,Heavy Mii Dolphin,Mach 8,Paper Glider,Slim
Alberto,82371,Luigi,Varmint,Paper Glider,Azure Roller
4laps2win,70492,Pauline,Teddy Buggy,Super Glider,Blue Standard
Alberto,110477,Birdo (Green),Biddybuggy,Paper Glider,Azure Roller
F。,119262,Black Yoshi,Inkstriker,Paper Glider,Azure Roller
StervtL,110544,Light-blue Yoshi,Teddy Buggy,Paper Glider,Azure Roller
ささゆき,105460,Pink Yoshi,Biddybuggy,Paper Glider,Azure Roller
きなこもち,105399,Yoshi,Biddybuggy,Paper Glider,Azure Roller
StervtL,110486,Light-blue Yoshi,Teddy Buggy,Paper Glider,Azure Roller
StervtL,110439,Light-blue Yoshi,Teddy Buggy,Paper Glider,Azure Roller
StervtL,110431,Light-blue Yoshi,Teddy Buggy,Paper Glider,Azure Roller
StervtL,110324,Light-blue Yoshi,Teddy Buggy,Paper Glider,Azure Roller
きなこもち,105367,Yoshi,Biddybuggy,Paper Glider,Azure Roller
Cwelly,88477,Black Yoshi,Streetle,Paper Glider,Azure Roller
Alberto,61992,Light-blue Yoshi,Pipe Frame,Parachute,Azure Roller
Draygo,73499,Light-blue Yoshi,Biddybuggy,Cloud Glider,Azure Roller
Army,76949,Luigi,Teddy Buggy,Paper Glider,Azure Roller
Army,77030,Luigi,Teddy Buggy,Paper Glider,Azure Roller
4laps2win,70491,Pauline,Teddy Buggy,Super Glider,Blue Standard
StervtL,110275,Light-blue Yoshi,Teddy Buggy,Paper Glider,Azure Roller
Army,88123,Pink Yoshi,Biddybuggy,Paper Glider,Azure Roller
Army,88221,Pink Yoshi,Biddybuggy,Paper Glider,Azure Roller
Army,88225,Pink Yoshi,Biddybuggy,Paper Glider,Azure Roller
Army,88244,Light-blue Yoshi,Biddybuggy,Paper Glider,Azure Roller
Army,88406,Peachette,Biddybuggy,Paper Glider,Azure Roller
Army,73471,Pink Yoshi,Biddybuggy,Paper Glider,Azure Roller
Army,73429,Pink Yoshi,Biddybuggy,Paper Glider,Azure Roller
Army,73427,Pink Yoshi,Biddybuggy,Paper Glider,Azure Roller
Army,73398,Pink Yoshi,Biddybuggy,Paper Glider,Azure Roller
ヨッシ,84592,Red Yoshi,Landship,Paper Glider,Roller
4laps2win,70407,Pauline,Teddy Buggy,Super Glider,Blue Standard
StervtL,110272,Light-blue Yoshi,Teddy Buggy,Paper Glider,Azure Roller
StervtL,110246,Light-blue Yoshi,Teddy Buggy,Paper Glider,Azure Roller
StervtL,110189,Light-blue Yoshi,Teddy Buggy,Paper Glider,Azure Roller
Panda,107295,Yellow Yoshi,Biddybuggy,Paper Glider,Azure Roller
Panda,107312,Yellow Yoshi,Biddybuggy,Paper Glider,Azure Roller
Panda,107630,Yellow Yoshi,Biddybuggy,Paper Glider,Azure Roller
Panda,107711,Yellow Yoshi,Biddybuggy,Paper Glider,Azure Roller
StervtL,110087,Light-blue Yoshi,Teddy Buggy,Paper Glider,Azure Roller
StervtL,110136,Light-blue Yoshi,Teddy Buggy,Paper Glider,Azure Roller
StervtL,110141,Light-blue Yoshi,Teddy Buggy,Paper Glider,Azure Roller
StervtL,110181,Light-blue Yoshi,Teddy Buggy,Paper Glider,Azure Roller
Panda,107767,Yellow Yoshi,Biddybuggy,Paper Glider,Azure Roller
Panda,108024,Yellow Yoshi,Biddybuggy,Paper Glider,Azure Roller
F。,113575,Black Yoshi,Biddybuggy,Paper Glider,Azure Roller
Zae,142786,Luigi,Pipe Frame,Paper Glider,Azure Roller
JenZua,85702,Koopa Troopa,Streetle,Paper Glider,Sponge
L,142605,White Yoshi,Streetle,Paper Glider,Azure Roller
ヨッシ,84578,Black Yoshi,Landship,Cloud Glider,Azure Roller
Panda,107196,Yellow Yoshi,Biddybuggy,Paper Glider,Azure Roller
Technical,86019,Yoshi,Koopa Clown,Super Glider,Roller
Alberto,81899,Kamek,Streetle,Paper Glider,Azure Roller
ろーる,73889,Luigi,Pipe Frame,Paper Glider,Azure Roller
StervtL,110081,Light-blue Yoshi,Teddy Buggy,Paper Glider,Azure Roller
Bruh,84290,Red Yoshi,Landship,Parachute,Roller
4laps2win,70502,Pauline,Teddy Buggy,Super Glider,Blue Standard
Bruh,84404,Red Yoshi,Landship,Parachute,Roller
Bruh,84503,Red Yoshi,Landship,Parachute,Roller
JenZua,85545,Baby Daisy,Koopa Clown,Paper Glider,Sponge
ありす,101243,Blue Yoshi,Biddybuggy,Cloud Glider,Roller
Panda,107225,Yellow Yoshi,Biddybuggy,Paper Glider,Azure Roller
Army,88086,Pink Yoshi,Biddybuggy,Paper Glider,Azure Roller
Panda,107080,Yellow Yoshi,Biddybuggy,Paper Glider,Azure Roller
Vincent,79262,Light-blue Yoshi,Biddybuggy,Paper Glider,Azure Roller
Army,87919,Pink Yoshi,Biddybuggy,Paper Glider,Azure Roller
Vincent,79211,Pink Yoshi,Biddybuggy,Paper Glider,Azure Roller
Army,87851,Pink Yoshi,Biddybuggy,Paper Glider,Azure Roller
Army,87642,Pink Yoshi,Biddybuggy,Paper Glider,Azure Roller
StervtL,110054,Light-blue Yoshi,Teddy Buggy,Paper Glider,Azure Roller
StervtL,110016,Light-blue Yoshi,Teddy Buggy,Paper Glider,Azure Roller
StervtL,109988,Light-blue Yoshi,Teddy Buggy,Paper Glider,Azure Roller
JenZua,85538,Baby Daisy,Koopa Clown,Paper Glider,Sponge
JenZua,85292,Koopa Troopa,Koopa Clown,Paper Glider,Sponge
JenZua,85488,Baby Daisy,Koopa Clown,Paper Glider,Sponge
JenZua,85462,Baby Daisy,Koopa Clown,Paper Glider,Sponge
JenZua,85431,Baby Daisy,Koopa Clown,Paper Glider,Sponge
JenZua,85354,Toad,Koopa Clown,Paper Glider,Sponge
JenZua,85330,Koopa Troopa,Koopa Clown,Paper Glider,Sponge
JenZua,85178,Koopa Troopa,Koopa Clown,Paper Glider,Sponge
JenZua,85271,Koopa Troopa,Koopa Clown,Paper Glider,Sponge
F。,113457,Black Yoshi,Biddybuggy,Paper Glider,Azure Roller
Army,75722,Luigi,Mach 8,Paper Glider,Azure Roller
Alberto,75713,Iggy,Mach 8,Paper Glider,Azure Roller
Alberto,75654,Kamek,Mach 8,Parachute,Roller
Army,73393,Peachette,Biddybuggy,Paper Glider,Azure Roller
Army,73378,Peachette,Biddybuggy,Paper Glider,Azure Roller
Vincent,79209,Pink Yoshi,Biddybuggy,Paper Glider,Azure Roller
Vincent,79196,Pink Yoshi,Biddybuggy,Paper Glider,Azure Roller
F。,113485,Black Yoshi,Biddybuggy,Paper Glider,Azure Roller
Alberto,100611,Light-blue Yoshi,Cat Cruiser,Paper Glider,Azure Roller
Alberto,101195,Light-blue Yoshi,Biddybuggy,Parachute,Azure Roller
Alberto,100832,Peach,Cat Cruiser,Paper Glider,Azure Roller
Alberto,101035,Light-blue Yoshi,Teddy Buggy,Paper Glider,Azure Roller
Army,100760,Pink Yoshi,Cat Cruiser,Paper Glider,Azure Roller
F。,113396,Black Yoshi,Biddybuggy,Paper Glider,Azure Roller
Yerson,115279,Tanooki Mario,Teddy Buggy,Paper Glider,Roller
Army,100697,Pink Yoshi,Cat Cruiser,Paper Glider,Azure Roller
Alberto,100666,Yoshi,Cat Cruiser,Paper Glider,Azure Roller
Army,100635,Pink Yoshi,Cat Cruiser,Paper Glider,Azure Roller
Technical,91428,Champion Link,Koopa Clown,Super Glider,Standard
Alberto,100603,White Yoshi,Cat Cruiser,Paper Glider,Azure Roller
Vincent,85568,Luigi,Inkstriker,Paper Glider,Crimson Slim
くぜろ,128958,Light-blue Yoshi,Biddybuggy,Paper Glider,Azure Roller
F。,113378,Black Yoshi,Biddybuggy,Paper Glider,Azure Roller
Alberto,100573,White Yoshi,Cat Cruiser,Paper Glider,Azure Roller
Alberto,100541,White Yoshi,Cat Cruiser,Paper Glider,Azure Roller
Alberto,100464,White Yoshi,Cat Cruiser,Paper Glider,Azure Roller
kwartz,56365,Dry Bowser,Mach 8,Paper Glider,Leaf Tires
Erickfree,104860,Birdo (Yellow),Pipe Frame,Paper Glider,Azure Roller
kwartz,56362,Dry Bowser,Mach 8,Paper Glider,Leaf Tires
Pii,81361,Luigi,Teddy Buggy,Paper Glider,Azure Roller
Pii,81128,Luigi,Teddy Buggy,Paper Glider,Azure Roller
¥146,126799,White Yoshi,Mr. Scooty,Paper Glider,Azure Roller
Vincent,117651,Pink Yoshi,Biddybuggy,Paper Glider,Azure Roller
Vincent,117547,Pink Yoshi,Biddybuggy,Paper Glider,Azure Roller
Vincent,117636,Pink Yoshi,Biddybuggy,Paper Glider,Azure Roller
alpha,61981,Male Villager,Pipe Frame,Parachute,Azure Roller
Vincent,117482,Pink Yoshi,Biddybuggy,Paper Glider,Azure Roller
Vincent,108030,Orange Yoshi,Mr. Scooty,Paper Glider,Azure Roller
Vincent,85108,Pink Yoshi,Mr. Scooty,Paper Glider,Azure Roller
kwartz,56360,Dry Bowser,Mach 8,Paper Glider,Leaf Tires
kwartz,56335,Dry Bowser,Mach 8,Paper Glider,Leaf Tires
Vincent,90525,Pink Yoshi,Pipe Frame,Paper Glider,Azure Roller
Vincent,85014,Pink Yoshi,Mr. Scooty,Paper Glider,Azure Roller
Alberto,74102,Peachette,Varmint,Super Glider,Azure Roller
L,142604,White Yoshi,Streetle,Paper Glider,Azure Roller
FA,60361,Heavy Mii Dolphin,Mach 8,Paper Glider,Slim
Vincent,115207,Pink Yoshi,Mr. Scooty,Paper Glider,Azure Roller
JenZua,81714,Luigi,Inkstriker,Paper Glider,Crimson Slim
Alberto,105329,Light-blue Yoshi,Biddybuggy,Paper Glider,Azure Roller
Alberto,105286,Light-blue Yoshi,Biddybuggy,Paper Glider,Azure Roller
StervtL,112064,Pink Yoshi,Streetle,Paper Glider,Azure Roller
Pii,59394,Luigi,Biddybuggy,Paper Glider,Button
StervtL,111951,Pink Yoshi,Streetle,Paper Glider,Azure Roller
Nato,71644,Dry Bowser,Streetle,Super Glider,Standard
Larvitar,108460,Wario,W 25 Silver Arrow,Bowser Kite,Leaf Tires
Ziline,83020,Baby Daisy,Biddybuggy,Paper Glider,Azure Roller
Pii,59359,Luigi,Biddybuggy,Cloud Glider,Button
Vincent,103770,Pink Yoshi,Biddybuggy,Paper Glider,Azure Roller
Vincent,103723,Pink Yoshi,Biddybuggy,Paper Glider,Azure Roller
¥146,92261,White Yoshi,Streetle,Paper Glider,Azure Roller
こんどうかなこ,111793,Heavy Mii,Wild Wiggler,Cloud Glider,Leaf Tires
こんどうかなこ,48981,Baby Peach,Blue Falcon,Super Glider,Button
cipher,90929,Morton,Splat Buggy,Plane Glider,Slim
Alberto,81669,Luigi,Inkstriker,Paper Glider,Crimson Slim
Matt,71711,Funky Kong,B Dasher,Super Glider,Slick
Pii,115359,Light-blue Yoshi,Biddybuggy,Paper Glider,Azure Roller
ありす,101143,Light-blue Yoshi,Biddybuggy,Flower Glider,Roller
Vincent,85874,Luigi,Inkstriker,Paper Glider,Crimson Slim
Technical,83413,Kamek,Teddy Buggy,Super Glider,Crimson Slim
Erickfree,104828,Birdo (Black),Pipe Frame,Paper Glider,Azure Roller
Zae,104567,Pink Yoshi,Pipe Frame,Paper Glider,Azure Roller
Zae,104794,Pink Yoshi,Pipe Frame,Paper Glider,Azure Roller
StervtL,84151,Luigi,Pipe Frame,Super Glider,Crimson Slim
F。,113368,Black Yoshi,Biddybuggy,Paper Glider,Azure Roller
Army,98467,Pink Yoshi,Biddybuggy,Paper Glider,Azure Roller
Alberto,115338,Orange Yoshi,Biddybuggy,Paper Glider,Azure Roller
F。,113193,Black Yoshi,Biddybuggy,Paper Glider,Azure Roller
Alberto,115261,Orange Yoshi,Biddybuggy,Paper Glider,Azure Roller
AK,119749,Light-blue Yoshi,Streetle,Cloud Glider,Azure Roller
Alberto,115221,White Yoshi,Biddybuggy,Paper Glider,Azure Roller
Alberto,115086,White Yoshi,Biddybuggy,Paper Glider,Azure Roller
Panda,84052,Yellow Yoshi,Pipe Frame,Super Glider,Wood
Alberto,83992,White Yoshi,Pipe Frame,Super Glider,Slim
Zae,104565,Pink Yoshi,Pipe Frame,Paper Glider,Azure Roller
Technical,66691,Kamek,Landship,Cloud Glider,Azure Roller
ありす,101067,Light-blue Yoshi,Biddybuggy,Flower Glider,Roller
Kabkal,122793,Pink Yoshi,Streetle,Cloud Glider,Azure Roller
Matt,71672,Funky Kong,B Dasher,Super Glider,Slick
Technical,66638,Kamek,Landship,Flower Glider,Azure Roller
Technical,66660,Kamek,Landship,Cloud Glider,Azure Roller
Technical,66568,Kamek,Landship,Cloud Glider,Azure Roller
Vincent,117104,Pink Yoshi,Teddy Buggy,Paper Glider,Azure Roller
Zae,104532,Pink Yoshi,Pipe Frame,Paper Glider,Azure Roller
Vincent,117010,Pink Yoshi,Teddy Buggy,Paper Glider,Azure Roller
Alberto,73964,White Yoshi,Pipe Frame,Paper Glider,Azure Roller
Alberto,73929,Birdo (Light Blue),Pipe Frame,Paper Glider,Azure Roller
Pii,67131,White Yoshi,Pipe Frame,Flower Glider,Azure Roller
ヨッシ,110886,Heavy Mii Yoshi,Mach 8,Paper Glider,Slim
F。,138605,Black Yoshi,Mr. Scooty,Paper Glider,Azure Roller
Technical,81173,Yoshi,Biddybuggy,Paper Glider,Button
Alberto,86168,Orange Yoshi,Teddy Buggy,Paper Glider,Azure Roller
Alberto,86659,White Yoshi,Teddy Buggy,Paper Glider,Azure Roller
Bruh,84237,Red Yoshi,Landship,Parachute,Roller
Alberto,86617,Birdo (Light Blue),Teddy Buggy,Paper Glider,Azure Roller
Alberto,86422,Birdo (Light Blue),Teddy Buggy,Paper Glider,Azure Roller
Vincent,116971,Pink Yoshi,Teddy Buggy,Paper Glider,Azure Roller
superiol,86257,Peachette,Teddy Buggy,Paper Glider,Azure Roller
Bruh,84158,Red Yoshi,Landship,Parachute,Roller
Engel,124252,King Boo,Wild Wiggler,Paper Glider,Sponge
Engel,123892,King Boo,Cat Cruiser,Paper Glider,Azure Roller
Engel,123543,King Boo,Cat Cruiser,Paper Glider,Azure Roller
F。,138596,Black Yoshi,Mr. Scooty,Paper Glider,Azure Roller
Bruh,84014,Red Yoshi,Landship,Parachute,Roller
JenZua,79958,Orange Yoshi,Teddy Buggy,Paper Glider,Azure Roller
4laps2win,61808,Peachette,Pipe Frame,Paper Glider,Azure Roller
Alberto,86003,Purple Inkling Boy,Teddy Buggy,Paper Glider,Azure Roller
JenZua,79842,Orange Yoshi,Teddy Buggy,Paper Glider,Azure Roller
Vincent,85117,Light-blue Yoshi,Mr. Scooty,Paper Glider,Azure Roller
3D,72171,Wario,Sport Bike,Wario Wing,Metal
Pii,70765,Tanooki Mario,Biddybuggy,Paper Glider,Azure Roller
JenZua,79824,Orange Yoshi,Teddy Buggy,Paper Glider,Azure Roller
JenZua,79696,Orange Yoshi,Teddy Buggy,Paper Glider,Azure Roller
ありす,100997,Light-blue Yoshi,Biddybuggy,Flower Glider,Roller
Vincent,85105,Light-blue Yoshi,Mr. Scooty,Paper Glider,Azure Roller
Pii,72825,White Yoshi,Pipe Frame,Paper Glider,Azure Roller
Bruh,83992,Red Yoshi,Landship,Parachute,Roller
Vincent,85011,Light-blue Yoshi,Mr. Scooty,Paper Glider,Azure Roller
Alberto,85897,Yellow Yoshi,Teddy Buggy,Cloud Glider,Azure Roller
vxlocity,85162,Baby Peach,Biddybuggy,Paper Glider,Azure Roller
vxlocity,85276,Baby Peach,Biddybuggy,Paper Glider,Azure Roller
JenZua,61119,Wario,Teddy Buggy,Super Glider,Azure Roller
JenZua,60594,Wario,Teddy Buggy,Super Glider,Azure Roller
JenZua,60564,Wario,Teddy Buggy,Super Glider,Azure Roller
JenZua,60558,Wario,Teddy Buggy,Super Glider,Azure Roller
Bruh,83938,Red Yoshi,Landship,Parachute,Roller
Roberto,91391,Wario,Yoshi Bike,Super Glider,Azure Roller
Roberto,91300,Wario,Yoshi Bike,Super Glider,Azure Roller
Army,62972,Waluigi,Streetle,Super Glider,Azure Roller
ths,62901,Waluigi,Streetle,Super Glider,Azure Roller
Army,62860,Wario,Streetle,Super Glider,Azure Roller
ths,141712,Waluigi,Biddybuggy,Paper Glider,Azure Roller
Pii,108416,Iggy,Varmint,Wario Wing,Azure Roller
クローリン,123567,Roy,Biddybuggy,Paper Glider,Azure Roller
grace,86784,Waluigi,Biddybuggy,Paper Glider,Roller
Doodle,67684,King Boo,Landship,Paper Glider,Azure Roller
Doodle,67540,King Boo,Landship,Paper Glider,Azure Roller
Doodle,67537,King Boo,Landship,Paper Glider,Azure Roller
Alberto,91112,Roy,Biddybuggy,Paper Glider,Azure Roller
starxlx,90489,Waluigi,Biddybuggy,Paper Glider,Azure Roller
Astro,67200,Waluigi,Mr. Scooty,Paper Glider,Azure Roller
Astro,67130,Waluigi,Mr. Scooty,Paper Glider,Azure Roller
K4I,116938,Waluigi,Biddybuggy,Paper Glider,Leaf Tires
Tane,82125,Dry Bowser,Mach 8,Cloud Glider,Leaf Tires
JenZua,79631,Orange Yoshi,Teddy Buggy,Paper Glider,Azure Roller
Vincent,111743,Pink Yoshi,Teddy Buggy,Paper Glider,Azure Roller
Alberto,72788,Male Villager,Pipe Frame,Flower Glider,Azure Roller
Panda,127098,Heavy Mii Pokey,Teddy Buggy,Wario Wing,Cushion
Vincent,111619,Pink Yoshi,Teddy Buggy,Paper Glider,Azure Roller
Panda,127048,Funky Kong,Teddy Buggy,Wario Wing,Cushion
Panda,126997,Funky Kong,Teddy Buggy,Wario Wing,Cushion
Play,91282,Waluigi,Streetle,Paper Glider,Azure Roller
Bruh,83803,Red Yoshi,Landship,Parachute,Roller
Bruh,83783,Red Yoshi,Landship,Parachute,Roller
Bruh,83776,Red Yoshi,Landship,Parachute,Roller
4laps2win,61119,Pauline,Koopa Clown,Waddle Wing,Cushion
4laps2win,61013,Pauline,Koopa Clown,Waddle Wing,Cushion
4laps2win,61116,Pauline,Koopa Clown,Waddle Wing,Cushion
Army,80138,Pink Yoshi,Biddybuggy,Paper Glider,Azure Roller
Mirai,80507,Yellow Yoshi,Biddybuggy,Paper Glider,Azure Roller
Mirai,80469,Male Villager,Biddybuggy,Paper Glider,Azure Roller
Mirai,80493,Male Villager,Biddybuggy,Paper Glider,Azure Roller
Mirai,80396,Male Villager,Biddybuggy,Paper Glider,Azure Roller
Army,80345,Orange Yoshi,Biddybuggy,Paper Glider,Azure Roller
Alberto,72991,Luigi,Pipe Frame,Cloud Glider,Azure Roller
Mirai,80314,Pink Yoshi,Biddybuggy,Paper Glider,Azure Roller
Mirai,80317,Pink Yoshi,Biddybuggy,Paper Glider,Azure Roller
Army,80255,Pink Yoshi,Biddybuggy,Paper Glider,Azure Roller
Panda,60995,Pauline,Koopa Clown,Super Glider,Cushion
Vincent,111439,Pink Yoshi,Teddy Buggy,Paper Glider,Azure Roller
ろーる,84866,Funky Kong,Mach 8,Gold Glider,Slim
Wood22,85716,Rosalina,Koopa Clown,Super Glider,Ancient Tires
grace,81631,Yoshi,Pipe Frame,Super Glider,Roller
Zae,72946,Pink Yoshi,Teddy Buggy,Super Glider,Azure Roller
もぺち,82930,Light-blue Yoshi,Biddybuggy,Paper Glider,Azure Roller
Alberto,116877,Yellow Yoshi,Biddybuggy,Paper Glider,Azure Roller
Alberto,116856,Yellow Yoshi,Biddybuggy,Paper Glider,Azure Roller
Army,85696,Rosalina,Koopa Clown,Super Glider,Ancient Tires
Technical,76086,Luigi,Teddy Buggy,Super Glider,Slim
Zae,72901,Pink Yoshi,Teddy Buggy,Super Glider,Azure Roller
Yerson,99567,Light-blue Yoshi,Biddybuggy,Paper Glider,Roller
Army,76064,Luigi,Teddy Buggy,Super Glider,Crimson Slim
くぜろ,116856,Pink Yoshi,Biddybuggy,Paper Glider,Azure Roller
Mirai,81240,Yoshi,Biddybuggy,Paper Glider,Button
Vincent,122512,Pink Yoshi,Biddybuggy,Paper Glider,Azure Roller
Technical,81161,Yoshi,Biddybuggy,Paper Glider,Button
Technical,81151,Yoshi,Biddybuggy,Paper Glider,Button
Technical,81115,Yoshi,Biddybuggy,Paper Glider,Button
Technical,81102,Yoshi,Biddybuggy,Paper Glider,Button
Technical,81063,Yoshi,Biddybuggy,Paper Glider,Button
Technical,80998,Yoshi,Biddybuggy,Paper Glider,Button
Bruh,117939,Red Yoshi,Landship,Parachute,Roller
Technical,80955,Luigi,Biddybuggy,Paper Glider,Azure Roller
Vincent,122140,Pink Yoshi,Biddybuggy,Paper Glider,Azure Roller
くぜろ,128847,Pink Yoshi,Biddybuggy,Paper Glider,Azure Roller
なすの,121498,Orange Yoshi,Varmint,Paper Glider,Azure Roller
Technical,80878,Yoshi,Biddybuggy,Paper Glider,Roller
Alberto,84858,Funky Kong,Mach 8,Gold Glider,Crimson Slim
Alberto,80817,Peach,Biddybuggy,Paper Glider,Azure Roller
Pii,67214,Light-blue Yoshi,Biddybuggy,Cloud Glider,Azure Roller
Draygo,79466,Rosalina,Inkstriker,Cloud Glider,Leaf Tires
Hobbie,88212,Orange Inkling Girl,W 25 Silver Arrow,Super Glider,Off-Road
Hobbie,87312,Metal Mario,Streetle,Super Glider,Roller
Hobbie,91119,Waluigi,Streetle,Plane Glider,Azure Roller
Draygo,79435,Rosalina,Inkstriker,Cloud Glider,Leaf Tires
Pii,86028,Iggy,Mach 8,Cloud Glider,Crimson Slim
Pii,85984,Iggy,Mach 8,Cloud Glider,Crimson Slim
ありす,72957,Red Yoshi,Pipe Frame,Peach Parasol,Azure Roller
Bruh,70739,Red Yoshi,Teddy Buggy,Parachute,Roller
¥146,151422,Wario,Mach 8,Paper Glider,Wood
Nico4132,76707,Funky Kong,Sport Bike,Super Glider,Metal
Messi,88742,Funky Kong,Sport Bike,Super Glider,Metal
grace,81568,Pink Yoshi,Pipe Frame,Super Glider,Roller
Messi,88711,Funky Kong,Sport Bike,Super Glider,Metal
Messi,88722,Funky Kong,Sport Bike,Super Glider,Metal
ゆうっち,91382,Rosalina,Koopa Clown,Super Glider,GLA Tires
Messi,88654,Funky Kong,Sport Bike,Super Glider,Metal
Alberto,85768,Luigi,Inkstriker,Paper Glider,Crimson Slim
ぐち,115666,Yoshi,Teddy Buggy,Paper Glider,Roller
L,142565,Tanooki Mario,Streetle,Paper Glider,Azure Roller
DbD,78351,Heavy Mii,Yoshi Bike,Paper Glider,Roller
DbD,78217,Heavy Mii,Yoshi Bike,Paper Glider,Roller
たむい,78734,Waluigi,Cat Cruiser,Paper Glider,Azure Roller
ケーべルト,104691,Waluigi,Biddybuggy,Parachute,Roller
ケーべルト,104631,Waluigi,Biddybuggy,Parachute,Roller
DbD,78717,Dry Bowser,Yoshi Bike,Paper Glider,Azure Roller
Nico4132,76534,Funky Kong,Sport Bike,Super Glider,Metal
ゆうっち,91328,Funky Kong,Koopa Clown,Super Glider,Standard
Bruh,70687,Red Yoshi,Teddy Buggy,Parachute,Roller
Messi,88565,Funky Kong,Sport Bike,Super Glider,Metal
Messi,88563,Funky Kong,Sport Bike,Super Glider,Metal
Messi,88542,Funky Kong,Sport Bike,Super Glider,Metal
Bruh,70609,Red Yoshi,Teddy Buggy,Parachute,Roller
Alberto,75539,Light-blue Yoshi,Landship,Paper Glider,Azure Roller
Mirai,78498,Light-blue Yoshi,Biddybuggy,Paper Glider,Roller
Pii,78386,White Yoshi,Biddybuggy,Paper Glider,Azure Roller
ゆうっち,91295,Heavy Mii Crossing,Koopa Clown,Super Glider,Standard
ゆうっち,91199,Heavy Mii Crossing,Koopa Clown,Super Glider,Standard
ヨッシ,91275,Heavy Mii Yoshi,Koopa Clown,Super Glider,Standard
Technical,91106,Heavy Mii,Koopa Clown,Super Glider,Standard
Alberto,78367,Birdo (Light Blue),Biddybuggy,Paper Glider,Azure Roller
Alberto,78264,Birdo (Light Blue),Biddybuggy,Paper Glider,Azure Roller
Alberto,78221,Yellow Yoshi,Biddybuggy,Paper Glider,Azure Roller
F。,138590,Black Yoshi,Mr. Scooty,Paper Glider,Azure Roller
F。,138411,Black Yoshi,Mr. Scooty,Paper Glider,Azure Roller
Sえす,115444,Yoshi,Koopa Clown,Paper Glider,Ancient Tires
Alberto,78169,Light-blue Yoshi,Biddybuggy,Paper Glider,Azure Roller
Alberto,78132,Light-blue Yoshi,Biddybuggy,Paper Glider,Azure Roller
Alberto,78123,White Yoshi,Biddybuggy,Paper Glider,Azure Roller
Alberto,78097,White Yoshi,Biddybuggy,Paper Glider,Azure Roller
Messi,88517,Heavy Mii Dry Bowser,Sport Bike,Super Glider,Metal
Alberto,78056,Light-blue Yoshi,Biddybuggy,Paper Glider,Azure Roller
Alberto,78087,Light-blue Yoshi,Biddybuggy,Paper Glider,Azure Roller
Albert,58418,Heavy Mii Moo Moo,Circuit Special,Super Glider,Slim
nanew,85995,Wario,Circuit Special,Super Glider,Slim
Vincent,64313,Pink Yoshi,Pipe Frame,Paper Glider,Azure Roller
Vincent,64276,Pink Yoshi,Pipe Frame,Paper Glider,Azure Roller
Vincent,64188,Pink Yoshi,Pipe Frame,Paper Glider,Azure Roller
Alberto,78042,Light-blue Yoshi,Biddybuggy,Paper Glider,Azure Roller
Alberto,78006,Light-blue Yoshi,Biddybuggy,Paper Glider,Azure Roller
Alberto,77916,Blue Yoshi,Biddybuggy,Paper Glider,Azure Roller
Vincent,64262,Pink Yoshi,Pipe Frame,Paper Glider,Azure Roller
Technical,73854,Luigi,Teddy Buggy,Paper Glider,Azure Roller
Army,104572,Light-blue Yoshi,Biddybuggy,Paper Glider,Azure Roller
Alberto,85659,Link,Koopa Clown,Super Glider,Ancient Tires
Alberto,85605,Champion Link,Koopa Clown,Hylian Kite,Ancient Tires
Alberto,85603,Champion Link,Koopa Clown,Hylian Kite,Ancient Tires
L,142472,Tanooki Mario,Streetle,Paper Glider,Azure Roller
Technical,73798,Luigi,Teddy Buggy,Paper Glider,Azure Roller
Alberto,85600,Pauline,Koopa Clown,Waddle Wing,Ancient Tires
Alberto,85560,Rosalina,Koopa Clown,Waddle Wing,Ancient Tires
Alberto,85541,Rosalina,Koopa Clown,Waddle Wing,Ancient Tires
Alberto,85498,Rosalina,Koopa Clown,Waddle Wing,Ancient Tires
Technical,56472,Funky Kong,B Dasher,Super Glider,Slick
Army,56428,Funky Kong,B Dasher,Waddle Wing,Slick
Alberto,56426,Heavy Mii Chain Chomp,B Dasher,Waddle Wing,Cyber Slick
Army,56418,Heavy Mii Dry Bowser,B Dasher,Waddle Wing,Slick
Army,56381,Heavy Mii Dry Bowser,B Dasher,Waddle Wing,Slick
Army,56364,Heavy Mii Dry Bowser,B Dasher,Waddle Wing,Slick
Army,56343,Heavy Mii Dry Bowser,B Dasher,Waddle Wing,Slick
Army,56322,Heavy Mii Dry Bowser,B Dasher,Waddle Wing,Slick
Byron,94176,Rosalina,Cat Cruiser,Flower Glider,Cushion
Messi,72163,Wario,Sport Bike,Gold Glider,Metal
Army,73782,Luigi,Teddy Buggy,Paper Glider,Azure Roller
きなこもち,105235,Yoshi,Biddybuggy,Paper Glider,Azure Roller
Alberto,85417,King Boo,Koopa Clown,Hylian Kite,Ancient Tires
Alphabet Soup,72136,Wario,Sport Bike,Gold Glider,Metal
Alphabet Soup,72101,Wario,Sport Bike,Gold Glider,Metal
Bruh,61762,Red Yoshi,Pipe Frame,Parachute,Roller
Army,73708,Luigi,Teddy Buggy,Paper Glider,Azure Roller
Alphabet Soup,72051,Wario,Sport Bike,Gold Glider,Metal
Alberto,75106,Rosalina,Inkstriker,Paper Glider,Azure Roller
Army,85461,Rosalina,Koopa Clown,Super Glider,Ancient Tires
Technical,85250,Kamek,Streetle,Cloud Glider,Azure Roller
Erickfree,104486,Blue Yoshi,Pipe Frame,Paper Glider,Azure Roller
ぐち,117857,Yoshi,Streetle,Paper Glider,Roller
きなこもち,105227,Yoshi,Biddybuggy,Paper Glider,Azure Roller
Panda,115897,Yellow Yoshi,Streetle,Paper Glider,Azure Roller
Army,85386,Rosalina,Koopa Clown,Super Glider,Ancient Tires
F。,113168,Black Yoshi,Biddybuggy,Paper Glider,Azure Roller
Yerson,115256,Light-blue Yoshi,Teddy Buggy,Paper Glider,Roller
Alberto,85358,Rosalina,Koopa Clown,Hylian Kite,Ancient Tires
Army,85349,Rosalina,Koopa Clown,Super Glider,Ancient Tires
Alberto,85324,Rosalina,Koopa Clown,Hylian Kite,Ancient Tires
Alberto,85270,Rosalina,Koopa Clown,Hylian Kite,Ancient Tires
Alberto,85317,Rosalina,Koopa Clown,Hylian Kite,Ancient Tires
Alberto,85238,Rosalina,Koopa Clown,Hylian Kite,Ancient Tires
Bruh,117722,Red Yoshi,Landship,Parachute,Roller
JenZua,85640,Orange Yoshi,Biddybuggy,Paper Glider,Azure Roller
JenZua,85609,Orange Yoshi,Biddybuggy,Paper Glider,Azure Roller
JenZua,85590,Orange Yoshi,Biddybuggy,Paper Glider,Azure Roller
Pii,75351,Yellow Yoshi,Varmint,Waddle Wing,Crimson Slim
Panda,119365,Yellow Yoshi,Teddy Buggy,Paper Glider,Azure Roller
F。,113094,Black Yoshi,Biddybuggy,Paper Glider,Azure Roller
Panda,119360,Yellow Yoshi,Teddy Buggy,Paper Glider,Azure Roller
Panda,119275,Yellow Yoshi,Teddy Buggy,Paper Glider,Azure Roller
Panda,119318,Yellow Yoshi,Teddy Buggy,Paper Glider,Azure Roller
くぜろ,128744,Light-blue Yoshi,Biddybuggy,Paper Glider,Azure Roller
JenZua,85577,Orange Yoshi,Biddybuggy,Paper Glider,Azure Roller
JenZua,85512,Orange Yoshi,Biddybuggy,Paper Glider,Azure Roller
JenZua,85392,Orange Yoshi,Biddybuggy,Paper Glider,Azure Roller
JenZua,85238,Orange Yoshi,Biddybuggy,Paper Glider,Azure Roller
Army,85203,Rosalina,Koopa Clown,Super Glider,Ancient Tires
JenZua,84996,Orange Yoshi,Biddybuggy,Paper Glider,Azure Roller
JenZua,85219,Orange Yoshi,Biddybuggy,Paper Glider,Azure Roller
kisaragi,119569,Black Yoshi,Streetle,Paper Glider,Azure Roller
JenZua,85185,Orange Yoshi,Biddybuggy,Paper Glider,Azure Roller
JenZua,85069,Orange Yoshi,Biddybuggy,Paper Glider,Azure Roller
FA,83177,Roy,Mach 8,Paper Glider,Slim
くぜろ,128612,Light-blue Yoshi,Biddybuggy,Paper Glider,Azure Roller
Vincent,83620,Yellow Yoshi,Biddybuggy,Parachute,Azure Roller
Alberto,85172,Rosalina,Koopa Clown,Hylian Kite,Ancient Tires
もぺち,116854,Light-blue Yoshi,Biddybuggy,Paper Glider,Azure Roller
Vincent,83402,Yellow Yoshi,Biddybuggy,Parachute,Azure Roller
くぜろ,116601,Light-blue Yoshi,Biddybuggy,Paper Glider,Azure Roller
Bruh,85138,Red Yoshi,Streetle,Parachute,Roller
F。,105710,Black Yoshi,Mr. Scooty,Paper Glider,Azure Roller
Miguel,70727,Teal Inkling Boy,Pipe Frame,Paper Glider,Azure Roller
Vincent,95887,Light-blue Yoshi,Biddybuggy,Paper Glider,Azure Roller
Vincent,95772,Light-blue Yoshi,Biddybuggy,Paper Glider,Azure Roller
Bruh,117580,Red Yoshi,Landship,Parachute,Roller
DavidFire,76585,Luigi,Mach 8,Paper Glider,Leaf Tires
Alberto,76506,Luigi,Mach 8,Paper Glider,Leaf Tires
Bruh,85958,Red Yoshi,Koopa Clown,Super Glider,Roller
grace,81543,Yoshi,Pipe Frame,Super Glider,Roller
Alberto,100065,White Yoshi,Biddybuggy,Paper Glider,Azure Roller
Alberto,99969,Yellow Yoshi,Biddybuggy,Parachute,Azure Roller
しらぬい,113331,Light-blue Yoshi,Mr. Scooty,Paper Glider,Azure Roller
Vincent,113210,Pink Yoshi,Mr. Scooty,Paper Glider,Azure Roller
grace,81532,Yoshi,Pipe Frame,Super Glider,Roller
しらぬい,113310,Yellow Yoshi,Mr. Scooty,Paper Glider,Azure Roller
Vincent,113269,Pink Yoshi,Mr. Scooty,Paper Glider,Azure Roller
F。,105640,Black Yoshi,Mr. Scooty,Paper Glider,Azure Roller
Miguel,70706,Teal Inkling Boy,Pipe Frame,Paper Glider,Azure Roller
Vincent,83397,Luigi,Teddy Buggy,Super Glider,Crimson Slim
ヘリッパー,82415,Birdo (Black),Mr. Scooty,Paper Glider,Azure Roller
Panda,82070,Yellow Yoshi,Mr. Scooty,Paper Glider,Azure Roller
Miguel,70661,Purple Inkling Boy,Pipe Frame,Paper Glider,Azure Roller
Vincent,83371,Luigi,Teddy Buggy,Super Glider,Crimson Slim
Alberto,76684,Link,Koopa Clown,Paper Glider,GLA Tires
Draygo,79424,Rosalina,Inkstriker,Cloud Glider,Leaf Tires
Vincent,83314,Luigi,Teddy Buggy,Super Glider,Crimson Slim
Alberto,83155,Donkey Kong,Mach 8,Paper Glider,Wood
Alberto,83104,Roy,Mach 8,Paper Glider,Wood
Technical,80769,Yoshi,Biddybuggy,Paper Glider,Roller
Alberto,83126,Roy,Mach 8,Paper Glider,Wood
Alberto,83100,Roy,Mach 8,Paper Glider,Wood
Alberto,83093,Roy,Mach 8,Paper Glider,Wood
Alberto,83057,Funky Kong,Mach 8,Paper Glider,Wood
Alberto,83066,Heavy Mii Dry Bowser,Mach 8,Paper Glider,Wood
Alberto,83060,Funky Kong,Mach 8,Paper Glider,Wood
Alberto,83003,Funky Kong,Mach 8,Paper Glider,Wood
Alberto,83006,Funky Kong,Mach 8,Paper Glider,Wood
Army,82044,Blue Yoshi,Mr. Scooty,Paper Glider,Azure Roller
Alberto,82990,Funky Kong,Mach 8,Paper Glider,Wood
Army,81975,Pink Yoshi,Mr. Scooty,Paper Glider,Azure Roller
Army,81888,Light-blue Yoshi,Mr. Scooty,Paper Glider,Azure Roller
Army,81917,Light-blue Yoshi,Mr. Scooty,Paper Glider,Azure Roller
ぐち,116941,Yoshi,Streetle,Paper Glider,Roller
くぜろ,116581,Daisy,Biddybuggy,Paper Glider,Azure Roller
k,120312,Yoshi,Teddy Buggy,Paper Glider,Azure Roller
Vincent,110458,Pink Yoshi,Biddybuggy,Paper Glider,Azure Roller
Vincent,110170,Pink Yoshi,Biddybuggy,Paper Glider,Azure Roller
Yerson,115171,Blue Yoshi,Teddy Buggy,Paper Glider,Azure Roller
Alberto,120209,Black Yoshi,Teddy Buggy,Paper Glider,Azure Roller
Vincent,96952,Pink Yoshi,Biddybuggy,Paper Glider,Azure Roller
Alberto,87310,Kamek,Teddy Buggy,Paper Glider,Azure Roller
Alberto,120159,Yellow Yoshi,Teddy Buggy,Paper Glider,Azure Roller
Alberto,120096,Yellow Yoshi,Teddy Buggy,Paper Glider,Azure Roller
Alberto,119979,Yellow Yoshi,Teddy Buggy,Paper Glider,Azure Roller
Vincent,96735,Pink Yoshi,Biddybuggy,Paper Glider,Azure Roller
くぜろ,116529,Birdo (Light Blue),Biddybuggy,Paper Glider,Azure Roller
kazuya,116984,Blue Yoshi,Streetle,Paper Glider,Azure Roller
Vincent,118984,Light-blue Yoshi,Biddybuggy,Paper Glider,Azure Roller
エル,106816,Yellow Yoshi,Teddy Buggy,Paper Glider,Azure Roller
Mirai,58226,Pauline,Koopa Clown,Super Glider,Ancient Tires
Army,58149,Pauline,Koopa Clown,Super Glider,Ancient Tires
Vincent,93883,Light-blue Yoshi,Biddybuggy,Paper Glider,Azure Roller
Army,68294,Pink Yoshi,Varmint,Paper Glider,Azure Roller
Draygo,79391,Rosalina,Inkstriker,Cloud Glider,Leaf Tires
Army,58172,Pauline,Koopa Clown,Super Glider,Ancient Tires
Army,58087,Pauline,Koopa Clown,Super Glider,Ancient Tires
Army,58108,Pauline,Koopa Clown,Super Glider,Ancient Tires
Alberto,75103,King Boo,Inkstriker,Paper Glider,Azure Roller
Army,58083,Pauline,Koopa Clown,Super Glider,Ancient Tires
Vincent,114652,Pink Yoshi,Teddy Buggy,Paper Glider,Roller
Alberto,74991,King Boo,Inkstriker,Paper Glider,Azure Roller
Vincent,116097,Pink Yoshi,Mr. Scooty,Paper Glider,Azure Roller
Alberto,116003,Orange Yoshi,Mr. Scooty,Paper Glider,Azure Roller
Alberto,116077,Orange Yoshi,Mr. Scooty,Paper Glider,Azure Roller
Alberto,116045,Orange Yoshi,Mr. Scooty,Paper Glider,Azure Roller
Alberto,116021,Orange Yoshi,Mr. Scooty,Paper Glider,Azure Roller
Alberto,115788,Red Yoshi,Mr. Scooty,Paper Glider,Azure Roller
Alberto,115964,Orange Yoshi,Mr. Scooty,Paper Glider,Azure Roller
Vincent,115881,Pink Yoshi,Mr. Scooty,Paper Glider,Azure Roller
Vincent,115867,Pink Yoshi,Mr. Scooty,Paper Glider,Azure Roller
Vincent,115819,Pink Yoshi,Mr. Scooty,Paper Glider,Azure Roller
Alberto,115807,Red Yoshi,Mr. Scooty,Paper Glider,Azure Roller
JenZua,67131,Orange Yoshi,Teddy Buggy,Paper Glider,Azure Roller
JenZua,67129,Orange Yoshi,Teddy Buggy,Paper Glider,Azure Roller
Vincent,115761,Pink Yoshi,Mr. Scooty,Paper Glider,Azure Roller
JenZua,67088,Orange Yoshi,Teddy Buggy,Paper Glider,Azure Roller
SKaR,84121,Champion Link,Cat Cruiser,Paper Glider,Roller
SKaR,83958,Champion Link,Cat Cruiser,Paper Glider,Roller
Alberto,115729,Red Yoshi,Mr. Scooty,Paper Glider,Azure Roller
ぐち,118965,Yoshi,Biddybuggy,Paper Glider,Roller
ヨッシ,115289,Rosalina,Koopa Clown,Paper Glider,Ancient Tires
Panda,72728,Yellow Yoshi,Mr. Scooty,Paper Glider,Azure Roller
F。,103456,Kamek,Teddy Buggy,Paper Glider,Azure Roller
Alberto,118447,Light-blue Yoshi,Biddybuggy,Paper Glider,Azure Roller
Alberto,118424,Light-blue Yoshi,Biddybuggy,Paper Glider,Azure Roller
Alberto,118386,Light-blue Yoshi,Biddybuggy,Paper Glider,Azure Roller
SKaR,84080,Champion Link,Cat Cruiser,Paper Glider,Roller
Alberto,118340,Light-blue Yoshi,Biddybuggy,Paper Glider,Azure Roller
F。,103404,Kamek,Teddy Buggy,Paper Glider,Azure Roller
Alberto,118330,Light-blue Yoshi,Biddybuggy,Paper Glider,Azure Roller
ぐち,118905,Yoshi,Biddybuggy,Paper Glider,Roller
Zae,116845,Light-blue Yoshi,Streetle,Paper Glider,Azure Roller
4laps2win,70369,Pauline,Teddy Buggy,Super Glider,Blue Standard
Miguel,70635,Purple Inkling Boy,Biddybuggy,Paper Glider,Azure Roller
F。,103328,Kamek,Teddy Buggy,Paper Glider,Azure Roller
Alpaco,72711,Birdo (Green),Mr. Scooty,Cloud Glider,Azure Roller
Miguel,70544,Peachette,Biddybuggy,Paper Glider,Azure Roller
Alberto,118302,Light-blue Yoshi,Biddybuggy,Paper Glider,Azure Roller
Alpaco,72687,Red Yoshi,Mr. Scooty,Cloud Glider,Roller
ぐち,118806,Yoshi,Biddybuggy,Paper Glider,Roller
Zae,116810,Light-blue Yoshi,Streetle,Paper Glider,Azure Roller
Zae,116660,Light-blue Yoshi,Streetle,Paper Glider,Azure Roller
Technical,87970,Kamek,Teddy Buggy,Cloud Glider,Roller
Pii,96663,Black Yoshi,Biddybuggy,Cloud Glider,Azure Roller
Vincent,75498,Light-blue Yoshi,Landship,Paper Glider,Azure Roller
SKaR,61717,Black Yoshi,Pipe Frame,Paper Glider,Roller
Alberto,87880,Luigi,Teddy Buggy,Paper Glider,Azure Roller
SKaR,61716,Black Yoshi,Pipe Frame,Paper Glider,Roller
Technical,87944,Kamek,Teddy Buggy,Cloud Glider,Roller
Alberto,87944,Luigi,Teddy Buggy,Paper Glider,Azure Roller
Alberto,87913,Luigi,Teddy Buggy,Paper Glider,Azure Roller
Vincent,115675,Pink Yoshi,Mr. Scooty,Paper Glider,Azure Roller
Vincent,75415,Light-blue Yoshi,Landship,Paper Glider,Azure Roller
SKaR,61710,Black Yoshi,Pipe Frame,Paper Glider,Roller
SKaR,61572,Black Yoshi,Pipe Frame,Paper Glider,Roller
F。,115805,Black Yoshi,Streetle,Paper Glider,Azure Roller
Mirai,85929,Yellow Yoshi,Koopa Clown,Super Glider,Azure Roller
Alberto,87858,Luigi,Teddy Buggy,Paper Glider,Azure Roller
Alberto,87879,Luigi,Teddy Buggy,Paper Glider,Azure Roller
Mirai,85882,Yellow Yoshi,Koopa Clown,Super Glider,Azure Roller
Alberto,87845,Luigi,Teddy Buggy,Paper Glider,Azure Roller
Alberto,87796,Luigi,Teddy Buggy,Paper Glider,Azure Roller
SKaR,61523,Black Yoshi,Pipe Frame,Paper Glider,Roller
SKaR,61489,Black Yoshi,Pipe Frame,Paper Glider,Roller
Vincent,85962,Luigi,Teddy Buggy,Super Glider,Azure Roller
Vincent,85899,Luigi,Teddy Buggy,Super Glider,Azure Roller
Alberto,88709,Heavy Mii Toadette,Teddy Buggy,Paper Glider,Azure Roller
SKaR,61361,Black Yoshi,Pipe Frame,Paper Glider,Roller
Messi,88496,Heavy Mii Dry Bowser,Sport Bike,Super Glider,Metal
Alberto,106904,Red Yoshi,Teddy Buggy,Paper Glider,Azure Roller
SKaR,61953,Light-blue Yoshi,Pipe Frame,Paper Glider,Azure Roller
Bruh,61357,Red Yoshi,Pipe Frame,Parachute,Roller
Alberto,76603,Link,Koopa Clown,Paper Glider,GLA Tires
Army,68517,Tanooki Mario,City Tripper,Paper Glider,Azure Roller
Army,68399,Tanooki Mario,City Tripper,Paper Glider,Azure Roller
Army,68431,Male Villager,City Tripper,Paper Glider,Azure Roller
Army,68428,Purple Inkling Boy,City Tripper,Paper Glider,Azure Roller
Pii,81523,Light-blue Yoshi,Pipe Frame,Cloud Glider,Azure Roller
Albert,81504,Yoshi,Pipe Frame,Super Glider,Roller
Technical,106902,Yoshi,Teddy Buggy,Paper Glider,Roller
Technical,106830,Yoshi,Teddy Buggy,Paper Glider,Roller
Pii,81418,Light-blue Yoshi,Pipe Frame,Cloud Glider,Azure Roller
Vincent,68343,Light-blue Yoshi,Varmint,Paper Glider,Azure Roller
Alberto,75413,Peach,Landship,Paper Glider,Azure Roller
Alberto,75407,Birdo (Light Blue),Landship,Paper Glider,Azure Roller
Alberto,75390,Black Yoshi,Landship,Paper Glider,Azure Roller
Vincent,119258,Pink Yoshi,Teddy Buggy,Paper Glider,Azure Roller
Alberto,75354,Peach,Landship,Paper Glider,Azure Roller
Technical,69411,Dry Bowser,Tanooki Kart,Gold Glider,Crimson Slim
Alberto,75386,Peach,Landship,Paper Glider,Azure Roller
Pii,81237,Light-blue Yoshi,Pipe Frame,Parachute,Azure Roller
Alberto,75337,Peach,Landship,Paper Glider,Azure Roller
Alberto,75323,White Yoshi,Landship,Paper Glider,Azure Roller
F。,87289,Kamek,Teddy Buggy,Paper Glider,Azure Roller
Zae,87220,Luigi,Teddy Buggy,Paper Glider,Azure Roller
Zae,87183,Iggy,Teddy Buggy,Paper Glider,Azure Roller
F。,86992,Kamek,Teddy Buggy,Paper Glider,Azure Roller
Alberto,75320,Peach,Landship,Paper Glider,Azure Roller
Alberto,75302,Peach,Landship,Paper Glider,Azure Roller
Alberto,75292,Peach,Landship,Paper Glider,Azure Roller
Army,68271,Pink Yoshi,Varmint,Parachute,Azure Roller
Army,68203,Pink Yoshi,Varmint,Flower Glider,Azure Roller
Technical,69404,Dry Bowser,Tanooki Kart,Gold Glider,Crimson Slim
Technical,69378,Dry Bowser,Tanooki Kart,Gold Glider,Crimson Slim
JenZua,67067,Red Yoshi,Teddy Buggy,Paper Glider,Azure Roller
JenZua,67010,Red Yoshi,Teddy Buggy,Paper Glider,Azure Roller
Draygo,73323,Birdo (Blue),Biddybuggy,Cloud Glider,Azure Roller
Army,73223,Birdo (Green),Biddybuggy,Flower Glider,Azure Roller
Army,73559,Luigi,Teddy Buggy,Paper Glider,Azure Roller
ゆうっち,91104,Heavy Mii,Koopa Clown,Super Glider,GLA Tires
Army,85875,Luigi,Teddy Buggy,Super Glider,Azure Roller
Pii,72916,Light-blue Yoshi,Pipe Frame,Paper Glider,Azure Roller
エル,106813,Yellow Yoshi,Teddy Buggy,Paper Glider,Azure Roller
¥146,84996,White Yoshi,Mr. Scooty,Paper Glider,Azure Roller
エル,106802,Yellow Yoshi,Teddy Buggy,Paper Glider,Azure Roller
エル,106776,Yellow Yoshi,Teddy Buggy,Paper Glider,Azure Roller
エル,106732,Yellow Yoshi,Teddy Buggy,Paper Glider,Azure Roller
Vincent,119098,Pink Yoshi,Teddy Buggy,Paper Glider,Azure Roller
エル,106697,Yellow Yoshi,Teddy Buggy,Paper Glider,Azure Roller
エル,106665,Yellow Yoshi,Teddy Buggy,Paper Glider,Azure Roller
¥146,84962,White Yoshi,Mr. Scooty,Paper Glider,Azure Roller
もぺち,82860,Light-blue Yoshi,Biddybuggy,Paper Glider,Azure Roller
ラス,111415,Light-blue Yoshi,Teddy Buggy,Paper Glider,Azure Roller
ラス,111397,Light-blue Yoshi,Teddy Buggy,Paper Glider,Azure Roller
Army,76089,Baby Daisy,Biddybuggy,Flower Glider,Leaf Tires
Army,76082,Dry Bones,Biddybuggy,Flower Glider,Leaf Tires
Alberto,105616,White Yoshi,Mr. Scooty,Paper Glider,Azure Roller
Army,76016,Dry Bones,Biddybuggy,Flower Glider,Leaf Tires
Army,75957,Dry Bones,Biddybuggy,Flower Glider,Leaf Tires
SKaR,61336,Light-blue Yoshi,Pipe Frame,Paper Glider,Azure Roller
JenZua,66993,Red Yoshi,Teddy Buggy,Paper Glider,Azure Roller
Bruh,85852,Red Yoshi,Koopa Clown,Super Glider,Roller
Panda,73017,Dry Bones,Mr. Scooty,Paper Glider,Azure Roller
4laps2win,60981,Pauline,Koopa Clown,Waddle Wing,Hot Monster
Panda,72938,Dry Bones,Mr. Scooty,Paper Glider,Azure Roller
4laps2win,60935,Pauline,Koopa Clown,Waddle Wing,Hot Monster
Mirai,85751,Yellow Yoshi,Koopa Clown,Super Glider,Azure Roller
Army,72892,Blue Yoshi,Pipe Frame,Paper Glider,Azure Roller
ゆうっち,91018,Heavy Mii,Koopa Clown,Super Glider,GLA Tires
Mirai,85730,Yellow Yoshi,Koopa Clown,Super Glider,Azure Roller
Army,72843,Pink Yoshi,Pipe Frame,Paper Glider,Azure Roller
Army,72799,Pink Yoshi,Pipe Frame,Paper Glider,Azure Roller
4laps2win,60913,Pauline,Koopa Clown,Waddle Wing,Hot Monster
Mirai,85666,Yellow Yoshi,Koopa Clown,Super Glider,Azure Roller
Mirai,85632,Yellow Yoshi,Koopa Clown,Super Glider,Azure Roller
4laps2win,60905,Pauline,Koopa Clown,Waddle Wing,Hot Monster
Technical,110851,Dry Bowser,Mach 8,Cloud Glider,Slim
4laps2win,60849,Pauline,Koopa Clown,Waddle Wing,Hot Monster
Panda,103117,Yellow Yoshi,Biddybuggy,Paper Glider,Azure Roller
Panda,72952,Dry Bones,Mr. Scooty,Paper Glider,Azure Roller
ぐち,111657,Yoshi,Biddybuggy,Paper Glider,Roller
¥146,111338,White Yoshi,Teddy Buggy,Paper Glider,Azure Roller
Panda,118706,Yellow Yoshi,Biddybuggy,Paper Glider,Azure Roller
Army,72924,Dry Bones,Mr. Scooty,Paper Glider,Azure Roller
Panda,118688,Yellow Yoshi,Biddybuggy,Paper Glider,Azure Roller
JenZua,85051,Red Yoshi,Koopa Clown,Paper Glider,Sponge
ろーる,73803,Luigi,Pipe Frame,Paper Glider,Azure Roller
Panda,118590,Yellow Yoshi,Biddybuggy,Paper Glider,Azure Roller
Panda,118602,Yellow Yoshi,Biddybuggy,Paper Glider,Azure Roller
Army,75323,Pink Yoshi,Varmint,Super Glider,Crimson Slim
Army,75283,Pink Yoshi,Varmint,Super Glider,Crimson Slim
Army,75284,Pink Yoshi,Varmint,Super Glider,Crimson Slim
Army,75222,Pink Yoshi,Varmint,Super Glider,Crimson Slim
Pii,98432,White Yoshi,Biddybuggy,Cloud Glider,Azure Roller
ヨッシ,115274,Champion Link,Koopa Clown,Cloud Glider,Ancient Tires
かたゆ,94174,Yellow Yoshi,Cat Cruiser,Paper Glider,Cushion
Byron,94162,Yoshi,Cat Cruiser,Paper Glider,Cushion
Byron,94126,Purple Inkling Boy,Cat Cruiser,Paper Glider,Cushion
Byron,94124,Male Villager,Cat Cruiser,Paper Glider,Cushion
Army,75155,Pink Yoshi,Varmint,Super Glider,Crimson Slim
ヨッシ,115123,Rosalina,Koopa Clown,Paper Glider,Ancient Tires
Panda,118600,Yellow Yoshi,Biddybuggy,Paper Glider,Azure Roller
Panda,118535,Yellow Yoshi,Biddybuggy,Paper Glider,Azure Roller
Army,75144,Pink Yoshi,Varmint,Super Glider,Crimson Slim
Army,75128,Pink Yoshi,Varmint,Super Glider,Crimson Slim
Army,75115,Pink Yoshi,Varmint,Super Glider,Crimson Slim
James,115245,Orange Yoshi,Streetle,Paper Glider,Ancient Tires
Army,75049,Pink Yoshi,Varmint,Super Glider,Crimson Slim
Panda,103309,Yellow Yoshi,Biddybuggy,Paper Glider,Azure Roller
Panda,103217,Yellow Yoshi,Biddybuggy,Paper Glider,Azure Roller
Byron,94064,Purple Inkling Boy,Cat Cruiser,Paper Glider,Cushion
Alberto,105580,White Yoshi,Mr. Scooty,Paper Glider,Azure Roller
Pii,72771,Blue Yoshi,Pipe Frame,Cloud Glider,Azure Roller
Alberto,105598,White Yoshi,Mr. Scooty,Paper Glider,Azure Roller
Alberto,105574,Birdo (Green),Mr. Scooty,Paper Glider,Azure Roller
Alberto,105573,Birdo (Blue),Mr. Scooty,Paper Glider,Azure Roller
JenZua,85047,Light-blue Yoshi,Koopa Clown,Paper Glider,Sponge
Alberto,105560,Light-blue Yoshi,Mr. Scooty,Paper Glider,Azure Roller
Alberto,105543,Light-blue Yoshi,Mr. Scooty,Paper Glider,Azure Roller
Bruh,85494,Red Yoshi,Koopa Clown,Super Glider,Roller
Alberto,105392,Light-blue Yoshi,Mr. Scooty,Paper Glider,Azure Roller
Alberto,105489,Light-blue Yoshi,Mr. Scooty,Paper Glider,Azure Roller
Alberto,105525,Light-blue Yoshi,Mr. Scooty,Paper Glider,Azure Roller
Zae,104416,White Yoshi,Pipe Frame,Paper Glider,Azure Roller
Erickfree,104408,Blue Yoshi,Pipe Frame,Paper Glider,Azure Roller
Zae,104389,White Yoshi,Pipe Frame,Paper Glider,Azure Roller
Panda,105410,Yellow Yoshi,Biddybuggy,Paper Glider,Azure Roller
Panda,105354,Yellow Yoshi,Biddybuggy,Paper Glider,Azure Roller
JenZua,85010,Orange Yoshi,Koopa Clown,Paper Glider,Sponge
Zae,104114,White Yoshi,Pipe Frame,Paper Glider,Azure Roller
Technical,91433,Luigi,Biddybuggy,Paper Glider,Azure Roller
SKaR,61951,Light-blue Yoshi,Pipe Frame,Paper Glider,Azure Roller
Technical,90995,Funky Kong,Koopa Clown,Super Glider,Standard
Army,98409,Pink Yoshi,Biddybuggy,Paper Glider,Azure Roller
Army,106382,Pink Yoshi,Biddybuggy,Paper Glider,Azure Roller
Panda,105337,Yellow Yoshi,Biddybuggy,Paper Glider,Azure Roller
4laps2win,61931,Peachette,Pipe Frame,Paper Glider,Azure Roller
JenZua,84931,Orange Yoshi,Koopa Clown,Paper Glider,Sponge
JenZua,84632,Orange Yoshi,Biddybuggy,Paper Glider,Azure Roller
F。,105359,Black Yoshi,Mr. Scooty,Paper Glider,Azure Roller
SKaR,61889,Light-blue Yoshi,Pipe Frame,Paper Glider,Azure Roller
SKaR,61928,Light-blue Yoshi,Pipe Frame,Paper Glider,Azure Roller
Zae,74019,Birdo (White),Varmint,Super Glider,Azure Roller
Army,70453,Luigi,Inkstriker,Paper Glider,Azure Roller
Army,70488,Luigi,Inkstriker,Paper Glider,Azure Roller
Army,70523,Kamek,Inkstriker,Paper Glider,Azure Roller
Army,70556,Kamek,Inkstriker,Paper Glider,Azure Roller
superiol,85867,Yoshi,Teddy Buggy,Paper Glider,Azure Roller
Byron,94029,Pink Yoshi,Cat Cruiser,Paper Glider,Cushion
¥146,151330,Wario,Mach 8,Paper Glider,Wood
Vincent,112203,Yellow Yoshi,Biddybuggy,Paper Glider,Azure Roller
Panda,126422,Yellow Yoshi,Mr. Scooty,Paper Glider,Azure Roller
Panda,126693,Yellow Yoshi,Mr. Scooty,Paper Glider,Azure Roller
Panda,126740,Yellow Yoshi,Mr. Scooty,Paper Glider,Azure Roller
Panda,126749,Yellow Yoshi,Mr. Scooty,Paper Glider,Azure Roller
Byron,94047,White Yoshi,Cat Cruiser,Paper Glider,Cushion
Alberto,105183,Light-blue Yoshi,Biddybuggy,Paper Glider,Azure Roller
Panda,105261,Yellow Yoshi,Biddybuggy,Paper Glider,Azure Roller
Panda,126412,Yellow Yoshi,Mr. Scooty,Paper Glider,Azure Roller
Wish,85844,Yoshi,Teddy Buggy,Paper Glider,Azure Roller
Byron,93966,Yoshi,Cat Cruiser,Paper Glider,Cushion
くぜろ,116476,Light-blue Yoshi,Biddybuggy,Paper Glider,Azure Roller
SKaR,61858,Light-blue Yoshi,Pipe Frame,Paper Glider,Azure Roller
Army,72782,Yoshi,Pipe Frame,Paper Glider,Azure Roller
Army,72744,Pink Yoshi,Pipe Frame,Parachute,Azure Roller
Army,72766,Light-blue Yoshi,Pipe Frame,Paper Glider,Azure Roller
Army,72746,Pink Yoshi,Pipe Frame,Parachute,Azure Roller
Army,72732,Pink Yoshi,Pipe Frame,Parachute,Azure Roller
Army,72743,Pink Yoshi,Pipe Frame,Parachute,Azure Roller
Alberto,72723,White Yoshi,Pipe Frame,Cloud Glider,Azure Roller
Alberto,72700,White Yoshi,Pipe Frame,Cloud Glider,Azure Roller
Vincent,112020,Yellow Yoshi,Biddybuggy,Paper Glider,Azure Roller
Vincent,112007,Yellow Yoshi,Biddybuggy,Paper Glider,Azure Roller
Vincent,111955,Yellow Yoshi,Biddybuggy,Paper Glider,Azure Roller
Vincent,111292,Yellow Yoshi,Teddy Buggy,Paper Glider,Azure Roller
SKaR,61818,Light-blue Yoshi,Pipe Frame,Paper Glider,Azure Roller
Army,72755,Blue Yoshi,Pipe Frame,Paper Glider,Azure Roller
Army,72707,Pink Yoshi,Pipe Frame,Paper Glider,Azure Roller
Army,72752,Blue Yoshi,Pipe Frame,Paper Glider,Azure Roller
Alberto,72691,Light-blue Yoshi,Pipe Frame,Parachute,Azure Roller
Army,72734,Pink Yoshi,Pipe Frame,Paper Glider,Azure Roller
Vincent,111173,Yellow Yoshi,Teddy Buggy,Paper Glider,Azure Roller
Alberto,107996,White Yoshi,Mr. Scooty,Paper Glider,Azure Roller
Alberto,64200,Koopa Troopa,Streetle,Paper Glider,Cushion
Army,72658,Pink Yoshi,Pipe Frame,Paper Glider,Azure Roller
ain,111548,Pink Yoshi,Biddybuggy,Paper Glider,Azure Roller
F。,113045,Black Yoshi,Biddybuggy,Paper Glider,Azure Roller
Alberto,109417,Red Yoshi,Biddybuggy,Paper Glider,Azure Roller
ふぐヲ,85831,Light-blue Yoshi,Teddy Buggy,Paper Glider,Azure Roller
Vincent,109339,Yellow Yoshi,Biddybuggy,Paper Glider,Azure Roller
おにぎりザウルス,113453,Blue Yoshi,Biddybuggy,Paper Glider,Azure Roller
おにぎりザウルス,113615,Blue Yoshi,Biddybuggy,Paper Glider,Azure Roller
おにぎりザウルス,113606,Blue Yoshi,Biddybuggy,Paper Glider,Azure Roller
F。,113003,Black Yoshi,Biddybuggy,Paper Glider,Azure Roller
ヨッシ,110835,Heavy Mii Yoshi,Mach 8,Paper Glider,Slim
ゆうっち,90929,Heavy Mii,Koopa Clown,Super Glider,Standard
Alberto,64189,Bowser Jr.,Streetle,Parachute,Cushion
Bruh,83616,Red Yoshi,Landship,Parachute,Roller
JenZua,84937,Orange Yoshi,Biddybuggy,Paper Glider,Azure Roller
L,142430,Tanooki Mario,Streetle,Paper Glider,Azure Roller
Alberto,116594,Red Yoshi,Streetle,Paper Glider,Azure Roller
¥146,151276,Wario,Mach 8,Paper Glider,Wood
F。,115742,Black Yoshi,Streetle,Paper Glider,Azure Roller
Vincent,109367,Yellow Yoshi,Biddybuggy,Paper Glider,Azure Roller
Bruh,83766,Red Yoshi,Landship,Parachute,Roller
Army,72895,Orange Yoshi,Teddy Buggy,Super Glider,Azure Roller
Zae,72844,Luigi,Teddy Buggy,Paper Glider,Azure Roller
Army,72813,Pink Yoshi,Teddy Buggy,Super Glider,Azure Roller
DavidFire,76473,Luigi,Mach 8,Paper Glider,Leaf Tires
Pii,104522,White Yoshi,Biddybuggy,Paper Glider,Azure Roller
Panda,81219,Yellow Yoshi,Varmint,Paper Glider,Azure Roller
ゆうき,113581,Pink Yoshi,Biddybuggy,Paper Glider,Azure Roller
おにぎりザウルス,113540,Blue Yoshi,Biddybuggy,Paper Glider,Azure Roller
おにぎりザウルス,113542,Blue Yoshi,Biddybuggy,Paper Glider,Azure Roller
Pii,104427,White Yoshi,Biddybuggy,Paper Glider,Azure Roller
おにぎりザウルス,113495,Blue Yoshi,Biddybuggy,Paper Glider,Azure Roller
Alberto,104293,Red Yoshi,Biddybuggy,Paper Glider,Azure Roller
Alberto,64178,Koopa Troopa,Streetle,Cloud Glider,Cushion
Alberto,64028,Koopa Troopa,Streetle,Cloud Glider,Cushion
JenZua,84916,Orange Yoshi,Biddybuggy,Paper Glider,Azure Roller
JenZua,84867,Orange Yoshi,Biddybuggy,Paper Glider,Azure Roller
JenZua,84759,Orange Yoshi,Biddybuggy,Paper Glider,Azure Roller
Vincent,109307,Yellow Yoshi,Biddybuggy,Paper Glider,Azure Roller
Vincent,109279,Yellow Yoshi,Biddybuggy,Paper Glider,Azure Roller
おにぎりザウルス,113592,Pink Yoshi,Biddybuggy,Paper Glider,Azure Roller
Alberto,104242,Light-blue Yoshi,Biddybuggy,Paper Glider,Azure Roller
くぜろ,116406,Light-blue Yoshi,Biddybuggy,Paper Glider,Azure Roller
Alpaco,72599,Yoshi,Mr. Scooty,Cloud Glider,Azure Roller
おにぎりザウルス,113474,Blue Yoshi,Biddybuggy,Paper Glider,Azure Roller
Panda,81169,Yellow Yoshi,Varmint,Paper Glider,Azure Roller
Vincent,115628,Yellow Yoshi,Teddy Buggy,Paper Glider,Azure Roller
Vincent,96504,Yellow Yoshi,Biddybuggy,Paper Glider,Azure Roller
ふぐヲ,85818,Yoshi,Teddy Buggy,Paper Glider,Azure Roller
ふぐヲ,85752,Blue Yoshi,Teddy Buggy,Paper Glider,Azure Roller
おにぎりザウルス,113396,Blue Yoshi,Biddybuggy,Paper Glider,Azure Roller
Technical,80760,Yoshi,Biddybuggy,Paper Glider,Roller
Technical,80752,Yoshi,Biddybuggy,Paper Glider,Roller
Alberto,76441,Kamek,Mach 8,Paper Glider,Leaf Tires
おにぎりザウルス,113348,Blue Yoshi,Biddybuggy,Paper Glider,Azure Roller
Technical,80749,Yoshi,Biddybuggy,Paper Glider,Roller
ヨッシ,110817,Heavy Mii Ice Cream,Mach 8,Cloud Glider,Slim
Vincent,115582,Yellow Yoshi,Teddy Buggy,Paper Glider,Azure Roller
Technical,80698,Yoshi,Biddybuggy,Paper Glider,Roller
ヨッシ,110740,Heavy Mii Ice Cream,Mach 8,Paper Glider,Slim
Pii,81095,White Yoshi,Pipe Frame,Cloud Glider,Azure Roller
Alberto,76455,Luigi,Mach 8,Paper Glider,Leaf Tires
Alberto,76321,Kamek,Mach 8,Paper Glider,Leaf Tires
おにぎりザウルス,113323,Blue Yoshi,Biddybuggy,Paper Glider,Azure Roller
ヨッシ,110678,Heavy Mii Dolphin,Mach 8,Paper Glider,Slim
ゆうっち,90865,Heavy Mii,Koopa Clown,Super Glider,Standard
Vincent,101187,Yellow Yoshi,Mr. Scooty,Paper Glider,Azure Roller
Vincent,101072,Yellow Yoshi,Mr. Scooty,Paper Glider,Azure Roller
Pii,84857,Heavy Mii Wario,Mach 8,Gold Glider,Crimson Slim
Alberto,84813,Funky Kong,Mach 8,Gold Glider,Crimson Slim
Acty,112427,Daisy,Teddy Buggy,Paper Glider,Azure Roller
Alberto,76262,Luigi,Mach 8,Paper Glider,Leaf Tires
Alberto,61785,Yellow Yoshi,Pipe Frame,Bowser Kite,Azure Roller
Wish,85722,Peach,Teddy Buggy,Bowser Kite,Azure Roller
JenZua,82354,Luigi,Varmint,Paper Glider,Azure Roller
Vincent,85863,King Boo,Teddy Buggy,Super Glider,Azure Roller
JenZua,82327,Luigi,Varmint,Paper Glider,Azure Roller
JenZua,82352,Luigi,Varmint,Paper Glider,Azure Roller
Alberto,70430,Luigi,Inkstriker,Paper Glider,Azure Roller
Vincent,85790,King Boo,Teddy Buggy,Super Glider,Azure Roller
Pii,84805,Heavy Mii Wario,Mach 8,Gold Glider,Crimson Slim
おにぎりザウルス,113208,Light-blue Yoshi,Biddybuggy,Paper Glider,Roller
Technical,81768,Luigi,Teddy Buggy,Super Glider,Slim
JenZua,82318,Luigi,Varmint,Paper Glider,Azure Roller
JenZua,82286,Luigi,Varmint,Paper Glider,Azure Roller
JenZua,82279,Luigi,Varmint,Paper Glider,Azure Roller
Dynasteel,76222,Luigi,Mach 8,Paper Glider,Leaf Tires
F。,105474,Black Yoshi,Mr. Scooty,Paper Glider,Azure Roller
Alberto,112366,Yoshi,Biddybuggy,Paper Glider,Azure Roller
Alberto,112094,Red Yoshi,Biddybuggy,Paper Glider,Azure Roller
Alberto,112241,Red Yoshi,Biddybuggy,Paper Glider,Azure Roller
Alberto,112233,Red Yoshi,Biddybuggy,Paper Glider,Azure Roller
Alberto,112117,Red Yoshi,Biddybuggy,Paper Glider,Azure Roller
Alberto,111830,Red Yoshi,Biddybuggy,Paper Glider,Azure Roller
Alberto,76162,Luigi,Mach 8,Paper Glider,Leaf Tires
StervtL,109981,Pink Yoshi,Teddy Buggy,Paper Glider,Azure Roller
StervtL,109947,Pink Yoshi,Teddy Buggy,Paper Glider,Azure Roller
StervtL,109975,Pink Yoshi,Teddy Buggy,Paper Glider,Azure Roller
ゆず,72049,Wario,Sport Bike,Gold Glider,Metal
Alberto,82271,Luigi,Varmint,Paper Glider,Azure Roller
Alberto,82248,Kamek,Varmint,Paper Glider,Azure Roller
StervtL,109957,Pink Yoshi,Teddy Buggy,Paper Glider,Azure Roller
F。,94720,Black Yoshi,Biddybuggy,Paper Glider,Azure Roller
Alberto,85951,Light-blue Yoshi,Biddybuggy,Paper Glider,Azure Roller
おにぎりザウルス,113306,Blue Yoshi,Biddybuggy,Paper Glider,Azure Roller
Pii,84704,Heavy Mii Dry Bowser,Mach 8,Plane Glider,Crimson Slim
F。,94705,Black Yoshi,Biddybuggy,Paper Glider,Azure Roller
Flare,114768,Pink Yoshi,Streetle,Paper Glider,Sponge
Zae,103865,Pink Yoshi,Pipe Frame,Paper Glider,Azure Roller
F。,94622,Black Yoshi,Biddybuggy,Paper Glider,Azure Roller
くぜろ,109911,Light-blue Yoshi,Teddy Buggy,Paper Glider,Azure Roller
F。,94512,Black Yoshi,Biddybuggy,Paper Glider,Azure Roller
YUTM,114765,Blue Yoshi,Streetle,Paper Glider,Sponge
Technical,59349,Yoshi,Biddybuggy,Paper Glider,Button
Technical,59301,Yoshi,Biddybuggy,Paper Glider,Button
kaimin,119566,White Yoshi,Streetle,Paper Glider,Roller
くぜろ,109873,Light-blue Yoshi,Teddy Buggy,Paper Glider,Azure Roller
kisaragi,119406,Blue Yoshi,Streetle,Paper Glider,Azure Roller
Alberto,76658,Rosalina,Koopa Clown,Paper Glider,GLA Tires
Technical,59298,Yoshi,Biddybuggy,Paper Glider,Button
Technical,59242,Yoshi,Biddybuggy,Paper Glider,Button
くぜろ,109843,Light-blue Yoshi,Teddy Buggy,Paper Glider,Azure Roller
Technical,59206,Yoshi,Biddybuggy,Paper Glider,Button
Alberto,76628,Champion Link,Koopa Clown,Paper Glider,GLA Tires
Munch,105402,Daisy,Yoshi Bike,Paper Glider,Azure Roller
Alberto,76585,Link,Koopa Clown,Paper Glider,GLA Tires
Technical,59215,Yoshi,Biddybuggy,Paper Glider,Button
Technical,59086,Yoshi,Biddybuggy,Paper Glider,Button
Ryan,105369,Peachette,Yoshi Bike,Paper Glider,Azure Roller
Alberto,59082,Yellow Yoshi,Biddybuggy,Flower Glider,Button
Alberto,59067,Light-blue Yoshi,Biddybuggy,Parachute,Button
Alberto,59076,Light-blue Yoshi,Biddybuggy,Parachute,Button
そーなのかー,60354,Heavy Mii,Mach 8,Paper Glider,Crimson Slim
Pii,59053,White Yoshi,Biddybuggy,Cloud Glider,Button
Alberto,59043,Light-blue Yoshi,Biddybuggy,Parachute,Button
ふぐヲ,85693,Light-blue Yoshi,Teddy Buggy,Paper Glider,Azure Roller
F。,100543,Black Yoshi,Biddybuggy,Paper Glider,Azure Roller
F。,100535,Black Yoshi,Biddybuggy,Paper Glider,Azure Roller
F。,100493,Black Yoshi,Biddybuggy,Paper Glider,Azure Roller
F。,100453,Black Yoshi,Biddybuggy,Paper Glider,Azure Roller
Technical,76944,Yoshi,Teddy Buggy,Paper Glider,Roller
F。,100269,Black Yoshi,Biddybuggy,Paper Glider,Azure Roller
Vincent,107988,Pink Yoshi,Mr. Scooty,Cloud Glider,Azure Roller
Braydon,90496,Daisy,Pipe Frame,Parachute,Azure Roller
YUTM,114617,Blue Yoshi,Streetle,Paper Glider,Sponge
Alberto,74830,Baby Daisy,Mr. Scooty,Paper Glider,Azure Roller
Technical,76805,Yoshi,Teddy Buggy,Paper Glider,Roller
Vincent,107975,Pink Yoshi,Mr. Scooty,Cloud Glider,Azure Roller
Vincent,107865,Red Yoshi,Mr. Scooty,Paper Glider,Azure Roller
Vincent,107708,Light-blue Yoshi,Mr. Scooty,Paper Glider,Azure Roller
Vincent,90325,Yellow Yoshi,Pipe Frame,Paper Glider,Azure Roller
JenZua,61510,Orange Yoshi,Teddy Buggy,Paper Glider,Azure Roller
Army,76724,Light-blue Yoshi,Teddy Buggy,Paper Glider,Azure Roller
Army,76667,Light-blue Yoshi,Teddy Buggy,Paper Glider,Azure Roller
Army,76652,Light-blue Yoshi,Teddy Buggy,Paper Glider,Azure Roller
Vincent,76033,Luigi,Teddy Buggy,Super Glider,Crimson Slim
Army,76785,Light-blue Yoshi,Teddy Buggy,Paper Glider,Azure Roller
F。,112980,Black Yoshi,Biddybuggy,Paper Glider,Azure Roller
Vincent,76004,Luigi,Teddy Buggy,Super Glider,Crimson Slim
